CREATE DATABASE  IF NOT EXISTS `foodfire2` /*!40100 DEFAULT CHARACTER SET latin1 */;
USE `foodfire2`;
-- MySQL dump 10.13  Distrib 5.7.17, for macos10.12 (x86_64)
--
-- Host: 127.0.0.1    Database: foodfire2
-- ------------------------------------------------------
-- Server version	5.7.12

/*!40101 SET @OLD_CHARACTER_SET_CLIENT=@@CHARACTER_SET_CLIENT */;
/*!40101 SET @OLD_CHARACTER_SET_RESULTS=@@CHARACTER_SET_RESULTS */;
/*!40101 SET @OLD_COLLATION_CONNECTION=@@COLLATION_CONNECTION */;
/*!40101 SET NAMES utf8 */;
/*!40103 SET @OLD_TIME_ZONE=@@TIME_ZONE */;
/*!40103 SET TIME_ZONE='+00:00' */;
/*!40014 SET @OLD_UNIQUE_CHECKS=@@UNIQUE_CHECKS, UNIQUE_CHECKS=0 */;
/*!40014 SET @OLD_FOREIGN_KEY_CHECKS=@@FOREIGN_KEY_CHECKS, FOREIGN_KEY_CHECKS=0 */;
/*!40101 SET @OLD_SQL_MODE=@@SQL_MODE, SQL_MODE='NO_AUTO_VALUE_ON_ZERO' */;
/*!40111 SET @OLD_SQL_NOTES=@@SQL_NOTES, SQL_NOTES=0 */;

--
-- Table structure for table `cart`
--

DROP TABLE IF EXISTS `cart`;
/*!40101 SET @saved_cs_client     = @@character_set_client */;
/*!40101 SET character_set_client = utf8 */;
CREATE TABLE `cart` (
  `cusunkid` int(11) NOT NULL,
  `itemid` int(11) NOT NULL,
  `qty` int(11) NOT NULL,
  `food_taste` varchar(45) NOT NULL,
  `food_diet` varchar(45) NOT NULL,
  `extra` mediumtext,
  `createdAt` timestamp NULL DEFAULT CURRENT_TIMESTAMP,
  `updatedAt` timestamp NULL DEFAULT CURRENT_TIMESTAMP,
  KEY `cart_cus_idx` (`cusunkid`),
  KEY `cart_item_idx` (`itemid`),
  CONSTRAINT `cart_cus` FOREIGN KEY (`cusunkid`) REFERENCES `cus` (`cusunkid`) ON DELETE NO ACTION ON UPDATE NO ACTION,
  CONSTRAINT `cart_item` FOREIGN KEY (`itemid`) REFERENCES `items` (`id`) ON DELETE NO ACTION ON UPDATE NO ACTION
) ENGINE=InnoDB DEFAULT CHARSET=latin1;
/*!40101 SET character_set_client = @saved_cs_client */;

--
-- Dumping data for table `cart`
--

LOCK TABLES `cart` WRITE;
/*!40000 ALTER TABLE `cart` DISABLE KEYS */;
INSERT INTO `cart` VALUES (500000014,10,1,'Medium','Vegetarian','','2018-03-11 04:24:11','2018-03-11 04:25:36'),(500000029,16,1,'Medium','Vegetarian','','2018-03-11 04:24:11','2018-03-11 04:25:36'),(500000036,10,1,'Medium','Vegetarian','','2018-03-11 04:24:11','2018-03-11 04:25:36'),(500000036,22,1,'Medium','Vegetarian','','2018-03-11 04:24:11','2018-03-11 04:25:36'),(500000037,29,1,'Medium','Vegetarian','','2018-03-11 04:24:11','2018-03-11 04:25:36'),(500000024,10,1,'Medium','Vegetarian','','2018-03-11 04:24:11','2018-03-11 04:25:36'),(500000024,3,1,'Medium','Vegetarian','','2018-03-11 04:24:11','2018-03-11 04:25:36'),(500000014,13,1,'Medium','Vegetarian','','2018-03-11 04:24:11','2018-03-11 04:25:36'),(500000024,16,1,'Medium','Vegetarian','','2018-03-11 04:24:11','2018-03-11 04:25:36'),(500000024,26,1,'Medium','Vegetarian','','2018-03-11 04:24:11','2018-03-11 04:25:36'),(500000014,21,1,'Medium','Vegetarian','','2018-03-11 04:24:11','2018-03-11 04:25:36');
/*!40000 ALTER TABLE `cart` ENABLE KEYS */;
UNLOCK TABLES;

--
-- Table structure for table `cf_area`
--

DROP TABLE IF EXISTS `cf_area`;
/*!40101 SET @saved_cs_client     = @@character_set_client */;
/*!40101 SET character_set_client = utf8 */;
CREATE TABLE `cf_area` (
  `areaunkid` int(11) NOT NULL,
  `cityunkid` int(11) NOT NULL,
  `area_name` varchar(100) NOT NULL,
  `createdAt` timestamp NULL DEFAULT CURRENT_TIMESTAMP,
  `updatedAt` timestamp NULL DEFAULT CURRENT_TIMESTAMP,
  PRIMARY KEY (`areaunkid`),
  KEY `city_area_idx` (`cityunkid`),
  CONSTRAINT `city_area` FOREIGN KEY (`cityunkid`) REFERENCES `cf_city` (`cityunkid`) ON DELETE NO ACTION ON UPDATE NO ACTION
) ENGINE=InnoDB DEFAULT CHARSET=latin1;
/*!40101 SET character_set_client = @saved_cs_client */;

--
-- Dumping data for table `cf_area`
--

LOCK TABLES `cf_area` WRITE;
/*!40000 ALTER TABLE `cf_area` DISABLE KEYS */;
INSERT INTO `cf_area` VALUES (500000001,500000001,'Nana Bazar','2018-03-11 04:26:00','2018-03-11 04:26:11'),(500000002,500000001,'Mota Bazar','2018-03-11 04:26:00','2018-03-11 04:26:11'),(500000003,500000001,'Janta','2018-03-11 04:26:00','2018-03-11 04:26:11'),(500000004,500000001,'Hari Om Nagar','2018-03-11 04:26:00','2018-03-11 04:26:11'),(500000005,500000001,'Town Hall','2018-03-11 04:26:00','2018-03-11 04:26:11'),(500000006,500000001,'Anand Vidyanagar Road','2018-03-11 04:26:00','2018-03-11 04:26:11');
/*!40000 ALTER TABLE `cf_area` ENABLE KEYS */;
UNLOCK TABLES;

--
-- Table structure for table `cf_category`
--

DROP TABLE IF EXISTS `cf_category`;
/*!40101 SET @saved_cs_client     = @@character_set_client */;
/*!40101 SET character_set_client = utf8 */;
CREATE TABLE `cf_category` (
  `categoryunkid` int(11) NOT NULL,
  `name` varchar(255) DEFAULT NULL,
  `parent_categoryunkid` int(11) DEFAULT NULL,
  `createdAt` timestamp NULL DEFAULT CURRENT_TIMESTAMP,
  `updatedAt` timestamp NULL DEFAULT CURRENT_TIMESTAMP,
  PRIMARY KEY (`categoryunkid`),
  KEY `parentid_idx` (`parent_categoryunkid`),
  CONSTRAINT `parentid` FOREIGN KEY (`parent_categoryunkid`) REFERENCES `cf_category` (`categoryunkid`) ON DELETE NO ACTION ON UPDATE NO ACTION
) ENGINE=InnoDB DEFAULT CHARSET=latin1;
/*!40101 SET character_set_client = @saved_cs_client */;

--
-- Dumping data for table `cf_category`
--

LOCK TABLES `cf_category` WRITE;
/*!40000 ALTER TABLE `cf_category` DISABLE KEYS */;
INSERT INTO `cf_category` VALUES (500000001,'Punjabi',NULL,'2018-03-11 04:29:36','2018-03-11 04:29:36'),(500000002,'Chinese',NULL,'2018-03-11 04:29:36','2018-03-11 04:29:36'),(500000003,'Papad',NULL,'2018-03-11 04:29:36','2018-03-11 04:29:36'),(500000004,'Starters',NULL,'2018-03-11 04:29:36','2018-03-11 04:29:36'),(500000005,'Sandwiches',NULL,'2018-03-11 04:29:36','2018-03-11 04:29:36'),(500000006,'South Indian',NULL,'2018-03-11 04:29:36','2018-03-11 04:29:36'),(500000007,'Main Course',NULL,'2018-03-11 04:29:36','2018-03-11 04:29:36'),(500000008,'Paneer',500000007,'2018-03-11 04:29:36','2018-03-11 04:29:36'),(500000009,'Veg.',500000007,'2018-03-11 04:29:36','2018-03-11 04:29:36'),(500000010,'Rice & Pulao',NULL,'2018-03-11 04:29:36','2018-03-11 04:29:36'),(500000011,'Dal',NULL,'2018-03-11 04:29:36','2018-03-11 04:29:36');
/*!40000 ALTER TABLE `cf_category` ENABLE KEYS */;
UNLOCK TABLES;

--
-- Table structure for table `cf_category_sequence`
--

DROP TABLE IF EXISTS `cf_category_sequence`;
/*!40101 SET @saved_cs_client     = @@character_set_client */;
/*!40101 SET character_set_client = utf8 */;
CREATE TABLE `cf_category_sequence` (
  `sequenceunkid` int(11) NOT NULL AUTO_INCREMENT,
  `categoryunkid` int(11) NOT NULL,
  `vendorunkid` int(11) NOT NULL,
  `sequence` int(11) NOT NULL,
  PRIMARY KEY (`sequenceunkid`),
  KEY `category_idx` (`categoryunkid`),
  KEY `vendor_idx` (`vendorunkid`),
  CONSTRAINT `category` FOREIGN KEY (`categoryunkid`) REFERENCES `cf_category` (`categoryunkid`) ON DELETE NO ACTION ON UPDATE NO ACTION,
  CONSTRAINT `vendor` FOREIGN KEY (`vendorunkid`) REFERENCES `vendor` (`vendorunkid`) ON DELETE NO ACTION ON UPDATE NO ACTION
) ENGINE=InnoDB AUTO_INCREMENT=5 DEFAULT CHARSET=latin1;
/*!40101 SET character_set_client = @saved_cs_client */;

--
-- Dumping data for table `cf_category_sequence`
--

LOCK TABLES `cf_category_sequence` WRITE;
/*!40000 ALTER TABLE `cf_category_sequence` DISABLE KEYS */;
INSERT INTO `cf_category_sequence` VALUES (1,500000002,500000002,2),(2,500000001,500000002,3),(3,500000006,500000002,4),(4,500000004,500000002,1);
/*!40000 ALTER TABLE `cf_category_sequence` ENABLE KEYS */;
UNLOCK TABLES;

--
-- Table structure for table `cf_city`
--

DROP TABLE IF EXISTS `cf_city`;
/*!40101 SET @saved_cs_client     = @@character_set_client */;
/*!40101 SET character_set_client = utf8 */;
CREATE TABLE `cf_city` (
  `cityunkid` int(11) NOT NULL,
  `stateunkid` int(11) NOT NULL,
  `city_name` varchar(45) NOT NULL,
  `createdAt` timestamp NULL DEFAULT CURRENT_TIMESTAMP,
  `updatedAt` timestamp NULL DEFAULT CURRENT_TIMESTAMP,
  PRIMARY KEY (`cityunkid`),
  KEY `city_state_idx` (`stateunkid`),
  CONSTRAINT `city_state` FOREIGN KEY (`stateunkid`) REFERENCES `cf_state` (`stateunkid`) ON DELETE NO ACTION ON UPDATE NO ACTION
) ENGINE=InnoDB DEFAULT CHARSET=latin1;
/*!40101 SET character_set_client = @saved_cs_client */;

--
-- Dumping data for table `cf_city`
--

LOCK TABLES `cf_city` WRITE;
/*!40000 ALTER TABLE `cf_city` DISABLE KEYS */;
INSERT INTO `cf_city` VALUES (500000001,500000001,'Anand','2018-03-11 04:30:06','2018-03-11 04:30:06');
/*!40000 ALTER TABLE `cf_city` ENABLE KEYS */;
UNLOCK TABLES;

--
-- Table structure for table `cf_country`
--

DROP TABLE IF EXISTS `cf_country`;
/*!40101 SET @saved_cs_client     = @@character_set_client */;
/*!40101 SET character_set_client = utf8 */;
CREATE TABLE `cf_country` (
  `countryunkid` int(11) NOT NULL,
  `country_name` varchar(45) NOT NULL,
  `createdAt` timestamp NULL DEFAULT CURRENT_TIMESTAMP,
  `updatedAt` timestamp NULL DEFAULT CURRENT_TIMESTAMP,
  PRIMARY KEY (`countryunkid`)
) ENGINE=InnoDB DEFAULT CHARSET=latin1;
/*!40101 SET character_set_client = @saved_cs_client */;

--
-- Dumping data for table `cf_country`
--

LOCK TABLES `cf_country` WRITE;
/*!40000 ALTER TABLE `cf_country` DISABLE KEYS */;
INSERT INTO `cf_country` VALUES (500000001,'India','2018-03-11 04:30:17','2018-03-11 04:30:17');
/*!40000 ALTER TABLE `cf_country` ENABLE KEYS */;
UNLOCK TABLES;

--
-- Table structure for table `cf_data`
--

DROP TABLE IF EXISTS `cf_data`;
/*!40101 SET @saved_cs_client     = @@character_set_client */;
/*!40101 SET character_set_client = utf8 */;
CREATE TABLE `cf_data` (
  `code_id` int(11) NOT NULL,
  `col` varchar(50) DEFAULT NULL,
  `code` longtext,
  `createdAt` timestamp NULL DEFAULT CURRENT_TIMESTAMP,
  `updatedAt` timestamp NULL DEFAULT CURRENT_TIMESTAMP,
  PRIMARY KEY (`code_id`)
) ENGINE=InnoDB DEFAULT CHARSET=latin1;
/*!40101 SET character_set_client = @saved_cs_client */;

--
-- Dumping data for table `cf_data`
--

LOCK TABLES `cf_data` WRITE;
/*!40000 ALTER TABLE `cf_data` DISABLE KEYS */;
INSERT INTO `cf_data` VALUES (20001,'lg','<center>\n			<ul class=\"list-inline\">\n				<li class=\"recipe-round\"><div class=\"recipe-inner-round\"><img class=\"recipe-inner-round recipe-round1\" src=\"images/food/punjabi.jpg\"></div></li>\n				<li class=\"recipe-round\"><div class=\"recipe-inner-round\"><img class=\"recipe-inner-round recipe-round2\" src=\"images/food/happy-birthday-cake.jpg\"></div></li>\n				<li class=\"recipe-round\"><div class=\"recipe-inner-round\"><img class=\"recipe-inner-round recipe-round3\" src=\"images/food/shutterstock_84904912.jpg\"></div></li>\n				<li class=\"recipe-round recipe-round-active\"><div class=\"recipe-inner-round\"><img class=\"recipe-inner-round recipe-round4\" src=\"images/food/appetizers_03.jpg\"></div></li>\n				<li class=\"recipe-round\"><div class=\"recipe-inner-round\"><img class=\"recipe-inner-round recipe-round6\" src=\"images/food/Hakka-Noodles-Recipe.jpg\"></div></li>\n				<li class=\"recipe-round\"><div class=\"recipe-inner-round\"><img class=\"recipe-inner-round recipe-round5\" src=\"images/food/south_indian.jpg\"></div></li>\n				<li class=\"recipe-round\"><div class=\"recipe-inner-round\"><img class=\"recipe-inner-round recipe-round7\" src=\"images/food/mexican.jpg\"></div></li>\n			</ul>\n		</center>','2018-03-11 04:34:09','2018-03-11 04:34:09');
/*!40000 ALTER TABLE `cf_data` ENABLE KEYS */;
UNLOCK TABLES;

--
-- Table structure for table `cf_items`
--

DROP TABLE IF EXISTS `cf_items`;
/*!40101 SET @saved_cs_client     = @@character_set_client */;
/*!40101 SET character_set_client = utf8 */;
CREATE TABLE `cf_items` (
  `itemunkid` int(11) NOT NULL,
  `categoryunkid` int(11) NOT NULL,
  `name` varchar(255) NOT NULL,
  `description` longtext,
  `createdAt` timestamp NULL DEFAULT CURRENT_TIMESTAMP,
  `updatedAt` timestamp NULL DEFAULT CURRENT_TIMESTAMP,
  PRIMARY KEY (`itemunkid`),
  KEY `hascategory_idx` (`categoryunkid`),
  CONSTRAINT `hascategory` FOREIGN KEY (`categoryunkid`) REFERENCES `cf_category` (`categoryunkid`) ON DELETE NO ACTION ON UPDATE NO ACTION
) ENGINE=InnoDB DEFAULT CHARSET=latin1;
/*!40101 SET character_set_client = @saved_cs_client */;

--
-- Dumping data for table `cf_items`
--

LOCK TABLES `cf_items` WRITE;
/*!40000 ALTER TABLE `cf_items` DISABLE KEYS */;
INSERT INTO `cf_items` VALUES (500000001,500000001,'Cheese Butter Masala',NULL,'2018-03-11 04:34:09','2018-03-11 04:34:09'),(500000002,500000002,'Cream Of Tomato Soup',NULL,'2018-03-11 04:34:09','2018-03-11 04:34:09'),(500000003,500000001,'Paneer Tawa Masala',NULL,'2018-03-11 04:34:09','2018-03-11 04:34:09'),(500000004,500000001,'Paneer Tufani',NULL,'2018-03-11 04:34:09','2018-03-11 04:34:09'),(500000005,500000002,'Veg. Manchaw Soup',NULL,'2018-03-11 04:34:09','2018-03-11 04:34:09'),(500000006,500000002,'Veg. Hot & Sour Soup',NULL,'2018-03-11 04:34:09','2018-03-11 04:34:09'),(500000007,500000002,'Veg. Sweet Corn Soup',NULL,'2018-03-11 04:34:09','2018-03-11 04:34:09'),(500000008,500000002,'Cream Of Vegetable Soup',NULL,'2018-03-11 04:34:09','2018-03-11 04:34:09'),(500000009,500000004,'Veg. Spring Roll',NULL,'2018-03-11 04:34:09','2018-03-11 04:34:09'),(500000010,500000004,'Veg. Lollypop',NULL,'2018-03-11 04:34:09','2018-03-11 04:34:09'),(500000011,500000004,'Veg. Manchurian Dry',NULL,'2018-03-11 04:34:09','2018-03-11 04:34:09'),(500000012,500000004,'Paneer Tikka Dry',NULL,'2018-03-11 04:34:09','2018-03-11 04:34:09'),(500000013,500000004,'Hara Bhara Kabab',NULL,'2018-03-11 04:34:09','2018-03-11 04:34:09'),(500000014,500000004,'Paneer Manchurian Dry',NULL,'2018-03-11 04:34:09','2018-03-11 04:34:09'),(500000015,500000004,'Paneer 65 Dry',NULL,'2018-03-11 04:34:09','2018-03-11 04:34:09'),(500000016,500000006,'Idli Sambhar',NULL,'2018-03-11 04:34:09','2018-03-11 04:34:09'),(500000017,500000006,'Vada Sambhar',NULL,'2018-03-11 04:34:09','2018-03-11 04:34:09'),(500000018,500000006,'Sada Dosa',NULL,'2018-03-11 04:34:09','2018-03-11 04:34:09'),(500000019,500000006,'Masala Dosa',NULL,'2018-03-11 04:34:09','2018-03-11 04:34:09'),(500000020,500000006,'Masala Uttapam',NULL,'2018-03-11 04:34:09','2018-03-11 04:34:09'),(500000021,500000006,'Tomato Uttapam',NULL,'2018-03-11 04:34:09','2018-03-11 04:34:09'),(500000022,500000006,'Dahi Vada',NULL,'2018-03-11 04:34:09','2018-03-11 04:34:09'),(500000023,500000006,'Butter Idli',NULL,'2018-03-11 04:34:09','2018-03-11 04:34:09'),(500000024,500000006,'Cheese Sada Dosa',NULL,'2018-03-11 04:34:09','2018-03-11 04:34:09'),(500000025,500000006,'Paneer Sada Dosa',NULL,'2018-03-11 04:34:09','2018-03-11 04:34:09'),(500000026,500000009,'Suki Bhaji',NULL,'2018-03-11 04:34:09','2018-03-11 04:34:09'),(500000027,500000009,'Corn Palak',NULL,'2018-03-11 04:34:09','2018-03-11 04:34:09'),(500000028,500000009,'Palak Masala',NULL,'2018-03-11 04:34:09','2018-03-11 04:34:09');
/*!40000 ALTER TABLE `cf_items` ENABLE KEYS */;
UNLOCK TABLES;

--
-- Table structure for table `cf_payment`
--

DROP TABLE IF EXISTS `cf_payment`;
/*!40101 SET @saved_cs_client     = @@character_set_client */;
/*!40101 SET character_set_client = utf8 */;
CREATE TABLE `cf_payment` (
  `paymentunkid` int(11) NOT NULL,
  `paymentname` varchar(45) NOT NULL,
  `createdAt` timestamp NULL DEFAULT CURRENT_TIMESTAMP,
  `updatedAt` timestamp NULL DEFAULT CURRENT_TIMESTAMP,
  PRIMARY KEY (`paymentunkid`)
) ENGINE=InnoDB DEFAULT CHARSET=latin1;
/*!40101 SET character_set_client = @saved_cs_client */;

--
-- Dumping data for table `cf_payment`
--

LOCK TABLES `cf_payment` WRITE;
/*!40000 ALTER TABLE `cf_payment` DISABLE KEYS */;
INSERT INTO `cf_payment` VALUES (1,'Cash On Delivery','2018-03-11 04:34:09','2018-03-11 04:34:09');
/*!40000 ALTER TABLE `cf_payment` ENABLE KEYS */;
UNLOCK TABLES;

--
-- Table structure for table `cf_state`
--

DROP TABLE IF EXISTS `cf_state`;
/*!40101 SET @saved_cs_client     = @@character_set_client */;
/*!40101 SET character_set_client = utf8 */;
CREATE TABLE `cf_state` (
  `stateunkid` int(11) NOT NULL,
  `countryunkid` int(11) NOT NULL,
  `state_name` varchar(45) NOT NULL,
  `createdAt` timestamp NULL DEFAULT CURRENT_TIMESTAMP,
  `updatedAt` timestamp NULL DEFAULT CURRENT_TIMESTAMP,
  PRIMARY KEY (`stateunkid`),
  KEY `state_country_idx` (`countryunkid`),
  CONSTRAINT `state_country` FOREIGN KEY (`countryunkid`) REFERENCES `cf_country` (`countryunkid`) ON DELETE NO ACTION ON UPDATE NO ACTION
) ENGINE=InnoDB DEFAULT CHARSET=latin1;
/*!40101 SET character_set_client = @saved_cs_client */;

--
-- Dumping data for table `cf_state`
--

LOCK TABLES `cf_state` WRITE;
/*!40000 ALTER TABLE `cf_state` DISABLE KEYS */;
INSERT INTO `cf_state` VALUES (500000001,500000001,'Gujarat','2018-03-11 04:34:09','2018-03-11 04:34:09');
/*!40000 ALTER TABLE `cf_state` ENABLE KEYS */;
UNLOCK TABLES;

--
-- Table structure for table `cus`
--

DROP TABLE IF EXISTS `cus`;
/*!40101 SET @saved_cs_client     = @@character_set_client */;
/*!40101 SET character_set_client = utf8 */;
CREATE TABLE `cus` (
  `cusunkid` int(255) NOT NULL,
  `username` varchar(45) DEFAULT NULL,
  `email` varchar(250) DEFAULT NULL,
  `contact` varchar(45) DEFAULT NULL,
  `gender` varchar(45) DEFAULT NULL,
  `birthday` date DEFAULT NULL,
  `userimg` mediumtext,
  `password` longtext,
  `remember_token` varchar(255) DEFAULT NULL,
  `conf` varchar(45) DEFAULT NULL,
  `confirmed` int(1) NOT NULL DEFAULT '0',
  `type` varchar(10) NOT NULL DEFAULT 'cus',
  `vendorunkid` int(255) DEFAULT NULL,
  `createdAt` timestamp NULL DEFAULT CURRENT_TIMESTAMP,
  `updatedAt` timestamp NULL DEFAULT CURRENT_TIMESTAMP,
  PRIMARY KEY (`cusunkid`),
  UNIQUE KEY `email_type` (`email`,`type`),
  KEY `mayvendor_idx` (`vendorunkid`),
  CONSTRAINT `mayvendor` FOREIGN KEY (`vendorunkid`) REFERENCES `vendor` (`vendorunkid`) ON DELETE NO ACTION ON UPDATE NO ACTION
) ENGINE=InnoDB DEFAULT CHARSET=latin1;
/*!40101 SET character_set_client = @saved_cs_client */;

--
-- Dumping data for table `cus`
--

LOCK TABLES `cus` WRITE;
/*!40000 ALTER TABLE `cus` DISABLE KEYS */;
INSERT INTO `cus` VALUES (500000014,'aashay','aashaysmarty@gmail.com','9712318526',NULL,NULL,'http://www.foodfire.net/public/images/blank_user.png','$2y$10$kPt8COclUufkoLbY4WM3W.bPhxsI2uI7efq5JQnM4e5vZtSPZMCXa','CFQNvJJ9Fu2cIAXxfI4BZt1oLws5Y07HzfFPTquvvCBLUtXys7GgCDbz9ySf',NULL,1,'cus',NULL,'2018-03-11 04:45:05','2018-03-11 04:45:05'),(500000016,'aashay','aashaysmarty@gmail.com','9099045757',NULL,NULL,'http://www.foodfire.net/public/images/blank_user.png','$2y$10$8a9oB53AZVlQ/5k9U/rRyuHLeh7Nu6uvA4h660nHWd4brrZXl.7o.','yXGNzPDHVhgY5a27iK3KkKom3oVZx4SntuV8EcI6l3yyMw4yspsaTVRZMRvH',NULL,1,'vendor',500000006,'2018-03-11 04:45:05','2018-03-11 04:45:05'),(500000024,'aashay maheshbhai shah','shah.aashay21@gmail.com','9712318526',NULL,NULL,'http://www.foodfire.net/public/images/aashay.jpg','$2y$10$AoVjypMPXCgr5ORoup0Li.DZKRn3uUuFTSXmDKS6MLYpDVTmKsBWu','7wkFj6X1o5o7IZkkUtivBVnADU0MyjSDV14Il1HN843WUmpvQFnW2C7AGrkq',NULL,1,'cus',NULL,'2018-03-11 04:45:05','2018-03-11 04:45:05'),(500000026,'n. patel','shikari2016@yahoo.com','9687419210',NULL,NULL,'http://www.foodfire.net/public/images/blank_user.png','$2y$10$zfi4zg4D4P2n/LR3pgwXjetgwgTfcEHiKYnqgbd.gV3GEdADBHfra',NULL,'3zKEV1fZH58QdzjyWGYQbrCRW51Mnv',0,'cus',NULL,'2018-03-11 04:45:05','2018-03-11 04:45:05'),(500000027,'Riddhish Shah','riddhish009@gmail.com','9925166889',NULL,NULL,'http://www.foodfire.net/public/images/blank_user.png','$2y$10$j7TH3wPSGMJV2lgPGeBLe.JNTfFJtwE17HBq7fICL/AyEoEIVlvpe',NULL,'6ZSLsuqrmn3rPQqgIRvBPp042fCXyP',0,'cus',NULL,'2018-03-11 04:45:05','2018-03-11 04:45:05'),(500000028,'Bhavik shah','shahbhavik98@gmail.com','9925162889',NULL,NULL,'http://www.foodfire.net/public/images/blank_user.png','$2y$10$8SRdIvAn6IEdlSHWewfeLuWU7LI3.gNje7nhU9MqALNlt1Tqs2dVC',NULL,'NN5MJ8kwmd1jZwJKR3Uc7k0ifJL8yF',0,'cus',NULL,'2018-03-11 04:45:05','2018-03-11 04:45:05'),(500000029,'Bhavini Makwana','bhavu.engg30@gmail.com','8866495233',NULL,NULL,'http://www.foodfire.net/public/images/blank_user.png','$2y$10$/ZuWMHrdNSG653HUIPvfJu8.x4Uh.9RutboXlbZ6wgOsN8/022su.','lH6l1VK661MO8RmzYmtooVpxkhdgvWh1Wv6uiLZ2OIACD9LSt1ADCLMrwFh3',NULL,1,'cus',NULL,'2018-03-11 04:45:05','2018-03-11 04:45:05'),(500000036,'Teja','tejachintala.iare@gmail.com','9428567015',NULL,NULL,'http://www.foodfire.net/public/images/blank_user.png','$2y$10$MHP95ju5wos9T6/HVBtOkOPMmS6LOMk1.kM0VtVMG0/A3KGiUixAC','TKZU0mPELKZ1BRQS7w15Yt7poQZXeIUHxO1Pn7wjslA91XOC9Nn0JgZm92OL',NULL,1,'cus',NULL,'2018-03-11 04:45:05','2018-03-11 04:45:05'),(500000037,'Pradeepika kaushik','pradeepikakaushik4@gmail.com','09554005043',NULL,NULL,'http://www.foodfire.net/public/images/blank_user.png','$2y$10$5mHMr5Vqc83rjNKdNkyzQOM9YvronUlIuWA8ssEj8lRcsbtaDHmR.','5vMvyikRRu1bwvdUxDTRWlUKVgnXp7hnSE1hTIBa005NlBsEyvmT76yh3C2Q',NULL,1,'cus',NULL,'2018-03-11 04:45:05','2018-03-11 04:45:05'),(500000038,'Pratik','p.ganatra94@gmail.com','9033324724',NULL,NULL,'http://www.foodfire.net/public/images/blank_user.png','$2y$10$/qceHpbdhcZJVTwc3xmffuZJWNcwdmD78ycOIFayUyqCySG.F5mX2',NULL,'uisEepU4uiwgxJdR7vy4oa8Ws7N7Og',0,'cus',NULL,'2018-03-11 04:45:05','2018-03-11 04:45:05'),(500000039,'rachna','rachnadolia@gmail.com','8758130636',NULL,NULL,'http://www.foodfire.net/public/images/blank_user.png','$2y$10$5i9kMCcI8Tvt8DUfWr1KIeAdKVwejZLnbbfVp/VODEuohuj5LaIFC','e5ptFQrXUuyv6yztGRW9ORI59Cz4SmHkbxqmalgvJqCwMGs3TIc21fD4NwtI',NULL,1,'cus',NULL,'2018-03-11 04:45:05','2018-03-11 04:45:05'),(500000040,'abc','ajaysharma123@gmail.com','9898012312',NULL,NULL,'http://www.foodfire.net/public/images/blank_user.png','$2y$10$Rcg72eP.5rlDn9U/z/hz1uDuX80hH7G2ZamSezSoYRL.P0KOP6wuW',NULL,'EG05BKdkpuTT0FYlYki1sN8LPcCYIq',0,'cus',NULL,'2018-03-11 04:45:05','2018-03-11 04:45:05'),(500000041,'Test','aashay2105@gmail.com','67747488',NULL,NULL,'http://www.foodfire.in/public/images/blank_user.png','$2y$10$o3/N1VD51VL05UsPatCmsexYUwJExDF0ywhv.4nPBCryMndwoO6gO','sOOK4ILHDCHQpCgYBwwlw6CHVei2d2jKN7sA60kNe76MWDItd2GEjIEASGkk',NULL,1,'cus',NULL,'2018-03-11 04:45:05','2018-03-11 04:45:05'),(500000042,'Sachin Gupta','arpit16a@gmail.com','7022375313',NULL,NULL,'http://www.foodfire.in/public/images/blank_user.png','$2y$10$Zb.IDmHAK6ZWagf7fIfZEeskELIQxE4CB4nbdnvzHIuM97Dx8PE0O',NULL,NULL,1,'cus',NULL,'2018-03-11 04:45:05','2018-03-11 04:45:05'),(500000043,'Trisha patel','trisha2394@gmail.com','9428174219',NULL,NULL,'http://www.foodfire.in/public/images/blank_user.png','$2y$10$JLKirZ4yHMFzdxsMKY.fDO4S5HANdxotHe0lh.mXFKUB48jkF2vc2','9vJeTtEyIwqgpC0v9kcsWzKtjFpBeNr0siODDMXbll4HB0K09Xsk3AvjpVcC',NULL,1,'cus',NULL,'2018-03-11 04:45:05','2018-03-11 04:45:05'),(500000044,'maolza','ayoub.oufary@hotmail.fr','06558264754',NULL,NULL,'http://www.foodfire.in/public/images/blank_user.png','$2y$10$97KI/6v66cMT5UbiVnGi/.TGH2P6iGJduBKd/shHKp1aiCkVdp18e',NULL,'h3gi85MRj3cufxXLtco4EDltEDnvVy',0,'cus',NULL,'2018-03-11 04:45:05','2018-03-11 04:45:05'),(500000045,'sangeetha','san@gmail.com','13131331',NULL,NULL,'http://www.foodfire.in/public/images/blank_user.png','$2y$10$tf5MnBVO1SNoX5FI3cbp3eqfa.FOKDDT5YHz6o0W.UTf.1SonOH06',NULL,'Xmy18MpRZ7EBFYEP3t4k82yfFrK5e7',0,'cus',NULL,'2018-03-11 04:45:05','2018-03-11 04:45:05'),(500000046,'Ss','subha@gmail.com','9836743353',NULL,NULL,'http://www.foodfire.in/public/images/blank_user.png','$2y$10$REeWHnTJmuytpF/AagcjN.0g3GfMrCDbPveL7zsM.pXRtSK5h7hqK',NULL,'QHiyxEbGGlsXZt5QgQsdhksSRF67A8',0,'cus',NULL,'2018-03-11 04:45:05','2018-03-11 04:45:05'),(500000064,'adcs','sdc@dfwev.vd',NULL,NULL,NULL,NULL,'$2a$05$QYhwFXGnp3MfKUXp81Gy8u8ZbTygPC.OWfwXb5Diaz0syd5c772US',NULL,NULL,0,'cus',NULL,'2018-03-12 05:55:48','2018-03-12 05:55:48'),(500000065,'dsc','dasc@dwe.vwd',NULL,NULL,NULL,NULL,'$2a$05$Z8PNAsDlVFHEybgBqnKSD.zqgN/2IN.z7JljiMmpn.AMNqz3Y7DCC',NULL,NULL,0,'cus',NULL,'2018-03-12 05:57:50','2018-03-12 05:57:50'),(500000066,'aashay','qwe@qwe.qwe',NULL,NULL,NULL,NULL,'$2a$05$E/WTGdVNAfzIxWYP2v4cUu6GLsiVK0z4jfSAHx7f8q.mHMV/BMpb2',NULL,NULL,0,'cus',NULL,'2018-03-12 06:26:59','2018-03-12 06:26:59'),(500000067,'sdc','asc@scdds.sdcd',NULL,NULL,NULL,NULL,'$2a$05$G29XG3fEVyCQsiPay6vOjOpO2bX1QgjixphvRcyjdzXxjSAVAcPNK',NULL,NULL,0,'cus',NULL,'2018-03-12 06:34:33','2018-03-12 06:34:33'),(500000068,'vfd','csd@fsd.sd','24323432',NULL,NULL,NULL,'$2a$05$Y1Crd6wd4OJvcRzsKLEmxu2hquNRrB0c7r7Bs.zVPlaxUejdx7uza',NULL,NULL,0,'cus',NULL,'2018-03-12 06:35:28','2018-03-12 06:35:28');
/*!40000 ALTER TABLE `cus` ENABLE KEYS */;
UNLOCK TABLES;

--
-- Table structure for table `cus_address`
--

DROP TABLE IF EXISTS `cus_address`;
/*!40101 SET @saved_cs_client     = @@character_set_client */;
/*!40101 SET character_set_client = utf8 */;
CREATE TABLE `cus_address` (
  `addunkid` int(11) NOT NULL,
  `cusunkid` int(11) NOT NULL,
  `name` varchar(255) NOT NULL,
  `address` mediumtext NOT NULL,
  `area` varchar(255) NOT NULL,
  `city` varchar(255) NOT NULL,
  `pincode` varchar(255) DEFAULT NULL,
  `defaultadd` int(11) NOT NULL DEFAULT '0',
  `createdAt` timestamp NOT NULL DEFAULT CURRENT_TIMESTAMP ON UPDATE CURRENT_TIMESTAMP,
  `updatedAt` timestamp NOT NULL DEFAULT CURRENT_TIMESTAMP,
  PRIMARY KEY (`addunkid`),
  KEY `cusaddress_idx` (`cusunkid`),
  CONSTRAINT `cusaddress` FOREIGN KEY (`cusunkid`) REFERENCES `cus` (`cusunkid`) ON DELETE NO ACTION ON UPDATE NO ACTION
) ENGINE=InnoDB DEFAULT CHARSET=latin1 COMMENT='						';
/*!40101 SET character_set_client = @saved_cs_client */;

--
-- Dumping data for table `cus_address`
--

LOCK TABLES `cus_address` WRITE;
/*!40000 ALTER TABLE `cus_address` DISABLE KEYS */;
INSERT INTO `cus_address` VALUES (500000001,500000014,'Aashay','204, Tirth Complex, Nana Bazar, Vallabh Vidyanagar','500000001','500000001','388120',1,'2018-03-11 03:40:12','2018-03-11 03:41:24'),(500000004,500000014,'divya shah','1400, Richardson blvd','500000003','500000001','213443',0,'2018-03-11 03:40:12','2018-03-11 03:41:24'),(500000021,500000024,'Divya','nksdvb','500000003','500000001','343242',0,'2018-03-11 03:40:12','2018-03-11 03:41:24'),(500000023,500000024,'gmlng','mflkv','500000005','500000001','865674',1,'2018-03-11 03:40:12','2018-03-11 03:41:24'),(500000025,500000024,'Lipi','204, Tirth COmplex','500000001','500000001','388120',0,'2018-03-11 03:40:12','2018-03-11 03:41:24'),(500000027,500000043,'Trisha Patel','Shree Krishna Hospital Campus, Karamsad','500000006','500000001','388325',1,'2018-03-11 03:40:12','2018-03-11 03:41:24');
/*!40000 ALTER TABLE `cus_address` ENABLE KEYS */;
UNLOCK TABLES;

--
-- Table structure for table `identity`
--

DROP TABLE IF EXISTS `identity`;
/*!40101 SET @saved_cs_client     = @@character_set_client */;
/*!40101 SET character_set_client = utf8 */;
CREATE TABLE `identity` (
  `tbl_name` varchar(255) NOT NULL,
  `lastunkid` int(11) NOT NULL,
  `createdAt` timestamp NULL DEFAULT CURRENT_TIMESTAMP,
  `updatedAt` timestamp NULL DEFAULT CURRENT_TIMESTAMP,
  PRIMARY KEY (`tbl_name`)
) ENGINE=MyISAM DEFAULT CHARSET=latin1;
/*!40101 SET character_set_client = @saved_cs_client */;

--
-- Dumping data for table `identity`
--

LOCK TABLES `identity` WRITE;
/*!40000 ALTER TABLE `identity` DISABLE KEYS */;
INSERT INTO `identity` VALUES ('cus',68,'2018-03-11 04:40:17','2018-03-11 04:40:17'),('vendor',23,'2018-03-11 04:40:17','2018-03-11 04:40:17'),('items',1,'2018-03-11 04:40:17','2018-03-11 04:40:17'),('cus_address',27,'2018-03-11 04:40:17','2018-03-11 04:40:17'),('order',135,'2018-03-11 04:40:17','2018-03-11 04:40:17'),('reviews',3,'2018-03-11 04:40:17','2018-03-11 04:40:17');
/*!40000 ALTER TABLE `identity` ENABLE KEYS */;
UNLOCK TABLES;

--
-- Table structure for table `items`
--

DROP TABLE IF EXISTS `items`;
/*!40101 SET @saved_cs_client     = @@character_set_client */;
/*!40101 SET character_set_client = utf8 */;
CREATE TABLE `items` (
  `id` int(11) NOT NULL AUTO_INCREMENT,
  `itemunkid` int(11) NOT NULL,
  `vendorunkid` int(11) NOT NULL,
  `price` int(11) NOT NULL,
  `pro_description` mediumtext,
  `size` varchar(50) DEFAULT NULL,
  `isactive` int(11) NOT NULL DEFAULT '1',
  `isavailable` int(11) NOT NULL DEFAULT '1',
  `percent_discount` int(5) DEFAULT NULL,
  `cash_discount` int(11) DEFAULT NULL,
  `originalprice` int(11) DEFAULT NULL,
  `discount_from` timestamp NULL DEFAULT NULL,
  `discount_to` timestamp NULL DEFAULT NULL,
  `food_diet` varchar(255) NOT NULL DEFAULT 'Vegetarian',
  `food_taste` varchar(255) NOT NULL DEFAULT 'Medium',
  `modal` int(11) NOT NULL DEFAULT '1',
  `createdAt` timestamp NULL DEFAULT CURRENT_TIMESTAMP,
  `updatedAt` timestamp NULL DEFAULT CURRENT_TIMESTAMP,
  PRIMARY KEY (`id`),
  KEY `item_idx` (`itemunkid`),
  KEY `hasvendor_idx` (`vendorunkid`),
  CONSTRAINT `hasvendor` FOREIGN KEY (`vendorunkid`) REFERENCES `vendor` (`vendorunkid`) ON DELETE NO ACTION ON UPDATE NO ACTION,
  CONSTRAINT `item` FOREIGN KEY (`itemunkid`) REFERENCES `cf_items` (`itemunkid`) ON DELETE NO ACTION ON UPDATE NO ACTION
) ENGINE=InnoDB AUTO_INCREMENT=34 DEFAULT CHARSET=latin1;
/*!40101 SET character_set_client = @saved_cs_client */;

--
-- Dumping data for table `items`
--

LOCK TABLES `items` WRITE;
/*!40000 ALTER TABLE `items` DISABLE KEYS */;
INSERT INTO `items` VALUES (1,500000001,500000002,145,'Liquid cheese with spicy greavy','500gm',1,1,NULL,NULL,180,NULL,NULL,'Vegetarian,Swaminarayan,Jain','Mild,Medium,Spicy',1,'2018-03-11 04:40:17','2018-03-11 04:40:17'),(2,500000002,500000002,110,NULL,'500gm',1,1,NULL,NULL,NULL,NULL,NULL,'Vegetarian','Medium',1,'2018-03-11 04:40:17','2018-03-11 04:40:17'),(3,500000003,500000002,100,NULL,'500gm',1,1,NULL,NULL,NULL,NULL,NULL,'Vegetarian','Medium',1,'2018-03-11 04:40:17','2018-03-11 04:40:17'),(4,500000004,500000002,150,NULL,'500gm',1,1,NULL,NULL,NULL,NULL,NULL,'Vegetarian','Medium',1,'2018-03-11 04:40:17','2018-03-11 04:40:17'),(5,500000005,500000002,90,NULL,'500gm',1,1,NULL,NULL,NULL,NULL,NULL,'Vegetarian','Medium',1,'2018-03-11 04:40:17','2018-03-11 04:40:17'),(6,500000005,500000001,80,NULL,'500gm',1,1,NULL,NULL,NULL,NULL,NULL,'Vegetarian','Medium',1,'2018-03-11 04:40:17','2018-03-11 04:40:17'),(7,500000006,500000002,120,NULL,'500gm',1,1,NULL,NULL,NULL,NULL,NULL,'Vegetarian','Medium',1,'2018-03-11 04:40:17','2018-03-11 04:40:17'),(8,500000007,500000002,130,NULL,'500gm',1,1,NULL,NULL,NULL,NULL,NULL,'Vegetarian','Medium',1,'2018-03-11 04:40:17','2018-03-11 04:40:17'),(9,500000008,500000002,90,NULL,'500gm',1,1,NULL,NULL,NULL,NULL,NULL,'Vegetarian','Medium',1,'2018-03-11 04:40:17','2018-03-11 04:40:17'),(10,500000009,500000002,150,NULL,'500gm',1,1,NULL,NULL,NULL,NULL,NULL,'Vegetarian','Medium',1,'2018-03-11 04:40:17','2018-03-11 04:40:17'),(11,500000010,500000002,170,NULL,'500gm',1,1,NULL,NULL,NULL,NULL,NULL,'Vegetarian','Medium',1,'2018-03-11 04:40:17','2018-03-11 04:40:17'),(12,500000011,500000002,190,NULL,'500gm',1,1,NULL,NULL,NULL,NULL,NULL,'Vegetarian','Medium',1,'2018-03-11 04:40:17','2018-03-11 04:40:17'),(13,500000012,500000002,110,NULL,'500gm',1,1,NULL,NULL,NULL,NULL,NULL,'Vegetarian','Medium',1,'2018-03-11 04:40:17','2018-03-11 04:40:17'),(14,500000013,500000002,105,NULL,'500gm',1,1,NULL,NULL,NULL,NULL,NULL,'Vegetarian','Medium',1,'2018-03-11 04:40:17','2018-03-11 04:40:17'),(15,500000014,500000002,125,NULL,'500gm',1,1,NULL,NULL,NULL,NULL,NULL,'Vegetarian','Medium',1,'2018-03-11 04:40:17','2018-03-11 04:40:17'),(16,500000015,500000002,130,NULL,'500gm',1,1,NULL,NULL,NULL,NULL,NULL,'Vegetarian','Medium',1,'2018-03-11 04:40:17','2018-03-11 04:40:17'),(17,500000016,500000002,120,NULL,'500gm',1,1,NULL,NULL,NULL,NULL,NULL,'Vegetarian','Medium',1,'2018-03-11 04:40:17','2018-03-11 04:40:17'),(18,500000017,500000002,130,NULL,'500gm',1,1,NULL,NULL,NULL,NULL,NULL,'Vegetarian','Medium',1,'2018-03-11 04:40:17','2018-03-11 04:40:17'),(19,500000018,500000002,150,NULL,'500gm',1,1,NULL,NULL,NULL,NULL,NULL,'Vegetarian','Medium',1,'2018-03-11 04:40:17','2018-03-11 04:40:17'),(20,500000019,500000002,180,NULL,'500gm',1,1,NULL,NULL,NULL,NULL,NULL,'Vegetarian','Medium',1,'2018-03-11 04:40:17','2018-03-11 04:40:17'),(21,500000020,500000002,170,NULL,'500gm',1,1,NULL,NULL,NULL,NULL,NULL,'Vegetarian','Medium',1,'2018-03-11 04:40:17','2018-03-11 04:40:17'),(22,500000021,500000002,100,NULL,'500gm',1,1,NULL,NULL,NULL,NULL,NULL,'Vegetarian','Medium',1,'2018-03-11 04:40:17','2018-03-11 04:40:17'),(23,500000022,500000002,90,NULL,'500gm',1,1,NULL,NULL,NULL,NULL,NULL,'Vegetarian','Medium',1,'2018-03-11 04:40:17','2018-03-11 04:40:17'),(24,500000023,500000002,80,NULL,'500gm',1,1,NULL,NULL,NULL,NULL,NULL,'Vegetarian','Medium',1,'2018-03-11 04:40:17','2018-03-11 04:40:17'),(25,500000024,500000002,90,NULL,'500gm',1,1,NULL,NULL,NULL,NULL,NULL,'Vegetarian','Medium',1,'2018-03-11 04:40:17','2018-03-11 04:40:17'),(26,500000025,500000002,145,NULL,'500gm',1,1,NULL,NULL,NULL,NULL,NULL,'Vegetarian','Medium',1,'2018-03-11 04:40:17','2018-03-11 04:40:17'),(27,500000001,500000003,150,NULL,'500gm',1,1,NULL,NULL,NULL,NULL,NULL,'Vegetarian','Medium',1,'2018-03-11 04:40:17','2018-03-11 04:40:17'),(28,500000005,500000003,110,NULL,'500gm',1,1,NULL,NULL,NULL,NULL,NULL,'Vegetarian','Medium',1,'2018-03-11 04:40:17','2018-03-11 04:40:17'),(29,500000003,500000004,120,NULL,'500gm',1,1,NULL,NULL,NULL,NULL,NULL,'Vegetarian','Medium',1,'2018-03-11 04:40:17','2018-03-11 04:40:17'),(30,500000001,500000004,110,NULL,'500gm',1,1,NULL,NULL,NULL,NULL,NULL,'Vegetarian,Jain','Medium,Spicy',1,'2018-03-11 04:40:17','2018-03-11 04:40:17'),(31,500000026,500000008,60,NULL,'250gm',1,1,NULL,NULL,NULL,NULL,NULL,'Vegetarian,Jain','Medium',1,'2018-03-11 04:40:17','2018-03-11 04:40:17'),(32,500000027,500000008,60,NULL,'250gm',1,1,NULL,NULL,NULL,NULL,NULL,'Vegetarian,Jain','Medium',1,'2018-03-11 04:40:17','2018-03-11 04:40:17'),(33,500000028,500000008,60,NULL,'250gm',1,1,NULL,NULL,NULL,NULL,NULL,'Vegetarian,Jain','Medium',1,'2018-03-11 04:40:17','2018-03-11 04:40:17');
/*!40000 ALTER TABLE `items` ENABLE KEYS */;
UNLOCK TABLES;

--
-- Table structure for table `map`
--

DROP TABLE IF EXISTS `map`;
/*!40101 SET @saved_cs_client     = @@character_set_client */;
/*!40101 SET character_set_client = utf8 */;
CREATE TABLE `map` (
  `code_id` int(11) NOT NULL AUTO_INCREMENT,
  `map_detail` longtext NOT NULL,
  `table_name` varchar(45) DEFAULT NULL,
  `createdAt` timestamp NULL DEFAULT CURRENT_TIMESTAMP,
  `updatedAt` timestamp NULL DEFAULT CURRENT_TIMESTAMP,
  PRIMARY KEY (`code_id`)
) ENGINE=InnoDB AUTO_INCREMENT=5 DEFAULT CHARSET=latin1;
/*!40101 SET character_set_client = @saved_cs_client */;

--
-- Dumping data for table `map`
--

LOCK TABLES `map` WRITE;
/*!40000 ALTER TABLE `map` DISABLE KEYS */;
INSERT INTO `map` VALUES (1,'Like','fd_rate','2018-03-11 04:40:18','2018-03-11 04:40:18'),(2,'Ratings','fd_rate','2018-03-11 04:40:18','2018-03-11 04:40:18'),(3,'Favourite','fd_rate','2018-03-11 04:40:18','2018-03-11 04:40:18'),(4,'Visit','fd_rate','2018-03-11 04:40:18','2018-03-11 04:40:18');
/*!40000 ALTER TABLE `map` ENABLE KEYS */;
UNLOCK TABLES;

--
-- Table structure for table `order`
--

DROP TABLE IF EXISTS `order`;
/*!40101 SET @saved_cs_client     = @@character_set_client */;
/*!40101 SET character_set_client = utf8 */;
CREATE TABLE `order` (
  `orderunkid` int(11) NOT NULL,
  `cusunkid` int(11) NOT NULL,
  `addunkid` int(11) NOT NULL,
  `order_date` timestamp NOT NULL DEFAULT CURRENT_TIMESTAMP,
  `total` varchar(45) DEFAULT NULL,
  `paymentunkid` int(11) NOT NULL,
  `createdAt` timestamp NULL DEFAULT CURRENT_TIMESTAMP,
  `updatedAt` timestamp NULL DEFAULT CURRENT_TIMESTAMP,
  PRIMARY KEY (`orderunkid`),
  KEY `order_cus_idx` (`cusunkid`),
  KEY `address_cus_idx` (`addunkid`),
  KEY `payment_idx` (`paymentunkid`),
  CONSTRAINT `order_cus` FOREIGN KEY (`cusunkid`) REFERENCES `cus` (`cusunkid`) ON DELETE NO ACTION ON UPDATE NO ACTION,
  CONSTRAINT `payment` FOREIGN KEY (`paymentunkid`) REFERENCES `cf_payment` (`paymentunkid`) ON DELETE NO ACTION ON UPDATE NO ACTION
) ENGINE=InnoDB DEFAULT CHARSET=latin1;
/*!40101 SET character_set_client = @saved_cs_client */;

--
-- Dumping data for table `order`
--

LOCK TABLES `order` WRITE;
/*!40000 ALTER TABLE `order` DISABLE KEYS */;
INSERT INTO `order` VALUES (500000117,500000014,500000001,'2015-10-09 07:57:50','604',1,'2018-03-11 04:41:59','2018-03-11 04:42:21'),(500000118,500000014,500000001,'2015-10-10 03:57:49','141',1,'2018-03-11 04:41:59','2018-03-11 04:42:21'),(500000119,500000014,500000001,'2015-10-25 13:02:06','233',1,'2018-03-11 04:41:59','2018-03-11 04:42:21'),(500000120,500000014,500000001,'2015-12-22 13:10:55','1033',1,'2018-03-11 04:41:59','2018-03-11 04:42:21'),(500000121,500000024,500000016,'2015-12-23 20:19:12','905',1,'2018-03-11 04:41:59','2018-03-11 04:42:21'),(500000122,500000024,500000016,'2015-12-23 20:25:19','108',1,'2018-03-11 04:41:59','2018-03-11 04:42:21'),(500000123,500000024,500000016,'2015-12-25 13:46:02','141',1,'2018-03-11 04:41:59','2018-03-11 04:42:21'),(500000124,500000024,500000016,'2015-12-25 13:54:06','178',1,'2018-03-11 04:41:59','2018-03-11 04:42:21'),(500000125,500000024,500000017,'2015-12-25 14:11:34','138',1,'2018-03-11 04:41:59','2018-03-11 04:42:21'),(500000126,500000024,500000025,'2016-03-28 22:49:17','623',1,'2018-03-11 04:41:59','2018-03-11 04:42:21'),(500000127,500000024,500000021,'2016-08-28 11:06:03','161',1,'2018-03-11 04:41:59','2018-03-11 04:42:21'),(500000128,500000024,500000025,'2016-08-28 11:12:01','202',1,'2018-03-11 04:41:59','2018-03-11 04:42:21'),(500000129,500000024,500000023,'2016-08-28 11:14:55','182',1,'2018-03-11 04:41:59','2018-03-11 04:42:21'),(500000130,500000024,500000023,'2016-08-28 11:35:30','131',1,'2018-03-11 04:41:59','2018-03-11 04:42:21'),(500000131,500000024,500000023,'2016-08-28 11:41:14','202',1,'2018-03-11 04:41:59','2018-03-11 04:42:21'),(500000132,500000024,500000023,'2016-08-28 11:49:43','177',1,'2018-03-11 04:41:59','2018-03-11 04:42:21'),(500000133,500000024,500000025,'2016-08-28 15:58:33','412',1,'2018-03-11 04:41:59','2018-03-11 04:42:21'),(500000134,500000024,500000023,'2016-09-03 20:18:21','330',1,'2018-03-11 04:41:59','2018-03-11 04:42:21'),(500000135,500000043,500000027,'2016-10-09 16:54:31','141',1,'2018-03-11 04:41:59','2018-03-11 04:42:21');
/*!40000 ALTER TABLE `order` ENABLE KEYS */;
UNLOCK TABLES;

--
-- Table structure for table `order_details`
--

DROP TABLE IF EXISTS `order_details`;
/*!40101 SET @saved_cs_client     = @@character_set_client */;
/*!40101 SET character_set_client = utf8 */;
CREATE TABLE `order_details` (
  `id` int(11) NOT NULL AUTO_INCREMENT,
  `orderunkid` int(11) NOT NULL,
  `itemid` int(11) NOT NULL,
  `price` int(11) NOT NULL,
  `qty` int(11) NOT NULL,
  `food_diet` varchar(45) NOT NULL,
  `food_taste` varchar(45) NOT NULL,
  `extra` mediumtext,
  `createdAt` timestamp NULL DEFAULT CURRENT_TIMESTAMP,
  `updatedAt` timestamp NULL DEFAULT CURRENT_TIMESTAMP,
  PRIMARY KEY (`id`),
  KEY `orderdetails_item_idx` (`itemid`),
  KEY `order_id_idx` (`orderunkid`),
  CONSTRAINT `order_id` FOREIGN KEY (`orderunkid`) REFERENCES `order` (`orderunkid`) ON DELETE NO ACTION ON UPDATE NO ACTION,
  CONSTRAINT `order_item` FOREIGN KEY (`itemid`) REFERENCES `items` (`id`) ON DELETE NO ACTION ON UPDATE NO ACTION
) ENGINE=InnoDB AUTO_INCREMENT=270 DEFAULT CHARSET=latin1;
/*!40101 SET character_set_client = @saved_cs_client */;

--
-- Dumping data for table `order_details`
--

LOCK TABLES `order_details` WRITE;
/*!40000 ALTER TABLE `order_details` DISABLE KEYS */;
INSERT INTO `order_details` VALUES (234,500000117,11,340,2,'Vegetarian','Medium','','2018-03-11 04:40:18','2018-03-11 04:40:18'),(235,500000117,28,110,1,'Vegetarian','Medium','','2018-03-11 04:40:18','2018-03-11 04:40:18'),(236,500000117,32,60,1,'Vegetarian','Medium','','2018-03-11 04:40:18','2018-03-11 04:40:18'),(237,500000118,13,110,1,'Vegetarian','Medium','','2018-03-11 04:40:18','2018-03-11 04:40:18'),(238,500000119,13,110,1,'Vegetarian','Medium','','2018-03-11 04:40:18','2018-03-11 04:40:18'),(239,500000119,25,90,1,'Vegetarian','Medium','','2018-03-11 04:40:18','2018-03-11 04:40:18'),(240,500000120,10,300,2,'Vegetarian','Medium','','2018-03-11 04:40:18','2018-03-11 04:40:18'),(241,500000120,11,170,1,'Vegetarian','Medium','','2018-03-11 04:40:18','2018-03-11 04:40:18'),(242,500000120,16,130,1,'Vegetarian','Medium','','2018-03-11 04:40:18','2018-03-11 04:40:18'),(243,500000120,3,100,1,'Vegetarian','Medium','','2018-03-11 04:40:18','2018-03-11 04:40:18'),(244,500000120,23,90,1,'Vegetarian','Medium','','2018-03-11 04:40:18','2018-03-11 04:40:18'),(245,500000120,12,190,1,'Vegetarian','Medium','','2018-03-11 04:40:18','2018-03-11 04:40:18'),(246,500000121,16,130,1,'Vegetarian','Medium','','2018-03-11 04:40:18','2018-03-11 04:40:18'),(247,500000121,1,245,1,'Vegetarian','Medium','500000003,500000004,500000008,500000014,500000015,500000017','2018-03-11 04:40:18','2018-03-11 04:40:18'),(248,500000121,28,220,2,'Vegetarian','Medium','','2018-03-11 04:40:18','2018-03-11 04:40:18'),(249,500000121,29,120,1,'Vegetarian','Medium','','2018-03-11 04:40:18','2018-03-11 04:40:18'),(250,500000121,31,60,1,'Vegetarian','Medium','','2018-03-11 04:40:18','2018-03-11 04:40:18'),(251,500000122,6,80,1,'Vegetarian','Medium','','2018-03-11 04:40:18','2018-03-11 04:40:18'),(252,500000123,13,110,1,'Vegetarian','Medium','','2018-03-11 04:40:18','2018-03-11 04:40:18'),(253,500000124,27,150,1,'Vegetarian','Medium','','2018-03-11 04:40:18','2018-03-11 04:40:18'),(254,500000125,28,110,1,'Vegetarian','Medium','','2018-03-11 04:40:18','2018-03-11 04:40:18'),(255,500000126,26,290,2,'Vegetarian','Medium','','2018-03-11 04:40:18','2018-03-11 04:40:18'),(256,500000126,13,110,1,'Vegetarian','Medium','','2018-03-11 04:40:18','2018-03-11 04:40:18'),(257,500000126,20,180,1,'Vegetarian','Medium','','2018-03-11 04:40:18','2018-03-11 04:40:18'),(258,500000127,8,130,1,'Vegetarian','Medium','','2018-03-11 04:40:18','2018-03-11 04:40:18'),(259,500000128,11,170,1,'Vegetarian','Medium','','2018-03-11 04:40:18','2018-03-11 04:40:18'),(260,500000129,10,150,1,'Vegetarian','Medium','','2018-03-11 04:40:18','2018-03-11 04:40:18'),(261,500000130,3,100,1,'Vegetarian','Medium','','2018-03-11 04:40:18','2018-03-11 04:40:18'),(262,500000131,11,170,1,'Vegetarian','Medium','','2018-03-11 04:40:18','2018-03-11 04:40:18'),(263,500000132,26,145,1,'Vegetarian','Medium','','2018-03-11 04:40:18','2018-03-11 04:40:18'),(264,500000133,1,145,1,'Vegetarian','Medium','500000003','2018-03-11 04:40:18','2018-03-11 04:40:18'),(265,500000133,13,110,1,'Vegetarian','Medium','','2018-03-11 04:40:18','2018-03-11 04:40:18'),(266,500000133,7,120,1,'Vegetarian','Medium','','2018-03-11 04:40:18','2018-03-11 04:40:18'),(267,500000134,4,150,1,'Vegetarian','Medium','','2018-03-11 04:40:18','2018-03-11 04:40:18'),(268,500000134,26,145,1,'Vegetarian','Medium','','2018-03-11 04:40:18','2018-03-11 04:40:18'),(269,500000135,13,110,1,'Vegetarian','Medium','','2018-03-11 04:40:18','2018-03-11 04:40:18');
/*!40000 ALTER TABLE `order_details` ENABLE KEYS */;
UNLOCK TABLES;

--
-- Table structure for table `rate`
--

DROP TABLE IF EXISTS `rate`;
/*!40101 SET @saved_cs_client     = @@character_set_client */;
/*!40101 SET character_set_client = utf8 */;
CREATE TABLE `rate` (
  `cusunkid` int(11) NOT NULL,
  `vendorunkid` int(11) NOT NULL,
  `rate` int(11) NOT NULL DEFAULT '1',
  `code_id` int(11) NOT NULL,
  `createdAt` timestamp NULL DEFAULT CURRENT_TIMESTAMP,
  `updatedAt` timestamp NULL DEFAULT CURRENT_TIMESTAMP,
  UNIQUE KEY `Unique` (`cusunkid`,`vendorunkid`,`code_id`),
  KEY `code_id_idx` (`code_id`),
  KEY `vendorunkid_idx` (`vendorunkid`),
  CONSTRAINT `code_id` FOREIGN KEY (`code_id`) REFERENCES `map` (`code_id`) ON DELETE NO ACTION ON UPDATE NO ACTION,
  CONSTRAINT `curstomer_rate` FOREIGN KEY (`cusunkid`) REFERENCES `cus` (`cusunkid`) ON DELETE NO ACTION ON UPDATE NO ACTION,
  CONSTRAINT `vendorid` FOREIGN KEY (`vendorunkid`) REFERENCES `vendor` (`vendorunkid`) ON DELETE NO ACTION ON UPDATE NO ACTION
) ENGINE=InnoDB DEFAULT CHARSET=latin1;
/*!40101 SET character_set_client = @saved_cs_client */;

--
-- Dumping data for table `rate`
--

LOCK TABLES `rate` WRITE;
/*!40000 ALTER TABLE `rate` DISABLE KEYS */;
INSERT INTO `rate` VALUES (500000014,500000001,2,2,'2018-03-11 04:42:30','2018-03-11 04:42:30'),(500000014,500000001,1,4,'2018-03-11 04:42:30','2018-03-11 04:42:30'),(500000014,500000002,1,1,'2018-03-11 04:42:30','2018-03-11 04:42:30'),(500000014,500000002,5,2,'2018-03-11 04:42:30','2018-03-11 04:42:30'),(500000014,500000002,1,3,'2018-03-11 04:42:30','2018-03-11 04:42:30'),(500000014,500000002,1,4,'2018-03-11 04:42:30','2018-03-11 04:42:30'),(500000014,500000003,1,1,'2018-03-11 04:42:30','2018-03-11 04:42:30'),(500000014,500000003,4,2,'2018-03-11 04:42:30','2018-03-11 04:42:30'),(500000014,500000003,1,4,'2018-03-11 04:42:30','2018-03-11 04:42:30'),(500000014,500000004,1,1,'2018-03-11 04:42:30','2018-03-11 04:42:30'),(500000014,500000004,5,2,'2018-03-11 04:42:30','2018-03-11 04:42:30'),(500000014,500000004,1,3,'2018-03-11 04:42:30','2018-03-11 04:42:30'),(500000014,500000004,1,4,'2018-03-11 04:42:30','2018-03-11 04:42:30'),(500000014,500000005,3,2,'2018-03-11 04:42:30','2018-03-11 04:42:30'),(500000014,500000005,1,3,'2018-03-11 04:42:30','2018-03-11 04:42:30'),(500000014,500000006,1,1,'2018-03-11 04:42:30','2018-03-11 04:42:30'),(500000014,500000006,1,2,'2018-03-11 04:42:30','2018-03-11 04:42:30'),(500000014,500000006,1,3,'2018-03-11 04:42:30','2018-03-11 04:42:30'),(500000014,500000006,1,4,'2018-03-11 04:42:30','2018-03-11 04:42:30'),(500000014,500000007,1,1,'2018-03-11 04:42:30','2018-03-11 04:42:30'),(500000014,500000007,1,3,'2018-03-11 04:42:30','2018-03-11 04:42:30'),(500000024,500000002,5,2,'2018-03-11 04:42:30','2018-03-11 04:42:30'),(500000024,500000002,1,3,'2018-03-11 04:42:30','2018-03-11 04:42:30'),(500000024,500000002,1,4,'2018-03-11 04:42:30','2018-03-11 04:42:30'),(500000024,500000003,1,1,'2018-03-11 04:42:30','2018-03-11 04:42:30'),(500000024,500000006,3,2,'2018-03-11 04:42:30','2018-03-11 04:42:30'),(500000024,500000007,1,3,'2018-03-11 04:42:30','2018-03-11 04:42:30'),(500000037,500000004,1,1,'2018-03-11 04:42:30','2018-03-11 04:42:30'),(500000043,500000002,1,1,'2018-03-11 04:42:30','2018-03-11 04:42:30'),(500000043,500000002,1,3,'2018-03-11 04:42:30','2018-03-11 04:42:30'),(500000043,500000002,1,4,'2018-03-11 04:42:30','2018-03-11 04:42:30');
/*!40000 ALTER TABLE `rate` ENABLE KEYS */;
UNLOCK TABLES;

--
-- Table structure for table `recent_activity`
--

DROP TABLE IF EXISTS `recent_activity`;
/*!40101 SET @saved_cs_client     = @@character_set_client */;
/*!40101 SET character_set_client = utf8 */;
CREATE TABLE `recent_activity` (
  `id` int(11) NOT NULL AUTO_INCREMENT,
  `cusname` varchar(45) NOT NULL,
  `vendorunkid` int(11) NOT NULL,
  `createdAt` timestamp NULL DEFAULT CURRENT_TIMESTAMP,
  `updatedAt` timestamp NULL DEFAULT CURRENT_TIMESTAMP,
  PRIMARY KEY (`id`),
  KEY `vendorunk_idx` (`vendorunkid`),
  CONSTRAINT `manyactivity` FOREIGN KEY (`vendorunkid`) REFERENCES `vendor` (`vendorunkid`) ON DELETE NO ACTION ON UPDATE NO ACTION
) ENGINE=InnoDB AUTO_INCREMENT=9167 DEFAULT CHARSET=latin1;
/*!40101 SET character_set_client = @saved_cs_client */;

--
-- Dumping data for table `recent_activity`
--

LOCK TABLES `recent_activity` WRITE;
/*!40000 ALTER TABLE `recent_activity` DISABLE KEYS */;
INSERT INTO `recent_activity` VALUES (4286,'a new customer',500000002,'2018-03-11 04:42:30','2018-03-11 04:42:30'),(4287,'a new customer',500000007,'2018-03-11 04:42:30','2018-03-11 04:42:30'),(4288,'a new customer',500000003,'2018-03-11 04:42:30','2018-03-11 04:42:30'),(4289,'a new customer',500000004,'2018-03-11 04:42:30','2018-03-11 04:42:30'),(4290,'a new customer',500000002,'2018-03-11 04:42:30','2018-03-11 04:42:30'),(4291,'a new customer',500000002,'2018-03-11 04:42:30','2018-03-11 04:42:30'),(4292,'a new customer',500000003,'2018-03-11 04:42:30','2018-03-11 04:42:30'),(4293,'aashay',500000002,'2018-03-11 04:42:30','2018-03-11 04:42:30'),(4294,'aashay',500000002,'2018-03-11 04:42:30','2018-03-11 04:42:30'),(4295,'aashay',500000002,'2018-03-11 04:42:30','2018-03-11 04:42:30'),(4296,'aashay',500000002,'2018-03-11 04:42:30','2018-03-11 04:42:30'),(4297,'aashay',500000002,'2018-03-11 04:42:30','2018-03-11 04:42:30'),(4298,'aashay',500000002,'2018-03-11 04:42:30','2018-03-11 04:42:30'),(4299,'aashay',500000002,'2018-03-11 04:42:30','2018-03-11 04:42:30'),(4300,'aashay',500000002,'2018-03-11 04:42:30','2018-03-11 04:42:30'),(4301,'aashay',500000002,'2018-03-11 04:42:30','2018-03-11 04:42:30'),(4302,'aashay',500000002,'2018-03-11 04:42:30','2018-03-11 04:42:30'),(4303,'aashay',500000002,'2018-03-11 04:42:30','2018-03-11 04:42:30'),(4304,'aashay',500000002,'2018-03-11 04:42:30','2018-03-11 04:42:30'),(4305,'aashay',500000002,'2018-03-11 04:42:30','2018-03-11 04:42:30'),(4306,'aashay',500000002,'2018-03-11 04:42:30','2018-03-11 04:42:30'),(4307,'a new customer',500000003,'2018-03-11 04:42:30','2018-03-11 04:42:30'),(4308,'aashay maheshbhai shah',500000002,'2018-03-11 04:42:30','2018-03-11 04:42:30'),(4309,'a new customer',500000003,'2018-03-11 04:42:30','2018-03-11 04:42:30'),(4310,'a new customer',500000004,'2018-03-11 04:42:30','2018-03-11 04:42:30'),(4311,'a new customer',500000007,'2018-03-11 04:42:30','2018-03-11 04:42:30'),(4312,'a new customer',500000001,'2018-03-11 04:42:30','2018-03-11 04:42:30'),(4313,'a new customer',500000004,'2018-03-11 04:42:30','2018-03-11 04:42:30'),(4314,'a new customer',500000005,'2018-03-11 04:42:30','2018-03-11 04:42:30'),(4315,'a new customer',500000006,'2018-03-11 04:42:30','2018-03-11 04:42:30'),(4316,'aashay maheshbhai shah',500000002,'2018-03-11 04:42:30','2018-03-11 04:42:30'),(4317,'aashay',500000002,'2018-03-11 04:42:30','2018-03-11 04:42:30'),(4318,'aashay maheshbhai shah',500000002,'2018-03-11 04:42:30','2018-03-11 04:42:30'),(4319,'aashay maheshbhai shah',500000002,'2018-03-11 04:42:30','2018-03-11 04:42:30'),(4320,'aashay',500000002,'2018-03-11 04:42:30','2018-03-11 04:42:30'),(4321,'aashay',500000002,'2018-03-11 04:42:30','2018-03-11 04:42:30'),(4322,'aashay',500000002,'2018-03-11 04:42:30','2018-03-11 04:42:30'),(4323,'aashay',500000002,'2018-03-11 04:42:30','2018-03-11 04:42:30'),(4324,'aashay',500000002,'2018-03-11 04:42:30','2018-03-11 04:42:30'),(4325,'aashay',500000002,'2018-03-11 04:42:30','2018-03-11 04:42:30'),(4326,'a new customer',500000005,'2018-03-11 04:42:30','2018-03-11 04:42:30'),(4327,'a new customer',500000002,'2018-03-11 04:42:30','2018-03-11 04:42:30'),(4328,'aashay maheshbhai shah',500000002,'2018-03-11 04:42:30','2018-03-11 04:42:30'),(4329,'a new customer',500000002,'2018-03-11 04:42:30','2018-03-11 04:42:30'),(4330,'a new customer',500000002,'2018-03-11 04:42:30','2018-03-11 04:42:30'),(4331,'a new customer',500000002,'2018-03-11 04:42:30','2018-03-11 04:42:30'),(4332,'a new customer',500000002,'2018-03-11 04:42:30','2018-03-11 04:42:30'),(4333,'aashay',500000002,'2018-03-11 04:42:30','2018-03-11 04:42:30'),(4334,'aashay',500000002,'2018-03-11 04:42:30','2018-03-11 04:42:30'),(4335,'aashay',500000002,'2018-03-11 04:42:30','2018-03-11 04:42:30'),(4336,'aashay',500000002,'2018-03-11 04:42:30','2018-03-11 04:42:30'),(4337,'aashay',500000002,'2018-03-11 04:42:30','2018-03-11 04:42:30'),(4338,'aashay maheshbhai shah',500000002,'2018-03-11 04:42:30','2018-03-11 04:42:30'),(4339,'aashay maheshbhai shah',500000003,'2018-03-11 04:42:30','2018-03-11 04:42:30'),(4340,'aashay maheshbhai shah',500000003,'2018-03-11 04:42:30','2018-03-11 04:42:30'),(4341,'aashay maheshbhai shah',500000003,'2018-03-11 04:42:30','2018-03-11 04:42:30'),(4342,'aashay maheshbhai shah',500000004,'2018-03-11 04:42:30','2018-03-11 04:42:30'),(4343,'aashay maheshbhai shah',500000006,'2018-03-11 04:42:30','2018-03-11 04:42:30'),(4344,'aashay maheshbhai shah',500000006,'2018-03-11 04:42:30','2018-03-11 04:42:30'),(4345,'aashay',500000002,'2018-03-11 04:42:30','2018-03-11 04:42:30'),(4346,'aashay',500000002,'2018-03-11 04:42:30','2018-03-11 04:42:30'),(4347,'a new customer',500000007,'2018-03-11 04:42:30','2018-03-11 04:42:30'),(4348,'a new customer',500000003,'2018-03-11 04:42:30','2018-03-11 04:42:30'),(4349,'a new customer',500000004,'2018-03-11 04:42:30','2018-03-11 04:42:30'),(4350,'a new customer',500000001,'2018-03-11 04:42:30','2018-03-11 04:42:30'),(4351,'a new customer',500000004,'2018-03-11 04:42:30','2018-03-11 04:42:30'),(4352,'a new customer',500000005,'2018-03-11 04:42:30','2018-03-11 04:42:30'),(4353,'a new customer',500000006,'2018-03-11 04:42:30','2018-03-11 04:42:30'),(4354,'a new customer',500000002,'2018-03-11 04:42:30','2018-03-11 04:42:30'),(4355,'a new customer',500000003,'2018-03-11 04:42:30','2018-03-11 04:42:30'),(4356,'a new customer',500000007,'2018-03-11 04:42:30','2018-03-11 04:42:30'),(4357,'aashay',500000002,'2018-03-11 04:42:30','2018-03-11 04:42:30'),(4358,'a new customer',500000003,'2018-03-11 04:42:30','2018-03-11 04:42:30'),(4359,'a new customer',500000007,'2018-03-11 04:42:30','2018-03-11 04:42:30'),(4360,'a new customer',500000001,'2018-03-11 04:42:30','2018-03-11 04:42:30'),(4361,'a new customer',500000004,'2018-03-11 04:42:30','2018-03-11 04:42:30'),(4362,'a new customer',500000005,'2018-03-11 04:42:30','2018-03-11 04:42:30'),(4363,'a new customer',500000006,'2018-03-11 04:42:30','2018-03-11 04:42:30'),(4364,'a new customer',500000002,'2018-03-11 04:42:30','2018-03-11 04:42:30'),(4365,'a new customer',500000001,'2018-03-11 04:42:30','2018-03-11 04:42:30'),(4366,'a new customer',500000007,'2018-03-11 04:42:30','2018-03-11 04:42:30'),(4367,'aashay',500000002,'2018-03-11 04:42:30','2018-03-11 04:42:30'),(4368,'a new customer',500000002,'2018-03-11 04:42:30','2018-03-11 04:42:30'),(4369,'aashay',500000002,'2018-03-11 04:42:30','2018-03-11 04:42:30'),(4370,'aashay',500000002,'2018-03-11 04:42:30','2018-03-11 04:42:30'),(4371,'aashay',500000002,'2018-03-11 04:42:30','2018-03-11 04:42:30'),(4372,'aashay',500000002,'2018-03-11 04:42:30','2018-03-11 04:42:30'),(4373,'aashay',500000002,'2018-03-11 04:42:30','2018-03-11 04:42:30'),(4374,'aashay',500000002,'2018-03-11 04:42:30','2018-03-11 04:42:30'),(4375,'aashay',500000003,'2018-03-11 04:42:30','2018-03-11 04:42:30'),(4376,'aashay',500000002,'2018-03-11 04:42:30','2018-03-11 04:42:30'),(4377,'aashay',500000002,'2018-03-11 04:42:30','2018-03-11 04:42:30'),(4378,'a new customer',500000002,'2018-03-11 04:42:30','2018-03-11 04:42:30'),(4379,'a new customer',500000002,'2018-03-11 04:42:30','2018-03-11 04:42:30'),(4380,'a new customer',500000002,'2018-03-11 04:42:30','2018-03-11 04:42:30'),(4381,'aashay',500000002,'2018-03-11 04:42:30','2018-03-11 04:42:30'),(4382,'aashay',500000002,'2018-03-11 04:42:30','2018-03-11 04:42:30'),(4383,'a new customer',500000003,'2018-03-11 04:42:30','2018-03-11 04:42:30'),(4384,'a new customer',500000002,'2018-03-11 04:42:30','2018-03-11 04:42:30'),(4385,'a new customer',500000002,'2018-03-11 04:42:30','2018-03-11 04:42:30'),(4386,'aashay',500000002,'2018-03-11 04:42:30','2018-03-11 04:42:30'),(4387,'a new customer',500000002,'2018-03-11 04:42:30','2018-03-11 04:42:30'),(4388,'a new customer',500000002,'2018-03-11 04:42:30','2018-03-11 04:42:30'),(4389,'aashay',500000003,'2018-03-11 04:42:30','2018-03-11 04:42:30'),(4390,'aashay',500000002,'2018-03-11 04:42:30','2018-03-11 04:42:30'),(4391,'aashay',500000002,'2018-03-11 04:42:30','2018-03-11 04:42:30'),(4392,'a new customer',500000002,'2018-03-11 04:42:30','2018-03-11 04:42:30'),(4393,'a new customer',500000001,'2018-03-11 04:42:30','2018-03-11 04:42:30'),(4394,'a new customer',500000004,'2018-03-11 04:42:30','2018-03-11 04:42:30'),(4395,'a new customer',500000005,'2018-03-11 04:42:30','2018-03-11 04:42:30'),(4396,'aashay',500000002,'2018-03-11 04:42:30','2018-03-11 04:42:30'),(4397,'aashay',500000002,'2018-03-11 04:42:30','2018-03-11 04:42:30'),(4398,'aashay maheshbhai shah',500000002,'2018-03-11 04:42:30','2018-03-11 04:42:30'),(4399,'a new customer',500000001,'2018-03-11 04:42:30','2018-03-11 04:42:30'),(4400,'a new customer',500000004,'2018-03-11 04:42:30','2018-03-11 04:42:30'),(4401,'a new customer',500000005,'2018-03-11 04:42:30','2018-03-11 04:42:30'),(4402,'a new customer',500000006,'2018-03-11 04:42:30','2018-03-11 04:42:30'),(4403,'a new customer',500000002,'2018-03-11 04:42:30','2018-03-11 04:42:30'),(4404,'a new customer',500000002,'2018-03-11 04:42:30','2018-03-11 04:42:30'),(4405,'a new customer',500000006,'2018-03-11 04:42:30','2018-03-11 04:42:30'),(4406,'a new customer',500000001,'2018-03-11 04:42:30','2018-03-11 04:42:30'),(4407,'a new customer',500000007,'2018-03-11 04:42:30','2018-03-11 04:42:30'),(4408,'a new customer',500000002,'2018-03-11 04:42:30','2018-03-11 04:42:30'),(4409,'a new customer',500000002,'2018-03-11 04:42:30','2018-03-11 04:42:30'),(4410,'a new customer',500000002,'2018-03-11 04:42:30','2018-03-11 04:42:30'),(4411,'a new customer',500000001,'2018-03-11 04:42:30','2018-03-11 04:42:30'),(4412,'a new customer',500000004,'2018-03-11 04:42:30','2018-03-11 04:42:30'),(4413,'a new customer',500000005,'2018-03-11 04:42:30','2018-03-11 04:42:30'),(4414,'a new customer',500000006,'2018-03-11 04:42:30','2018-03-11 04:42:30'),(4415,'a new customer',500000002,'2018-03-11 04:42:30','2018-03-11 04:42:30'),(4416,'a new customer',500000007,'2018-03-11 04:42:30','2018-03-11 04:42:30'),(4417,'a new customer',500000002,'2018-03-11 04:42:30','2018-03-11 04:42:30'),(4418,'aashay',500000002,'2018-03-11 04:42:30','2018-03-11 04:42:30'),(4419,'aashay',500000002,'2018-03-11 04:42:30','2018-03-11 04:42:30'),(4420,'aashay maheshbhai shah',500000002,'2018-03-11 04:42:30','2018-03-11 04:42:30'),(4421,'aashay maheshbhai shah',500000002,'2018-03-11 04:42:30','2018-03-11 04:42:30'),(4422,'a new customer',500000005,'2018-03-11 04:42:30','2018-03-11 04:42:30'),(4423,'a new customer',500000003,'2018-03-11 04:42:30','2018-03-11 04:42:30'),(4424,'a new customer',500000007,'2018-03-11 04:42:30','2018-03-11 04:42:30'),(4425,'a new customer',500000001,'2018-03-11 04:42:30','2018-03-11 04:42:30'),(4426,'aashay maheshbhai shah',500000002,'2018-03-11 04:42:30','2018-03-11 04:42:30'),(4427,'aashay',500000002,'2018-03-11 04:42:30','2018-03-11 04:42:30'),(4428,'aashay maheshbhai shah',500000002,'2018-03-11 04:42:30','2018-03-11 04:42:30'),(4429,'aashay maheshbhai shah',500000003,'2018-03-11 04:42:30','2018-03-11 04:42:30'),(4430,'aashay maheshbhai shah',500000003,'2018-03-11 04:42:30','2018-03-11 04:42:30'),(4431,'a new customer',500000002,'2018-03-11 04:42:30','2018-03-11 04:42:30'),(4432,'a new customer',500000004,'2018-03-11 04:42:30','2018-03-11 04:42:30'),(4433,'a new customer',500000008,'2018-03-11 04:42:30','2018-03-11 04:42:30'),(4434,'a new customer',500000008,'2018-03-11 04:42:30','2018-03-11 04:42:30'),(4435,'a new customer',500000008,'2018-03-11 04:42:30','2018-03-11 04:42:30'),(4436,'a new customer',500000001,'2018-03-11 04:42:30','2018-03-11 04:42:30'),(4437,'a new customer',500000004,'2018-03-11 04:42:30','2018-03-11 04:42:30'),(4438,'a new customer',500000005,'2018-03-11 04:42:30','2018-03-11 04:42:30'),(4439,'a new customer',500000006,'2018-03-11 04:42:30','2018-03-11 04:42:30'),(4440,'a new customer',500000002,'2018-03-11 04:42:30','2018-03-11 04:42:30'),(4441,'a new customer',500000003,'2018-03-11 04:42:30','2018-03-11 04:42:30'),(4442,'aashay maheshbhai shah',500000008,'2018-03-11 04:42:30','2018-03-11 04:42:30'),(4443,'aashay maheshbhai shah',500000008,'2018-03-11 04:42:30','2018-03-11 04:42:30'),(4444,'aashay maheshbhai shah',500000008,'2018-03-11 04:42:30','2018-03-11 04:42:30'),(4445,'aashay maheshbhai shah',500000002,'2018-03-11 04:42:30','2018-03-11 04:42:30'),(4446,'a new customer',500000006,'2018-03-11 04:42:30','2018-03-11 04:42:30'),(4447,'a new customer',500000002,'2018-03-11 04:42:30','2018-03-11 04:42:30'),(4448,'a new customer',500000003,'2018-03-11 04:42:30','2018-03-11 04:42:30'),(4449,'a new customer',500000007,'2018-03-11 04:42:30','2018-03-11 04:42:30'),(4450,'a new customer',500000002,'2018-03-11 04:42:30','2018-03-11 04:42:30'),(4451,'aashay maheshbhai shah',500000002,'2018-03-11 04:42:30','2018-03-11 04:42:30'),(4452,'aashay maheshbhai shah',500000002,'2018-03-11 04:42:30','2018-03-11 04:42:30'),(4453,'aashay maheshbhai shah',500000002,'2018-03-11 04:42:30','2018-03-11 04:42:30'),(4454,'aashay maheshbhai shah',500000002,'2018-03-11 04:42:30','2018-03-11 04:42:30'),(4455,'a new customer',500000002,'2018-03-11 04:42:30','2018-03-11 04:42:30'),(4456,'aashay maheshbhai shah',500000002,'2018-03-11 04:42:30','2018-03-11 04:42:30'),(4457,'a new customer',500000008,'2018-03-11 04:42:30','2018-03-11 04:42:30'),(4458,'aashay maheshbhai shah',500000002,'2018-03-11 04:42:30','2018-03-11 04:42:30'),(4459,'aashay maheshbhai shah',500000002,'2018-03-11 04:42:30','2018-03-11 04:42:30'),(4460,'aashay maheshbhai shah',500000002,'2018-03-11 04:42:30','2018-03-11 04:42:30'),(4461,'aashay maheshbhai shah',500000002,'2018-03-11 04:42:30','2018-03-11 04:42:30'),(4462,'aashay maheshbhai shah',500000002,'2018-03-11 04:42:30','2018-03-11 04:42:30'),(4463,'aashay maheshbhai shah',500000002,'2018-03-11 04:42:30','2018-03-11 04:42:30'),(4464,'aashay maheshbhai shah',500000002,'2018-03-11 04:42:30','2018-03-11 04:42:30'),(4465,'aashay maheshbhai shah',500000002,'2018-03-11 04:42:30','2018-03-11 04:42:30'),(4466,'aashay maheshbhai shah',500000002,'2018-03-11 04:42:30','2018-03-11 04:42:30'),(4467,'aashay maheshbhai shah',500000002,'2018-03-11 04:42:30','2018-03-11 04:42:30'),(4468,'aashay maheshbhai shah',500000002,'2018-03-11 04:42:30','2018-03-11 04:42:30'),(4469,'aashay maheshbhai shah',500000002,'2018-03-11 04:42:30','2018-03-11 04:42:30'),(4470,'aashay maheshbhai shah',500000002,'2018-03-11 04:42:30','2018-03-11 04:42:30'),(4471,'a new customer',500000002,'2018-03-11 04:42:30','2018-03-11 04:42:30'),(4472,'a new customer',500000008,'2018-03-11 04:42:30','2018-03-11 04:42:30'),(4473,'a new customer',500000008,'2018-03-11 04:42:30','2018-03-11 04:42:30'),(4474,'aashay maheshbhai shah',500000002,'2018-03-11 04:42:30','2018-03-11 04:42:30'),(4475,'aashay maheshbhai shah',500000002,'2018-03-11 04:42:30','2018-03-11 04:42:30'),(4476,'aashay maheshbhai shah',500000002,'2018-03-11 04:42:30','2018-03-11 04:42:30'),(4477,'aashay maheshbhai shah',500000002,'2018-03-11 04:42:30','2018-03-11 04:42:30'),(4478,'aashay maheshbhai shah',500000002,'2018-03-11 04:42:30','2018-03-11 04:42:30'),(4479,'aashay maheshbhai shah',500000002,'2018-03-11 04:42:30','2018-03-11 04:42:30'),(4480,'aashay maheshbhai shah',500000002,'2018-03-11 04:42:30','2018-03-11 04:42:30'),(4481,'aashay maheshbhai shah',500000002,'2018-03-11 04:42:30','2018-03-11 04:42:30'),(4482,'a new customer',500000003,'2018-03-11 04:42:30','2018-03-11 04:42:30'),(4483,'aashay maheshbhai shah',500000002,'2018-03-11 04:42:30','2018-03-11 04:42:30'),(4484,'aashay maheshbhai shah',500000002,'2018-03-11 04:42:30','2018-03-11 04:42:30'),(4485,'aashay maheshbhai shah',500000002,'2018-03-11 04:42:30','2018-03-11 04:42:30'),(4486,'aashay maheshbhai shah',500000002,'2018-03-11 04:42:30','2018-03-11 04:42:30'),(4487,'aashay maheshbhai shah',500000002,'2018-03-11 04:42:30','2018-03-11 04:42:30'),(4488,'a new customer',500000002,'2018-03-11 04:42:30','2018-03-11 04:42:30'),(4489,'a new customer',500000002,'2018-03-11 04:42:30','2018-03-11 04:42:30'),(4490,'a new customer',500000005,'2018-03-11 04:42:30','2018-03-11 04:42:30'),(4491,'a new customer',500000005,'2018-03-11 04:42:30','2018-03-11 04:42:30'),(4492,'a new customer',500000005,'2018-03-11 04:42:30','2018-03-11 04:42:30'),(4493,'a new customer',500000004,'2018-03-11 04:42:30','2018-03-11 04:42:30'),(4494,'aashay maheshbhai shah',500000002,'2018-03-11 04:42:30','2018-03-11 04:42:30'),(4495,'aashay maheshbhai shah',500000008,'2018-03-11 04:42:30','2018-03-11 04:42:30'),(4496,'a new customer',500000002,'2018-03-11 04:42:30','2018-03-11 04:42:30'),(4497,'aashay maheshbhai shah',500000002,'2018-03-11 04:42:30','2018-03-11 04:42:30'),(4498,'aashay maheshbhai shah',500000002,'2018-03-11 04:42:30','2018-03-11 04:42:30'),(4499,'aashay maheshbhai shah',500000008,'2018-03-11 04:42:30','2018-03-11 04:42:30'),(4500,'aashay maheshbhai shah',500000002,'2018-03-11 04:42:30','2018-03-11 04:42:30'),(4501,'aashay maheshbhai shah',500000002,'2018-03-11 04:42:30','2018-03-11 04:42:30'),(4502,'aashay maheshbhai shah',500000002,'2018-03-11 04:42:30','2018-03-11 04:42:30'),(4503,'aashay maheshbhai shah',500000002,'2018-03-11 04:42:30','2018-03-11 04:42:30'),(4504,'aashay maheshbhai shah',500000002,'2018-03-11 04:42:30','2018-03-11 04:42:30'),(4505,'aashay maheshbhai shah',500000002,'2018-03-11 04:42:30','2018-03-11 04:42:30'),(4506,'aashay maheshbhai shah',500000002,'2018-03-11 04:42:30','2018-03-11 04:42:30'),(4507,'aashay maheshbhai shah',500000002,'2018-03-11 04:42:30','2018-03-11 04:42:30'),(4508,'aashay maheshbhai shah',500000002,'2018-03-11 04:42:30','2018-03-11 04:42:30'),(4509,'aashay maheshbhai shah',500000002,'2018-03-11 04:42:30','2018-03-11 04:42:30'),(4510,'aashay maheshbhai shah',500000002,'2018-03-11 04:42:30','2018-03-11 04:42:30'),(4511,'a new customer',500000008,'2018-03-11 04:42:30','2018-03-11 04:42:30'),(4512,'a new customer',500000002,'2018-03-11 04:42:30','2018-03-11 04:42:30'),(4513,'a new customer',500000003,'2018-03-11 04:42:30','2018-03-11 04:42:30'),(4514,'a new customer',500000007,'2018-03-11 04:42:30','2018-03-11 04:42:30'),(4515,'aashay maheshbhai shah',500000008,'2018-03-11 04:42:30','2018-03-11 04:42:30'),(4516,'aashay maheshbhai shah',500000002,'2018-03-11 04:42:30','2018-03-11 04:42:30'),(4517,'a new customer',500000004,'2018-03-11 04:42:30','2018-03-11 04:42:30'),(4518,'a new customer',500000001,'2018-03-11 04:42:30','2018-03-11 04:42:30'),(4519,'aashay maheshbhai shah',500000002,'2018-03-11 04:42:30','2018-03-11 04:42:30'),(4520,'aashay maheshbhai shah',500000002,'2018-03-11 04:42:30','2018-03-11 04:42:30'),(4521,'aashay maheshbhai shah',500000002,'2018-03-11 04:42:30','2018-03-11 04:42:30'),(4522,'aashay maheshbhai shah',500000002,'2018-03-11 04:42:30','2018-03-11 04:42:30'),(4523,'aashay maheshbhai shah',500000002,'2018-03-11 04:42:30','2018-03-11 04:42:30'),(4524,'aashay maheshbhai shah',500000002,'2018-03-11 04:42:30','2018-03-11 04:42:30'),(4525,'aashay maheshbhai shah',500000002,'2018-03-11 04:42:30','2018-03-11 04:42:30'),(4526,'aashay maheshbhai shah',500000002,'2018-03-11 04:42:30','2018-03-11 04:42:30'),(4527,'a new customer',500000002,'2018-03-11 04:42:30','2018-03-11 04:42:30'),(4528,'aashay maheshbhai shah',500000002,'2018-03-11 04:42:30','2018-03-11 04:42:30'),(4529,'a new customer',500000002,'2018-03-11 04:42:30','2018-03-11 04:42:30'),(4530,'aashay maheshbhai shah',500000002,'2018-03-11 04:42:30','2018-03-11 04:42:30'),(4531,'aashay maheshbhai shah',500000002,'2018-03-11 04:42:30','2018-03-11 04:42:30'),(4532,'aashay maheshbhai shah',500000002,'2018-03-11 04:42:30','2018-03-11 04:42:30'),(4533,'aashay maheshbhai shah',500000002,'2018-03-11 04:42:30','2018-03-11 04:42:30'),(4534,'aashay maheshbhai shah',500000002,'2018-03-11 04:42:30','2018-03-11 04:42:30'),(4535,'aashay maheshbhai shah',500000002,'2018-03-11 04:42:30','2018-03-11 04:42:30'),(4536,'a new customer',500000008,'2018-03-11 04:42:30','2018-03-11 04:42:30'),(4537,'aashay maheshbhai shah',500000002,'2018-03-11 04:42:30','2018-03-11 04:42:30'),(4538,'aashay maheshbhai shah',500000002,'2018-03-11 04:42:30','2018-03-11 04:42:30'),(4539,'aashay maheshbhai shah',500000002,'2018-03-11 04:42:30','2018-03-11 04:42:30'),(4540,'aashay maheshbhai shah',500000002,'2018-03-11 04:42:30','2018-03-11 04:42:30'),(4541,'aashay maheshbhai shah',500000002,'2018-03-11 04:42:30','2018-03-11 04:42:30'),(4542,'aashay maheshbhai shah',500000002,'2018-03-11 04:42:30','2018-03-11 04:42:30'),(4543,'aashay maheshbhai shah',500000002,'2018-03-11 04:42:30','2018-03-11 04:42:30'),(4544,'aashay maheshbhai shah',500000002,'2018-03-11 04:42:30','2018-03-11 04:42:30'),(4545,'aashay maheshbhai shah',500000002,'2018-03-11 04:42:30','2018-03-11 04:42:30'),(4546,'aashay maheshbhai shah',500000002,'2018-03-11 04:42:30','2018-03-11 04:42:30'),(4547,'aashay maheshbhai shah',500000002,'2018-03-11 04:42:30','2018-03-11 04:42:30'),(4548,'aashay maheshbhai shah',500000002,'2018-03-11 04:42:30','2018-03-11 04:42:30'),(4549,'aashay maheshbhai shah',500000002,'2018-03-11 04:42:30','2018-03-11 04:42:30'),(4550,'aashay maheshbhai shah',500000002,'2018-03-11 04:42:30','2018-03-11 04:42:30'),(4551,'aashay maheshbhai shah',500000002,'2018-03-11 04:42:30','2018-03-11 04:42:30'),(4552,'aashay maheshbhai shah',500000002,'2018-03-11 04:42:30','2018-03-11 04:42:30'),(4553,'aashay maheshbhai shah',500000002,'2018-03-11 04:42:30','2018-03-11 04:42:30'),(4554,'aashay maheshbhai shah',500000002,'2018-03-11 04:42:30','2018-03-11 04:42:30'),(4555,'aashay maheshbhai shah',500000002,'2018-03-11 04:42:30','2018-03-11 04:42:30'),(4556,'aashay',500000003,'2018-03-11 04:42:30','2018-03-11 04:42:30'),(4557,'aashay',500000008,'2018-03-11 04:42:30','2018-03-11 04:42:30'),(4558,'aashay',500000002,'2018-03-11 04:42:30','2018-03-11 04:42:30'),(4559,'aashay',500000003,'2018-03-11 04:42:30','2018-03-11 04:42:30'),(4560,'aashay',500000008,'2018-03-11 04:42:30','2018-03-11 04:42:30'),(4561,'aashay',500000002,'2018-03-11 04:42:30','2018-03-11 04:42:30'),(4562,'aashay',500000003,'2018-03-11 04:42:30','2018-03-11 04:42:30'),(4563,'aashay',500000002,'2018-03-11 04:42:30','2018-03-11 04:42:30'),(4564,'aashay',500000008,'2018-03-11 04:42:30','2018-03-11 04:42:30'),(4565,'aashay',500000002,'2018-03-11 04:42:30','2018-03-11 04:42:30'),(4566,'aashay',500000002,'2018-03-11 04:42:30','2018-03-11 04:42:30'),(4567,'aashay',500000002,'2018-03-11 04:42:30','2018-03-11 04:42:30'),(4568,'aashay',500000002,'2018-03-11 04:42:30','2018-03-11 04:42:30'),(4569,'aashay',500000002,'2018-03-11 04:42:30','2018-03-11 04:42:30'),(4570,'aashay',500000002,'2018-03-11 04:42:30','2018-03-11 04:42:30'),(4571,'aashay',500000002,'2018-03-11 04:42:30','2018-03-11 04:42:30'),(4572,'aashay',500000002,'2018-03-11 04:42:30','2018-03-11 04:42:30'),(4573,'aashay',500000002,'2018-03-11 04:42:30','2018-03-11 04:42:30'),(4574,'aashay',500000002,'2018-03-11 04:42:30','2018-03-11 04:42:30'),(4575,'aashay maheshbhai shah',500000002,'2018-03-11 04:42:30','2018-03-11 04:42:30'),(4576,'a new customer',500000002,'2018-03-11 04:42:30','2018-03-11 04:42:30'),(4577,'a new customer',500000003,'2018-03-11 04:42:30','2018-03-11 04:42:30'),(4578,'a new customer',500000007,'2018-03-11 04:42:30','2018-03-11 04:42:30'),(4579,'a new customer',500000008,'2018-03-11 04:42:30','2018-03-11 04:42:30'),(4580,'a new customer',500000002,'2018-03-11 04:42:30','2018-03-11 04:42:30'),(4581,'a new customer',500000002,'2018-03-11 04:42:30','2018-03-11 04:42:30'),(4582,'aashay',500000002,'2018-03-11 04:42:30','2018-03-11 04:42:30'),(4583,'a new customer',500000002,'2018-03-11 04:42:30','2018-03-11 04:42:30'),(4584,'a new customer',500000002,'2018-03-11 04:42:30','2018-03-11 04:42:30'),(4585,'a new customer',500000003,'2018-03-11 04:42:30','2018-03-11 04:42:30'),(4586,'a new customer',500000002,'2018-03-11 04:42:30','2018-03-11 04:42:30'),(4587,'a new customer',500000002,'2018-03-11 04:42:30','2018-03-11 04:42:30'),(4588,'a new customer',500000003,'2018-03-11 04:42:30','2018-03-11 04:42:30'),(4589,'a new customer',500000003,'2018-03-11 04:42:30','2018-03-11 04:42:30'),(4590,'a new customer',500000004,'2018-03-11 04:42:30','2018-03-11 04:42:30'),(4591,'a new customer',500000004,'2018-03-11 04:42:30','2018-03-11 04:42:30'),(4592,'a new customer',500000002,'2018-03-11 04:42:30','2018-03-11 04:42:30'),(4593,'a new customer',500000002,'2018-03-11 04:42:30','2018-03-11 04:42:30'),(4594,'a new customer',500000005,'2018-03-11 04:42:30','2018-03-11 04:42:30'),(4595,'a new customer',500000008,'2018-03-11 04:42:30','2018-03-11 04:42:30'),(4596,'a new customer',500000002,'2018-03-11 04:42:30','2018-03-11 04:42:30'),(4597,'a new customer',500000002,'2018-03-11 04:42:30','2018-03-11 04:42:30'),(4598,'a new customer',500000002,'2018-03-11 04:42:30','2018-03-11 04:42:30'),(4599,'a new customer',500000007,'2018-03-11 04:42:30','2018-03-11 04:42:30'),(4600,'a new customer',500000004,'2018-03-11 04:42:30','2018-03-11 04:42:30'),(4601,'a new customer',500000008,'2018-03-11 04:42:30','2018-03-11 04:42:30'),(4602,'a new customer',500000003,'2018-03-11 04:42:30','2018-03-11 04:42:30'),(4603,'a new customer',500000002,'2018-03-11 04:42:30','2018-03-11 04:42:30'),(4604,'a new customer',500000005,'2018-03-11 04:42:30','2018-03-11 04:42:30'),(4605,'a new customer',500000002,'2018-03-11 04:42:30','2018-03-11 04:42:30'),(4606,'a new customer',500000002,'2018-03-11 04:42:30','2018-03-11 04:42:30'),(4607,'a new customer',500000002,'2018-03-11 04:42:30','2018-03-11 04:42:30'),(4608,'aashay',500000002,'2018-03-11 04:42:30','2018-03-11 04:42:30'),(4609,'a new customer',500000002,'2018-03-11 04:42:30','2018-03-11 04:42:30'),(4610,'aashay',500000002,'2018-03-11 04:42:30','2018-03-11 04:42:30'),(4611,'aashay',500000002,'2018-03-11 04:42:30','2018-03-11 04:42:30'),(4612,'aashay',500000002,'2018-03-11 04:42:30','2018-03-11 04:42:30'),(4613,'aashay',500000002,'2018-03-11 04:42:30','2018-03-11 04:42:30'),(4614,'aashay',500000002,'2018-03-11 04:42:30','2018-03-11 04:42:30'),(4615,'aashay',500000002,'2018-03-11 04:42:30','2018-03-11 04:42:30'),(4616,'aashay',500000002,'2018-03-11 04:42:30','2018-03-11 04:42:30'),(4617,'aashay',500000002,'2018-03-11 04:42:30','2018-03-11 04:42:30'),(4618,'aashay',500000002,'2018-03-11 04:42:30','2018-03-11 04:42:30'),(4619,'a new customer',500000002,'2018-03-11 04:42:30','2018-03-11 04:42:30'),(4620,'aashay',500000002,'2018-03-11 04:42:30','2018-03-11 04:42:30'),(4621,'aashay',500000002,'2018-03-11 04:42:30','2018-03-11 04:42:30'),(4622,'aashay',500000002,'2018-03-11 04:42:30','2018-03-11 04:42:30'),(4623,'a new customer',500000002,'2018-03-11 04:42:30','2018-03-11 04:42:30'),(4624,'aashay',500000002,'2018-03-11 04:42:30','2018-03-11 04:42:30'),(4625,'aashay',500000002,'2018-03-11 04:42:30','2018-03-11 04:42:30'),(4626,'aashay',500000002,'2018-03-11 04:42:30','2018-03-11 04:42:30'),(4627,'a new customer',500000002,'2018-03-11 04:42:30','2018-03-11 04:42:30'),(4628,'aashay',500000002,'2018-03-11 04:42:30','2018-03-11 04:42:30'),(4629,'a new customer',500000002,'2018-03-11 04:42:30','2018-03-11 04:42:30'),(4630,'aashay',500000002,'2018-03-11 04:42:30','2018-03-11 04:42:30'),(4631,'a new customer',500000002,'2018-03-11 04:42:30','2018-03-11 04:42:30'),(4632,'aashay',500000002,'2018-03-11 04:42:30','2018-03-11 04:42:30'),(4633,'aashay',500000002,'2018-03-11 04:42:30','2018-03-11 04:42:30'),(4634,'aashay',500000002,'2018-03-11 04:42:30','2018-03-11 04:42:30'),(4635,'aashay',500000002,'2018-03-11 04:42:30','2018-03-11 04:42:30'),(4636,'a new customer',500000002,'2018-03-11 04:42:30','2018-03-11 04:42:30'),(4637,'a new customer',500000002,'2018-03-11 04:42:30','2018-03-11 04:42:30'),(4638,'aashay',500000002,'2018-03-11 04:42:30','2018-03-11 04:42:30'),(4639,'aashay',500000002,'2018-03-11 04:42:30','2018-03-11 04:42:30'),(4640,'aashay',500000002,'2018-03-11 04:42:30','2018-03-11 04:42:30'),(4641,'a new customer',500000002,'2018-03-11 04:42:30','2018-03-11 04:42:30'),(4642,'aashay',500000002,'2018-03-11 04:42:30','2018-03-11 04:42:30'),(4643,'aashay',500000002,'2018-03-11 04:42:30','2018-03-11 04:42:30'),(4644,'aashay',500000002,'2018-03-11 04:42:30','2018-03-11 04:42:30'),(4645,'aashay',500000002,'2018-03-11 04:42:30','2018-03-11 04:42:30'),(4646,'aashay',500000002,'2018-03-11 04:42:30','2018-03-11 04:42:30'),(4647,'aashay',500000002,'2018-03-11 04:42:30','2018-03-11 04:42:30'),(4648,'aashay',500000002,'2018-03-11 04:42:30','2018-03-11 04:42:30'),(4649,'aashay',500000002,'2018-03-11 04:42:30','2018-03-11 04:42:30'),(4650,'aashay',500000002,'2018-03-11 04:42:30','2018-03-11 04:42:30'),(4651,'aashay',500000002,'2018-03-11 04:42:30','2018-03-11 04:42:30'),(4652,'aashay',500000002,'2018-03-11 04:42:30','2018-03-11 04:42:30'),(4653,'aashay',500000002,'2018-03-11 04:42:30','2018-03-11 04:42:30'),(4654,'a new customer',500000008,'2018-03-11 04:42:30','2018-03-11 04:42:30'),(4655,'a new customer',500000002,'2018-03-11 04:42:30','2018-03-11 04:42:30'),(4656,'a new customer',500000008,'2018-03-11 04:42:30','2018-03-11 04:42:30'),(4657,'a new customer',500000002,'2018-03-11 04:42:30','2018-03-11 04:42:30'),(4658,'a new customer',500000007,'2018-03-11 04:42:30','2018-03-11 04:42:30'),(4659,'a new customer',500000007,'2018-03-11 04:42:30','2018-03-11 04:42:30'),(4660,'a new customer',500000003,'2018-03-11 04:42:30','2018-03-11 04:42:30'),(4661,'a new customer',500000004,'2018-03-11 04:42:30','2018-03-11 04:42:30'),(4662,'aashay',500000002,'2018-03-11 04:42:30','2018-03-11 04:42:30'),(4663,'a new customer',500000003,'2018-03-11 04:42:30','2018-03-11 04:42:30'),(4664,'a new customer',500000007,'2018-03-11 04:42:30','2018-03-11 04:42:30'),(4665,'a new customer',500000004,'2018-03-11 04:42:30','2018-03-11 04:42:30'),(4666,'a new customer',500000001,'2018-03-11 04:42:30','2018-03-11 04:42:30'),(4667,'a new customer',500000008,'2018-03-11 04:42:30','2018-03-11 04:42:30'),(4668,'a new customer',500000005,'2018-03-11 04:42:30','2018-03-11 04:42:30'),(4669,'a new customer',500000006,'2018-03-11 04:42:30','2018-03-11 04:42:30'),(4670,'a new customer',500000002,'2018-03-11 04:42:30','2018-03-11 04:42:30'),(4671,'a new customer',500000006,'2018-03-11 04:42:30','2018-03-11 04:42:30'),(4672,'a new customer',500000008,'2018-03-11 04:42:30','2018-03-11 04:42:30'),(4673,'a new customer',500000008,'2018-03-11 04:42:30','2018-03-11 04:42:30'),(4674,'a new customer',500000006,'2018-03-11 04:42:30','2018-03-11 04:42:30'),(4675,'aashay',500000002,'2018-03-11 04:42:30','2018-03-11 04:42:30'),(4676,'a new customer',500000002,'2018-03-11 04:42:30','2018-03-11 04:42:30'),(4677,'a new customer',500000002,'2018-03-11 04:42:30','2018-03-11 04:42:30'),(4678,'a new customer',500000003,'2018-03-11 04:42:30','2018-03-11 04:42:30'),(4679,'aashay',500000002,'2018-03-11 04:42:30','2018-03-11 04:42:30'),(4680,'a new customer',500000006,'2018-03-11 04:42:30','2018-03-11 04:42:30'),(4681,'a new customer',500000008,'2018-03-11 04:42:30','2018-03-11 04:42:30'),(4682,'a new customer',500000008,'2018-03-11 04:42:30','2018-03-11 04:42:30'),(4683,'a new customer',500000001,'2018-03-11 04:42:30','2018-03-11 04:42:30'),(4684,'a new customer',500000004,'2018-03-11 04:42:30','2018-03-11 04:42:30'),(4685,'a new customer',500000005,'2018-03-11 04:42:30','2018-03-11 04:42:30'),(4686,'a new customer',500000004,'2018-03-11 04:42:30','2018-03-11 04:42:30'),(4687,'a new customer',500000006,'2018-03-11 04:42:30','2018-03-11 04:42:30'),(4688,'a new customer',500000007,'2018-03-11 04:42:30','2018-03-11 04:42:30'),(4689,'a new customer',500000008,'2018-03-11 04:42:30','2018-03-11 04:42:30'),(4690,'a new customer',500000006,'2018-03-11 04:42:30','2018-03-11 04:42:30'),(4691,'a new customer',500000004,'2018-03-11 04:42:30','2018-03-11 04:42:30'),(4692,'a new customer',500000002,'2018-03-11 04:42:30','2018-03-11 04:42:30'),(4693,'a new customer',500000007,'2018-03-11 04:42:30','2018-03-11 04:42:30'),(4694,'a new customer',500000004,'2018-03-11 04:42:30','2018-03-11 04:42:30'),(4695,'a new customer',500000003,'2018-03-11 04:42:30','2018-03-11 04:42:30'),(4696,'a new customer',500000002,'2018-03-11 04:42:30','2018-03-11 04:42:30'),(4697,'a new customer',500000001,'2018-03-11 04:42:30','2018-03-11 04:42:30'),(4698,'a new customer',500000005,'2018-03-11 04:42:30','2018-03-11 04:42:30'),(4699,'a new customer',500000006,'2018-03-11 04:42:30','2018-03-11 04:42:30'),(4700,'a new customer',500000006,'2018-03-11 04:42:30','2018-03-11 04:42:30'),(4701,'a new customer',500000006,'2018-03-11 04:42:30','2018-03-11 04:42:30'),(4702,'a new customer',500000005,'2018-03-11 04:42:30','2018-03-11 04:42:30'),(4703,'a new customer',500000006,'2018-03-11 04:42:30','2018-03-11 04:42:30'),(4704,'aashay',500000003,'2018-03-11 04:42:30','2018-03-11 04:42:30'),(4705,'a new customer',500000007,'2018-03-11 04:42:30','2018-03-11 04:42:30'),(4706,'a new customer',500000005,'2018-03-11 04:42:30','2018-03-11 04:42:30'),(4707,'a new customer',500000004,'2018-03-11 04:42:30','2018-03-11 04:42:30'),(4708,'a new customer',500000001,'2018-03-11 04:42:30','2018-03-11 04:42:30'),(4709,'a new customer',500000003,'2018-03-11 04:42:30','2018-03-11 04:42:30'),(4710,'a new customer',500000002,'2018-03-11 04:42:30','2018-03-11 04:42:30'),(4711,'a new customer',500000002,'2018-03-11 04:42:30','2018-03-11 04:42:30'),(4712,'a new customer',500000002,'2018-03-11 04:42:30','2018-03-11 04:42:30'),(4713,'a new customer',500000003,'2018-03-11 04:42:30','2018-03-11 04:42:30'),(4714,'a new customer',500000002,'2018-03-11 04:42:30','2018-03-11 04:42:30'),(4715,'a new customer',500000003,'2018-03-11 04:42:30','2018-03-11 04:42:30'),(4716,'a new customer',500000002,'2018-03-11 04:42:30','2018-03-11 04:42:30'),(4717,'a new customer',500000002,'2018-03-11 04:42:30','2018-03-11 04:42:30'),(4718,'a new customer',500000007,'2018-03-11 04:42:30','2018-03-11 04:42:30'),(4719,'a new customer',500000006,'2018-03-11 04:42:30','2018-03-11 04:42:30'),(4720,'a new customer',500000006,'2018-03-11 04:42:30','2018-03-11 04:42:30'),(4721,'a new customer',500000006,'2018-03-11 04:42:30','2018-03-11 04:42:30'),(4722,'a new customer',500000006,'2018-03-11 04:42:30','2018-03-11 04:42:30'),(4723,'a new customer',500000008,'2018-03-11 04:42:30','2018-03-11 04:42:30'),(4724,'a new customer',500000006,'2018-03-11 04:42:30','2018-03-11 04:42:30'),(4725,'a new customer',500000006,'2018-03-11 04:42:30','2018-03-11 04:42:30'),(4726,'a new customer',500000006,'2018-03-11 04:42:30','2018-03-11 04:42:30'),(4727,'a new customer',500000006,'2018-03-11 04:42:30','2018-03-11 04:42:30'),(4728,'a new customer',500000002,'2018-03-11 04:42:30','2018-03-11 04:42:30'),(4729,'a new customer',500000006,'2018-03-11 04:42:30','2018-03-11 04:42:30'),(4730,'a new customer',500000007,'2018-03-11 04:42:30','2018-03-11 04:42:30'),(4731,'a new customer',500000005,'2018-03-11 04:42:30','2018-03-11 04:42:30'),(4732,'a new customer',500000002,'2018-03-11 04:42:30','2018-03-11 04:42:30'),(4733,'a new customer',500000004,'2018-03-11 04:42:30','2018-03-11 04:42:30'),(4734,'a new customer',500000003,'2018-03-11 04:42:30','2018-03-11 04:42:30'),(4735,'a new customer',500000007,'2018-03-11 04:42:30','2018-03-11 04:42:30'),(4736,'a new customer',500000005,'2018-03-11 04:42:30','2018-03-11 04:42:30'),(4737,'a new customer',500000002,'2018-03-11 04:42:30','2018-03-11 04:42:30'),(4738,'a new customer',500000004,'2018-03-11 04:42:30','2018-03-11 04:42:30'),(4739,'a new customer',500000002,'2018-03-11 04:42:30','2018-03-11 04:42:30'),(4740,'a new customer',500000006,'2018-03-11 04:42:30','2018-03-11 04:42:30'),(4741,'a new customer',500000001,'2018-03-11 04:42:30','2018-03-11 04:42:30'),(4742,'a new customer',500000008,'2018-03-11 04:42:30','2018-03-11 04:42:30'),(4743,'a new customer',500000004,'2018-03-11 04:42:30','2018-03-11 04:42:30'),(4744,'a new customer',500000006,'2018-03-11 04:42:30','2018-03-11 04:42:30'),(4745,'a new customer',500000002,'2018-03-11 04:42:30','2018-03-11 04:42:30'),(4746,'a new customer',500000004,'2018-03-11 04:42:30','2018-03-11 04:42:30'),(4747,'a new customer',500000006,'2018-03-11 04:42:30','2018-03-11 04:42:30'),(4748,'a new customer',500000005,'2018-03-11 04:42:30','2018-03-11 04:42:30'),(4749,'a new customer',500000002,'2018-03-11 04:42:30','2018-03-11 04:42:30'),(4750,'a new customer',500000003,'2018-03-11 04:42:30','2018-03-11 04:42:30'),(4751,'a new customer',500000002,'2018-03-11 04:42:30','2018-03-11 04:42:30'),(4752,'a new customer',500000004,'2018-03-11 04:42:30','2018-03-11 04:42:30'),(4753,'a new customer',500000002,'2018-03-11 04:42:30','2018-03-11 04:42:30'),(4754,'a new customer',500000006,'2018-03-11 04:42:30','2018-03-11 04:42:30'),(4755,'a new customer',500000004,'2018-03-11 04:42:30','2018-03-11 04:42:30'),(4756,'a new customer',500000006,'2018-03-11 04:42:30','2018-03-11 04:42:30'),(4757,'a new customer',500000005,'2018-03-11 04:42:30','2018-03-11 04:42:30'),(4758,'a new customer',500000006,'2018-03-11 04:42:30','2018-03-11 04:42:30'),(4759,'a new customer',500000004,'2018-03-11 04:42:30','2018-03-11 04:42:30'),(4760,'a new customer',500000005,'2018-03-11 04:42:30','2018-03-11 04:42:30'),(4761,'a new customer',500000005,'2018-03-11 04:42:30','2018-03-11 04:42:30'),(4762,'a new customer',500000005,'2018-03-11 04:42:30','2018-03-11 04:42:30'),(4763,'a new customer',500000001,'2018-03-11 04:42:30','2018-03-11 04:42:30'),(4764,'a new customer',500000006,'2018-03-11 04:42:30','2018-03-11 04:42:30'),(4765,'a new customer',500000004,'2018-03-11 04:42:30','2018-03-11 04:42:30'),(4766,'a new customer',500000004,'2018-03-11 04:42:30','2018-03-11 04:42:30'),(4767,'a new customer',500000002,'2018-03-11 04:42:30','2018-03-11 04:42:30'),(4768,'a new customer',500000005,'2018-03-11 04:42:30','2018-03-11 04:42:30'),(4769,'a new customer',500000003,'2018-03-11 04:42:30','2018-03-11 04:42:30'),(4770,'a new customer',500000008,'2018-03-11 04:42:30','2018-03-11 04:42:30'),(4771,'a new customer',500000004,'2018-03-11 04:42:30','2018-03-11 04:42:30'),(4772,'a new customer',500000005,'2018-03-11 04:42:30','2018-03-11 04:42:30'),(4773,'a new customer',500000002,'2018-03-11 04:42:30','2018-03-11 04:42:30'),(4774,'a new customer',500000004,'2018-03-11 04:42:30','2018-03-11 04:42:30'),(4775,'a new customer',500000005,'2018-03-11 04:42:30','2018-03-11 04:42:30'),(4776,'a new customer',500000007,'2018-03-11 04:42:30','2018-03-11 04:42:30'),(4777,'a new customer',500000004,'2018-03-11 04:42:30','2018-03-11 04:42:30'),(4778,'a new customer',500000003,'2018-03-11 04:42:30','2018-03-11 04:42:30'),(4779,'a new customer',500000004,'2018-03-11 04:42:30','2018-03-11 04:42:30'),(4780,'a new customer',500000005,'2018-03-11 04:42:30','2018-03-11 04:42:30'),(4781,'a new customer',500000004,'2018-03-11 04:42:30','2018-03-11 04:42:30'),(4782,'a new customer',500000005,'2018-03-11 04:42:30','2018-03-11 04:42:30'),(4783,'a new customer',500000006,'2018-03-11 04:42:30','2018-03-11 04:42:30'),(4784,'a new customer',500000004,'2018-03-11 04:42:30','2018-03-11 04:42:30'),(4785,'a new customer',500000005,'2018-03-11 04:42:30','2018-03-11 04:42:30'),(4786,'a new customer',500000006,'2018-03-11 04:42:30','2018-03-11 04:42:30'),(4787,'a new customer',500000002,'2018-03-11 04:42:30','2018-03-11 04:42:30'),(4788,'a new customer',500000006,'2018-03-11 04:42:30','2018-03-11 04:42:30'),(4789,'a new customer',500000003,'2018-03-11 04:42:30','2018-03-11 04:42:30'),(4790,'a new customer',500000002,'2018-03-11 04:42:30','2018-03-11 04:42:30'),(4791,'a new customer',500000002,'2018-03-11 04:42:30','2018-03-11 04:42:30'),(4792,'a new customer',500000002,'2018-03-11 04:42:30','2018-03-11 04:42:30'),(4793,'a new customer',500000004,'2018-03-11 04:42:30','2018-03-11 04:42:30'),(4794,'a new customer',500000005,'2018-03-11 04:42:30','2018-03-11 04:42:30'),(4795,'a new customer',500000003,'2018-03-11 04:42:30','2018-03-11 04:42:30'),(4796,'a new customer',500000004,'2018-03-11 04:42:30','2018-03-11 04:42:30'),(4797,'a new customer',500000006,'2018-03-11 04:42:30','2018-03-11 04:42:30'),(4798,'a new customer',500000006,'2018-03-11 04:42:30','2018-03-11 04:42:30'),(4799,'a new customer',500000005,'2018-03-11 04:42:30','2018-03-11 04:42:30'),(4800,'a new customer',500000004,'2018-03-11 04:42:30','2018-03-11 04:42:30'),(4801,'a new customer',500000005,'2018-03-11 04:42:30','2018-03-11 04:42:30'),(4802,'a new customer',500000001,'2018-03-11 04:42:30','2018-03-11 04:42:30'),(4803,'a new customer',500000004,'2018-03-11 04:42:30','2018-03-11 04:42:30'),(4804,'a new customer',500000006,'2018-03-11 04:42:30','2018-03-11 04:42:30'),(4805,'a new customer',500000002,'2018-03-11 04:42:30','2018-03-11 04:42:30'),(4806,'a new customer',500000005,'2018-03-11 04:42:30','2018-03-11 04:42:30'),(4807,'a new customer',500000006,'2018-03-11 04:42:30','2018-03-11 04:42:30'),(4808,'a new customer',500000003,'2018-03-11 04:42:30','2018-03-11 04:42:30'),(4809,'a new customer',500000002,'2018-03-11 04:42:30','2018-03-11 04:42:30'),(4810,'a new customer',500000002,'2018-03-11 04:42:30','2018-03-11 04:42:30'),(4811,'a new customer',500000005,'2018-03-11 04:42:30','2018-03-11 04:42:30'),(4812,'a new customer',500000006,'2018-03-11 04:42:30','2018-03-11 04:42:30'),(4813,'a new customer',500000003,'2018-03-11 04:42:30','2018-03-11 04:42:30'),(4814,'a new customer',500000005,'2018-03-11 04:42:30','2018-03-11 04:42:30'),(4815,'a new customer',500000002,'2018-03-11 04:42:30','2018-03-11 04:42:30'),(4816,'a new customer',500000002,'2018-03-11 04:42:30','2018-03-11 04:42:30'),(4817,'a new customer',500000002,'2018-03-11 04:42:30','2018-03-11 04:42:30'),(4818,'a new customer',500000002,'2018-03-11 04:42:30','2018-03-11 04:42:30'),(4819,'a new customer',500000002,'2018-03-11 04:42:30','2018-03-11 04:42:30'),(4820,'aashay',500000002,'2018-03-11 04:42:30','2018-03-11 04:42:30'),(4821,'aashay',500000002,'2018-03-11 04:42:30','2018-03-11 04:42:30'),(4822,'a new customer',500000002,'2018-03-11 04:42:30','2018-03-11 04:42:30'),(4823,'a new customer',500000002,'2018-03-11 04:42:30','2018-03-11 04:42:30'),(4824,'a new customer',500000002,'2018-03-11 04:42:30','2018-03-11 04:42:30'),(4825,'a new customer',500000003,'2018-03-11 04:42:30','2018-03-11 04:42:30'),(4826,'a new customer',500000007,'2018-03-11 04:42:30','2018-03-11 04:42:30'),(4827,'a new customer',500000004,'2018-03-11 04:42:30','2018-03-11 04:42:30'),(4828,'a new customer',500000004,'2018-03-11 04:42:30','2018-03-11 04:42:30'),(4829,'a new customer',500000004,'2018-03-11 04:42:30','2018-03-11 04:42:30'),(4830,'a new customer',500000007,'2018-03-11 04:42:30','2018-03-11 04:42:30'),(4831,'a new customer',500000008,'2018-03-11 04:42:30','2018-03-11 04:42:30'),(4832,'a new customer',500000006,'2018-03-11 04:42:30','2018-03-11 04:42:30'),(4833,'a new customer',500000001,'2018-03-11 04:42:30','2018-03-11 04:42:30'),(4834,'a new customer',500000004,'2018-03-11 04:42:30','2018-03-11 04:42:30'),(4835,'a new customer',500000007,'2018-03-11 04:42:30','2018-03-11 04:42:30'),(4836,'a new customer',500000003,'2018-03-11 04:42:30','2018-03-11 04:42:30'),(4837,'a new customer',500000002,'2018-03-11 04:42:30','2018-03-11 04:42:30'),(4838,'a new customer',500000002,'2018-03-11 04:42:30','2018-03-11 04:42:30'),(4839,'a new customer',500000008,'2018-03-11 04:42:30','2018-03-11 04:42:30'),(4840,'a new customer',500000004,'2018-03-11 04:42:30','2018-03-11 04:42:30'),(4841,'a new customer',500000005,'2018-03-11 04:42:30','2018-03-11 04:42:30'),(4842,'a new customer',500000002,'2018-03-11 04:42:30','2018-03-11 04:42:30'),(4843,'a new customer',500000006,'2018-03-11 04:42:30','2018-03-11 04:42:30'),(4844,'a new customer',500000008,'2018-03-11 04:42:30','2018-03-11 04:42:30'),(4845,'a new customer',500000008,'2018-03-11 04:42:30','2018-03-11 04:42:30'),(4846,'a new customer',500000007,'2018-03-11 04:42:30','2018-03-11 04:42:30'),(4847,'a new customer',500000004,'2018-03-11 04:42:30','2018-03-11 04:42:30'),(4848,'a new customer',500000002,'2018-03-11 04:42:30','2018-03-11 04:42:30'),(4849,'a new customer',500000008,'2018-03-11 04:42:30','2018-03-11 04:42:30'),(4850,'a new customer',500000002,'2018-03-11 04:42:30','2018-03-11 04:42:30'),(4851,'a new customer',500000008,'2018-03-11 04:42:30','2018-03-11 04:42:30'),(4852,'a new customer',500000003,'2018-03-11 04:42:30','2018-03-11 04:42:30'),(4853,'a new customer',500000005,'2018-03-11 04:42:30','2018-03-11 04:42:30'),(4854,'a new customer',500000002,'2018-03-11 04:42:30','2018-03-11 04:42:30'),(4855,'a new customer',500000002,'2018-03-11 04:42:30','2018-03-11 04:42:30'),(4856,'a new customer',500000004,'2018-03-11 04:42:30','2018-03-11 04:42:30'),(4857,'a new customer',500000007,'2018-03-11 04:42:30','2018-03-11 04:42:30'),(4858,'a new customer',500000004,'2018-03-11 04:42:30','2018-03-11 04:42:30'),(4859,'a new customer',500000008,'2018-03-11 04:42:30','2018-03-11 04:42:30'),(4860,'a new customer',500000003,'2018-03-11 04:42:30','2018-03-11 04:42:30'),(4861,'a new customer',500000003,'2018-03-11 04:42:30','2018-03-11 04:42:30'),(4862,'a new customer',500000003,'2018-03-11 04:42:30','2018-03-11 04:42:30'),(4863,'a new customer',500000002,'2018-03-11 04:42:30','2018-03-11 04:42:30'),(4864,'a new customer',500000003,'2018-03-11 04:42:30','2018-03-11 04:42:30'),(4865,'a new customer',500000007,'2018-03-11 04:42:30','2018-03-11 04:42:30'),(4866,'a new customer',500000004,'2018-03-11 04:42:30','2018-03-11 04:42:30'),(4867,'a new customer',500000007,'2018-03-11 04:42:30','2018-03-11 04:42:30'),(4868,'a new customer',500000002,'2018-03-11 04:42:30','2018-03-11 04:42:30'),(4869,'a new customer',500000003,'2018-03-11 04:42:30','2018-03-11 04:42:30'),(4870,'a new customer',500000002,'2018-03-11 04:42:30','2018-03-11 04:42:30'),(4871,'a new customer',500000002,'2018-03-11 04:42:30','2018-03-11 04:42:30'),(4872,'a new customer',500000003,'2018-03-11 04:42:30','2018-03-11 04:42:30'),(4873,'a new customer',500000003,'2018-03-11 04:42:30','2018-03-11 04:42:30'),(4874,'a new customer',500000005,'2018-03-11 04:42:30','2018-03-11 04:42:30'),(4875,'a new customer',500000002,'2018-03-11 04:42:30','2018-03-11 04:42:30'),(4876,'a new customer',500000003,'2018-03-11 04:42:30','2018-03-11 04:42:30'),(4877,'a new customer',500000006,'2018-03-11 04:42:30','2018-03-11 04:42:30'),(4878,'a new customer',500000002,'2018-03-11 04:42:30','2018-03-11 04:42:30'),(4879,'a new customer',500000001,'2018-03-11 04:42:30','2018-03-11 04:42:30'),(4880,'a new customer',500000002,'2018-03-11 04:42:30','2018-03-11 04:42:30'),(4881,'a new customer',500000002,'2018-03-11 04:42:30','2018-03-11 04:42:30'),(4882,'a new customer',500000002,'2018-03-11 04:42:30','2018-03-11 04:42:30'),(4883,'a new customer',500000003,'2018-03-11 04:42:30','2018-03-11 04:42:30'),(4884,'a new customer',500000008,'2018-03-11 04:42:30','2018-03-11 04:42:30'),(4885,'a new customer',500000008,'2018-03-11 04:42:30','2018-03-11 04:42:30'),(4886,'a new customer',500000006,'2018-03-11 04:42:30','2018-03-11 04:42:30'),(4887,'a new customer',500000002,'2018-03-11 04:42:30','2018-03-11 04:42:30'),(4888,'a new customer',500000007,'2018-03-11 04:42:30','2018-03-11 04:42:30'),(4889,'a new customer',500000008,'2018-03-11 04:42:30','2018-03-11 04:42:30'),(4890,'a new customer',500000005,'2018-03-11 04:42:30','2018-03-11 04:42:30'),(4891,'a new customer',500000006,'2018-03-11 04:42:30','2018-03-11 04:42:30'),(4892,'a new customer',500000004,'2018-03-11 04:42:30','2018-03-11 04:42:30'),(4893,'a new customer',500000001,'2018-03-11 04:42:30','2018-03-11 04:42:30'),(4894,'a new customer',500000003,'2018-03-11 04:42:30','2018-03-11 04:42:30'),(4895,'a new customer',500000005,'2018-03-11 04:42:30','2018-03-11 04:42:30'),(4896,'a new customer',500000008,'2018-03-11 04:42:30','2018-03-11 04:42:30'),(4897,'a new customer',500000002,'2018-03-11 04:42:30','2018-03-11 04:42:30'),(4898,'a new customer',500000006,'2018-03-11 04:42:30','2018-03-11 04:42:30'),(4899,'aashay',500000002,'2018-03-11 04:42:30','2018-03-11 04:42:30'),(4900,'aashay',500000002,'2018-03-11 04:42:30','2018-03-11 04:42:30'),(4901,'aashay',500000002,'2018-03-11 04:42:30','2018-03-11 04:42:30'),(4902,'aashay',500000002,'2018-03-11 04:42:30','2018-03-11 04:42:30'),(4903,'a new customer',500000002,'2018-03-11 04:42:30','2018-03-11 04:42:30'),(4904,'a new customer',500000003,'2018-03-11 04:42:30','2018-03-11 04:42:30'),(4905,'a new customer',500000007,'2018-03-11 04:42:30','2018-03-11 04:42:30'),(4906,'a new customer',500000007,'2018-03-11 04:42:30','2018-03-11 04:42:30'),(4907,'a new customer',500000005,'2018-03-11 04:42:30','2018-03-11 04:42:30'),(4908,'a new customer',500000008,'2018-03-11 04:42:30','2018-03-11 04:42:30'),(4909,'a new customer',500000006,'2018-03-11 04:42:30','2018-03-11 04:42:30'),(4910,'a new customer',500000008,'2018-03-11 04:42:30','2018-03-11 04:42:30'),(4911,'a new customer',500000006,'2018-03-11 04:42:30','2018-03-11 04:42:30'),(4912,'a new customer',500000003,'2018-03-11 04:42:30','2018-03-11 04:42:30'),(4913,'a new customer',500000007,'2018-03-11 04:42:30','2018-03-11 04:42:30'),(4914,'a new customer',500000001,'2018-03-11 04:42:30','2018-03-11 04:42:30'),(4915,'a new customer',500000004,'2018-03-11 04:42:30','2018-03-11 04:42:30'),(4916,'a new customer',500000005,'2018-03-11 04:42:30','2018-03-11 04:42:30'),(4917,'a new customer',500000006,'2018-03-11 04:42:30','2018-03-11 04:42:30'),(4918,'a new customer',500000002,'2018-03-11 04:42:30','2018-03-11 04:42:30'),(4919,'a new customer',500000002,'2018-03-11 04:42:30','2018-03-11 04:42:30'),(4920,'a new customer',500000006,'2018-03-11 04:42:30','2018-03-11 04:42:30'),(4921,'a new customer',500000002,'2018-03-11 04:42:30','2018-03-11 04:42:30'),(4922,'a new customer',500000006,'2018-03-11 04:42:30','2018-03-11 04:42:30'),(4923,'a new customer',500000005,'2018-03-11 04:42:30','2018-03-11 04:42:30'),(4924,'aashay',500000002,'2018-03-11 04:42:30','2018-03-11 04:42:30'),(4925,'a new customer',500000004,'2018-03-11 04:42:30','2018-03-11 04:42:30'),(4926,'a new customer',500000001,'2018-03-11 04:42:30','2018-03-11 04:42:30'),(4927,'a new customer',500000003,'2018-03-11 04:42:30','2018-03-11 04:42:30'),(4928,'a new customer',500000007,'2018-03-11 04:42:30','2018-03-11 04:42:30'),(4929,'a new customer',500000003,'2018-03-11 04:42:30','2018-03-11 04:42:30'),(4930,'a new customer',500000008,'2018-03-11 04:42:30','2018-03-11 04:42:30'),(4931,'a new customer',500000005,'2018-03-11 04:42:30','2018-03-11 04:42:30'),(4932,'a new customer',500000002,'2018-03-11 04:42:30','2018-03-11 04:42:30'),(4933,'a new customer',500000007,'2018-03-11 04:42:30','2018-03-11 04:42:30'),(4934,'a new customer',500000004,'2018-03-11 04:42:30','2018-03-11 04:42:30'),(4935,'a new customer',500000005,'2018-03-11 04:42:30','2018-03-11 04:42:30'),(4936,'a new customer',500000002,'2018-03-11 04:42:30','2018-03-11 04:42:30'),(4937,'a new customer',500000004,'2018-03-11 04:42:30','2018-03-11 04:42:30'),(4938,'a new customer',500000002,'2018-03-11 04:42:30','2018-03-11 04:42:30'),(4939,'a new customer',500000008,'2018-03-11 04:42:30','2018-03-11 04:42:30'),(4940,'a new customer',500000001,'2018-03-11 04:42:30','2018-03-11 04:42:30'),(4941,'a new customer',500000005,'2018-03-11 04:42:30','2018-03-11 04:42:30'),(4942,'a new customer',500000001,'2018-03-11 04:42:30','2018-03-11 04:42:30'),(4943,'a new customer',500000004,'2018-03-11 04:42:30','2018-03-11 04:42:30'),(4944,'a new customer',500000007,'2018-03-11 04:42:30','2018-03-11 04:42:30'),(4945,'a new customer',500000005,'2018-03-11 04:42:30','2018-03-11 04:42:30'),(4946,'a new customer',500000004,'2018-03-11 04:42:30','2018-03-11 04:42:30'),(4947,'a new customer',500000008,'2018-03-11 04:42:30','2018-03-11 04:42:30'),(4948,'a new customer',500000008,'2018-03-11 04:42:30','2018-03-11 04:42:30'),(4949,'a new customer',500000008,'2018-03-11 04:42:30','2018-03-11 04:42:30'),(4950,'a new customer',500000007,'2018-03-11 04:42:30','2018-03-11 04:42:30'),(4951,'a new customer',500000004,'2018-03-11 04:42:30','2018-03-11 04:42:30'),(4952,'a new customer',500000008,'2018-03-11 04:42:30','2018-03-11 04:42:30'),(4953,'a new customer',500000004,'2018-03-11 04:42:30','2018-03-11 04:42:30'),(4954,'a new customer',500000007,'2018-03-11 04:42:30','2018-03-11 04:42:30'),(4955,'a new customer',500000004,'2018-03-11 04:42:30','2018-03-11 04:42:30'),(4956,'a new customer',500000005,'2018-03-11 04:42:30','2018-03-11 04:42:30'),(4957,'a new customer',500000008,'2018-03-11 04:42:30','2018-03-11 04:42:30'),(4958,'a new customer',500000006,'2018-03-11 04:42:30','2018-03-11 04:42:30'),(4959,'a new customer',500000003,'2018-03-11 04:42:30','2018-03-11 04:42:30'),(4960,'a new customer',500000007,'2018-03-11 04:42:30','2018-03-11 04:42:30'),(4961,'a new customer',500000001,'2018-03-11 04:42:30','2018-03-11 04:42:30'),(4962,'a new customer',500000004,'2018-03-11 04:42:30','2018-03-11 04:42:30'),(4963,'a new customer',500000005,'2018-03-11 04:42:30','2018-03-11 04:42:30'),(4964,'a new customer',500000006,'2018-03-11 04:42:30','2018-03-11 04:42:30'),(4965,'a new customer',500000002,'2018-03-11 04:42:30','2018-03-11 04:42:30'),(4966,'aashay',500000002,'2018-03-11 04:42:30','2018-03-11 04:42:30'),(4967,'aashay',500000002,'2018-03-11 04:42:30','2018-03-11 04:42:30'),(4968,'aashay',500000002,'2018-03-11 04:42:30','2018-03-11 04:42:30'),(4969,'a new customer',500000003,'2018-03-11 04:42:30','2018-03-11 04:42:30'),(4970,'a new customer',500000007,'2018-03-11 04:42:30','2018-03-11 04:42:30'),(4971,'a new customer',500000001,'2018-03-11 04:42:30','2018-03-11 04:42:30'),(4972,'a new customer',500000004,'2018-03-11 04:42:30','2018-03-11 04:42:30'),(4973,'a new customer',500000005,'2018-03-11 04:42:30','2018-03-11 04:42:30'),(4974,'a new customer',500000006,'2018-03-11 04:42:30','2018-03-11 04:42:30'),(4975,'a new customer',500000002,'2018-03-11 04:42:30','2018-03-11 04:42:30'),(4976,'a new customer',500000008,'2018-03-11 04:42:30','2018-03-11 04:42:30'),(4977,'a new customer',500000003,'2018-03-11 04:42:30','2018-03-11 04:42:30'),(4978,'a new customer',500000002,'2018-03-11 04:42:30','2018-03-11 04:42:30'),(4979,'a new customer',500000003,'2018-03-11 04:42:30','2018-03-11 04:42:30'),(4980,'a new customer',500000003,'2018-03-11 04:42:30','2018-03-11 04:42:30'),(4981,'a new customer',500000007,'2018-03-11 04:42:30','2018-03-11 04:42:30'),(4982,'a new customer',500000001,'2018-03-11 04:42:30','2018-03-11 04:42:30'),(4983,'a new customer',500000004,'2018-03-11 04:42:30','2018-03-11 04:42:30'),(4984,'a new customer',500000008,'2018-03-11 04:42:30','2018-03-11 04:42:30'),(4985,'a new customer',500000005,'2018-03-11 04:42:30','2018-03-11 04:42:30'),(4986,'a new customer',500000006,'2018-03-11 04:42:30','2018-03-11 04:42:30'),(4987,'a new customer',500000002,'2018-03-11 04:42:30','2018-03-11 04:42:30'),(4988,'a new customer',500000002,'2018-03-11 04:42:30','2018-03-11 04:42:30'),(4989,'a new customer',500000008,'2018-03-11 04:42:30','2018-03-11 04:42:30'),(4990,'a new customer',500000005,'2018-03-11 04:42:30','2018-03-11 04:42:30'),(4991,'a new customer',500000008,'2018-03-11 04:42:30','2018-03-11 04:42:30'),(4992,'a new customer',500000006,'2018-03-11 04:42:30','2018-03-11 04:42:30'),(4993,'a new customer',500000008,'2018-03-11 04:42:30','2018-03-11 04:42:30'),(4994,'a new customer',500000004,'2018-03-11 04:42:30','2018-03-11 04:42:30'),(4995,'a new customer',500000003,'2018-03-11 04:42:30','2018-03-11 04:42:30'),(4996,'a new customer',500000008,'2018-03-11 04:42:30','2018-03-11 04:42:30'),(4997,'aashay',500000002,'2018-03-11 04:42:30','2018-03-11 04:42:30'),(4998,'a new customer',500000001,'2018-03-11 04:42:30','2018-03-11 04:42:30'),(4999,'a new customer',500000008,'2018-03-11 04:42:30','2018-03-11 04:42:30'),(5000,'a new customer',500000003,'2018-03-11 04:42:30','2018-03-11 04:42:30'),(5001,'a new customer',500000007,'2018-03-11 04:42:30','2018-03-11 04:42:30'),(5002,'a new customer',500000004,'2018-03-11 04:42:30','2018-03-11 04:42:30'),(5003,'a new customer',500000006,'2018-03-11 04:42:30','2018-03-11 04:42:30'),(5004,'a new customer',500000008,'2018-03-11 04:42:30','2018-03-11 04:42:30'),(5005,'a new customer',500000007,'2018-03-11 04:42:30','2018-03-11 04:42:30'),(5006,'a new customer',500000003,'2018-03-11 04:42:30','2018-03-11 04:42:30'),(5007,'a new customer',500000007,'2018-03-11 04:42:30','2018-03-11 04:42:30'),(5008,'a new customer',500000001,'2018-03-11 04:42:30','2018-03-11 04:42:30'),(5009,'a new customer',500000004,'2018-03-11 04:42:30','2018-03-11 04:42:30'),(5010,'a new customer',500000005,'2018-03-11 04:42:30','2018-03-11 04:42:30'),(5011,'a new customer',500000006,'2018-03-11 04:42:30','2018-03-11 04:42:30'),(5012,'a new customer',500000002,'2018-03-11 04:42:30','2018-03-11 04:42:30'),(5013,'a new customer',500000003,'2018-03-11 04:42:30','2018-03-11 04:42:30'),(5014,'a new customer',500000007,'2018-03-11 04:42:30','2018-03-11 04:42:30'),(5015,'a new customer',500000001,'2018-03-11 04:42:30','2018-03-11 04:42:30'),(5016,'a new customer',500000004,'2018-03-11 04:42:30','2018-03-11 04:42:30'),(5017,'a new customer',500000005,'2018-03-11 04:42:30','2018-03-11 04:42:30'),(5018,'a new customer',500000006,'2018-03-11 04:42:30','2018-03-11 04:42:30'),(5019,'a new customer',500000002,'2018-03-11 04:42:30','2018-03-11 04:42:30'),(5020,'a new customer',500000008,'2018-03-11 04:42:30','2018-03-11 04:42:30'),(5021,'a new customer',500000001,'2018-03-11 04:42:30','2018-03-11 04:42:30'),(5022,'a new customer',500000002,'2018-03-11 04:42:30','2018-03-11 04:42:30'),(5023,'a new customer',500000002,'2018-03-11 04:42:30','2018-03-11 04:42:30'),(5024,'a new customer',500000002,'2018-03-11 04:42:30','2018-03-11 04:42:30'),(5025,'aashay',500000002,'2018-03-11 04:42:30','2018-03-11 04:42:30'),(5026,'a new customer',500000008,'2018-03-11 04:42:30','2018-03-11 04:42:30'),(5027,'a new customer',500000007,'2018-03-11 04:42:30','2018-03-11 04:42:30'),(5028,'a new customer',500000002,'2018-03-11 04:42:30','2018-03-11 04:42:30'),(5029,'a new customer',500000005,'2018-03-11 04:42:30','2018-03-11 04:42:30'),(5030,'a new customer',500000004,'2018-03-11 04:42:30','2018-03-11 04:42:30'),(5031,'a new customer',500000002,'2018-03-11 04:42:30','2018-03-11 04:42:30'),(5032,'a new customer',500000008,'2018-03-11 04:42:30','2018-03-11 04:42:30'),(5033,'a new customer',500000008,'2018-03-11 04:42:30','2018-03-11 04:42:30'),(5034,'a new customer',500000007,'2018-03-11 04:42:30','2018-03-11 04:42:30'),(5035,'a new customer',500000007,'2018-03-11 04:42:30','2018-03-11 04:42:30'),(5036,'a new customer',500000005,'2018-03-11 04:42:30','2018-03-11 04:42:30'),(5037,'a new customer',500000005,'2018-03-11 04:42:30','2018-03-11 04:42:30'),(5038,'a new customer',500000002,'2018-03-11 04:42:30','2018-03-11 04:42:30'),(5039,'a new customer',500000002,'2018-03-11 04:42:30','2018-03-11 04:42:30'),(5040,'a new customer',500000002,'2018-03-11 04:42:30','2018-03-11 04:42:30'),(5041,'a new customer',500000008,'2018-03-11 04:42:30','2018-03-11 04:42:30'),(5042,'a new customer',500000002,'2018-03-11 04:42:30','2018-03-11 04:42:30'),(5043,'a new customer',500000003,'2018-03-11 04:42:30','2018-03-11 04:42:30'),(5044,'a new customer',500000007,'2018-03-11 04:42:30','2018-03-11 04:42:30'),(5045,'a new customer',500000004,'2018-03-11 04:42:30','2018-03-11 04:42:30'),(5046,'a new customer',500000004,'2018-03-11 04:42:30','2018-03-11 04:42:30'),(5047,'a new customer',500000007,'2018-03-11 04:42:30','2018-03-11 04:42:30'),(5048,'a new customer',500000008,'2018-03-11 04:42:30','2018-03-11 04:42:30'),(5049,'a new customer',500000004,'2018-03-11 04:42:30','2018-03-11 04:42:30'),(5050,'a new customer',500000004,'2018-03-11 04:42:30','2018-03-11 04:42:30'),(5051,'a new customer',500000002,'2018-03-11 04:42:30','2018-03-11 04:42:30'),(5052,'a new customer',500000003,'2018-03-11 04:42:30','2018-03-11 04:42:30'),(5053,'a new customer',500000004,'2018-03-11 04:42:30','2018-03-11 04:42:30'),(5054,'a new customer',500000007,'2018-03-11 04:42:30','2018-03-11 04:42:30'),(5055,'a new customer',500000004,'2018-03-11 04:42:30','2018-03-11 04:42:30'),(5056,'a new customer',500000002,'2018-03-11 04:42:30','2018-03-11 04:42:30'),(5057,'a new customer',500000006,'2018-03-11 04:42:30','2018-03-11 04:42:30'),(5058,'a new customer',500000003,'2018-03-11 04:42:30','2018-03-11 04:42:30'),(5059,'a new customer',500000008,'2018-03-11 04:42:30','2018-03-11 04:42:30'),(5060,'a new customer',500000003,'2018-03-11 04:42:30','2018-03-11 04:42:30'),(5061,'a new customer',500000004,'2018-03-11 04:42:30','2018-03-11 04:42:30'),(5062,'a new customer',500000008,'2018-03-11 04:42:30','2018-03-11 04:42:30'),(5063,'a new customer',500000004,'2018-03-11 04:42:30','2018-03-11 04:42:30'),(5064,'a new customer',500000003,'2018-03-11 04:42:30','2018-03-11 04:42:30'),(5065,'a new customer',500000003,'2018-03-11 04:42:30','2018-03-11 04:42:30'),(5066,'a new customer',500000007,'2018-03-11 04:42:30','2018-03-11 04:42:30'),(5067,'a new customer',500000001,'2018-03-11 04:42:30','2018-03-11 04:42:30'),(5068,'a new customer',500000004,'2018-03-11 04:42:30','2018-03-11 04:42:30'),(5069,'a new customer',500000005,'2018-03-11 04:42:30','2018-03-11 04:42:30'),(5070,'a new customer',500000006,'2018-03-11 04:42:30','2018-03-11 04:42:30'),(5071,'a new customer',500000002,'2018-03-11 04:42:30','2018-03-11 04:42:30'),(5072,'a new customer',500000003,'2018-03-11 04:42:30','2018-03-11 04:42:30'),(5073,'a new customer',500000007,'2018-03-11 04:42:30','2018-03-11 04:42:30'),(5074,'a new customer',500000001,'2018-03-11 04:42:30','2018-03-11 04:42:30'),(5075,'a new customer',500000004,'2018-03-11 04:42:30','2018-03-11 04:42:30'),(5076,'a new customer',500000005,'2018-03-11 04:42:30','2018-03-11 04:42:30'),(5077,'a new customer',500000006,'2018-03-11 04:42:30','2018-03-11 04:42:30'),(5078,'a new customer',500000002,'2018-03-11 04:42:30','2018-03-11 04:42:30'),(5079,'a new customer',500000008,'2018-03-11 04:42:30','2018-03-11 04:42:30'),(5080,'a new customer',500000004,'2018-03-11 04:42:30','2018-03-11 04:42:30'),(5081,'a new customer',500000006,'2018-03-11 04:42:30','2018-03-11 04:42:30'),(5082,'a new customer',500000007,'2018-03-11 04:42:30','2018-03-11 04:42:30'),(5083,'a new customer',500000005,'2018-03-11 04:42:30','2018-03-11 04:42:30'),(5084,'a new customer',500000002,'2018-03-11 04:42:30','2018-03-11 04:42:30'),(5085,'a new customer',500000008,'2018-03-11 04:42:30','2018-03-11 04:42:30'),(5086,'a new customer',500000008,'2018-03-11 04:42:30','2018-03-11 04:42:30'),(5087,'a new customer',500000002,'2018-03-11 04:42:30','2018-03-11 04:42:30'),(5088,'a new customer',500000007,'2018-03-11 04:42:30','2018-03-11 04:42:30'),(5089,'a new customer',500000006,'2018-03-11 04:42:30','2018-03-11 04:42:30'),(5090,'a new customer',500000002,'2018-03-11 04:42:30','2018-03-11 04:42:30'),(5091,'a new customer',500000007,'2018-03-11 04:42:30','2018-03-11 04:42:30'),(5092,'a new customer',500000007,'2018-03-11 04:42:30','2018-03-11 04:42:30'),(5093,'a new customer',500000001,'2018-03-11 04:42:30','2018-03-11 04:42:30'),(5094,'a new customer',500000007,'2018-03-11 04:42:30','2018-03-11 04:42:30'),(5095,'a new customer',500000003,'2018-03-11 04:42:30','2018-03-11 04:42:30'),(5096,'aashay',500000007,'2018-03-11 04:42:30','2018-03-11 04:42:30'),(5097,'aashay',500000002,'2018-03-11 04:42:30','2018-03-11 04:42:30'),(5098,'a new customer',500000008,'2018-03-11 04:42:30','2018-03-11 04:42:30'),(5099,'a new customer',500000005,'2018-03-11 04:42:30','2018-03-11 04:42:30'),(5100,'aashay',500000002,'2018-03-11 04:42:30','2018-03-11 04:42:30'),(5101,'aashay',500000002,'2018-03-11 04:42:30','2018-03-11 04:42:30'),(5102,'aashay',500000004,'2018-03-11 04:42:30','2018-03-11 04:42:30'),(5103,'aashay',500000004,'2018-03-11 04:42:30','2018-03-11 04:42:30'),(5104,'aashay',500000004,'2018-03-11 04:42:30','2018-03-11 04:42:30'),(5105,'aashay',500000004,'2018-03-11 04:42:30','2018-03-11 04:42:30'),(5106,'aashay',500000004,'2018-03-11 04:42:30','2018-03-11 04:42:30'),(5107,'aashay',500000002,'2018-03-11 04:42:30','2018-03-11 04:42:30'),(5108,'a new customer',500000006,'2018-03-11 04:42:30','2018-03-11 04:42:30'),(5109,'a new customer',500000003,'2018-03-11 04:42:30','2018-03-11 04:42:30'),(5110,'a new customer',500000007,'2018-03-11 04:42:30','2018-03-11 04:42:30'),(5111,'a new customer',500000003,'2018-03-11 04:42:30','2018-03-11 04:42:30'),(5112,'a new customer',500000003,'2018-03-11 04:42:30','2018-03-11 04:42:30'),(5113,'aashay',500000006,'2018-03-11 04:42:30','2018-03-11 04:42:30'),(5114,'aashay',500000002,'2018-03-11 04:42:30','2018-03-11 04:42:30'),(5115,'aashay',500000002,'2018-03-11 04:42:30','2018-03-11 04:42:30'),(5116,'aashay',500000002,'2018-03-11 04:42:30','2018-03-11 04:42:30'),(5117,'aashay',500000002,'2018-03-11 04:42:30','2018-03-11 04:42:30'),(5118,'a new customer',500000008,'2018-03-11 04:42:30','2018-03-11 04:42:30'),(5119,'a new customer',500000003,'2018-03-11 04:42:30','2018-03-11 04:42:30'),(5120,'a new customer',500000007,'2018-03-11 04:42:30','2018-03-11 04:42:30'),(5121,'a new customer',500000001,'2018-03-11 04:42:30','2018-03-11 04:42:30'),(5122,'a new customer',500000004,'2018-03-11 04:42:30','2018-03-11 04:42:30'),(5123,'a new customer',500000005,'2018-03-11 04:42:30','2018-03-11 04:42:30'),(5124,'a new customer',500000006,'2018-03-11 04:42:30','2018-03-11 04:42:30'),(5125,'a new customer',500000002,'2018-03-11 04:42:30','2018-03-11 04:42:30'),(5126,'a new customer',500000003,'2018-03-11 04:42:30','2018-03-11 04:42:30'),(5127,'a new customer',500000007,'2018-03-11 04:42:30','2018-03-11 04:42:30'),(5128,'a new customer',500000001,'2018-03-11 04:42:30','2018-03-11 04:42:30'),(5129,'a new customer',500000004,'2018-03-11 04:42:30','2018-03-11 04:42:30'),(5130,'a new customer',500000005,'2018-03-11 04:42:30','2018-03-11 04:42:30'),(5131,'a new customer',500000006,'2018-03-11 04:42:30','2018-03-11 04:42:30'),(5132,'aashay',500000002,'2018-03-11 04:42:30','2018-03-11 04:42:30'),(5133,'a new customer',500000002,'2018-03-11 04:42:30','2018-03-11 04:42:30'),(5134,'aashay',500000002,'2018-03-11 04:42:30','2018-03-11 04:42:30'),(5135,'a new customer',500000002,'2018-03-11 04:42:30','2018-03-11 04:42:30'),(5136,'a new customer',500000002,'2018-03-11 04:42:30','2018-03-11 04:42:30'),(5137,'a new customer',500000002,'2018-03-11 04:42:30','2018-03-11 04:42:30'),(5138,'a new customer',500000002,'2018-03-11 04:42:30','2018-03-11 04:42:30'),(5139,'a new customer',500000002,'2018-03-11 04:42:30','2018-03-11 04:42:30'),(5140,'a new customer',500000007,'2018-03-11 04:42:30','2018-03-11 04:42:30'),(5141,'a new customer',500000002,'2018-03-11 04:42:30','2018-03-11 04:42:30'),(5142,'aashay',500000002,'2018-03-11 04:42:30','2018-03-11 04:42:30'),(5143,'aashay',500000002,'2018-03-11 04:42:30','2018-03-11 04:42:30'),(5144,'aashay',500000002,'2018-03-11 04:42:30','2018-03-11 04:42:30'),(5145,'aashay',500000002,'2018-03-11 04:42:30','2018-03-11 04:42:30'),(5146,'aashay',500000003,'2018-03-11 04:42:30','2018-03-11 04:42:30'),(5147,'a new customer',500000004,'2018-03-11 04:42:30','2018-03-11 04:42:30'),(5148,'aashay maheshbhai shah',500000001,'2018-03-11 04:42:30','2018-03-11 04:42:30'),(5149,'a new customer',500000004,'2018-03-11 04:42:30','2018-03-11 04:42:30'),(5150,'a new customer',500000003,'2018-03-11 04:42:30','2018-03-11 04:42:30'),(5151,'a new customer',500000002,'2018-03-11 04:42:30','2018-03-11 04:42:30'),(5152,'a new customer',500000002,'2018-03-11 04:42:30','2018-03-11 04:42:30'),(5153,'a new customer',500000008,'2018-03-11 04:42:30','2018-03-11 04:42:30'),(5154,'a new customer',500000005,'2018-03-11 04:42:30','2018-03-11 04:42:30'),(5155,'a new customer',500000003,'2018-03-11 04:42:30','2018-03-11 04:42:30'),(5156,'aashay maheshbhai shah',500000002,'2018-03-11 04:42:30','2018-03-11 04:42:30'),(5157,'aashay maheshbhai shah',500000003,'2018-03-11 04:42:30','2018-03-11 04:42:30'),(5158,'aashay maheshbhai shah',500000003,'2018-03-11 04:42:30','2018-03-11 04:42:30'),(5159,'a new customer',500000002,'2018-03-11 04:42:30','2018-03-11 04:42:30'),(5160,'aashay maheshbhai shah',500000002,'2018-03-11 04:42:30','2018-03-11 04:42:30'),(5161,'a new customer',500000002,'2018-03-11 04:42:30','2018-03-11 04:42:30'),(5162,'a new customer',500000003,'2018-03-11 04:42:30','2018-03-11 04:42:30'),(5163,'a new customer',500000004,'2018-03-11 04:42:30','2018-03-11 04:42:30'),(5164,'a new customer',500000007,'2018-03-11 04:42:30','2018-03-11 04:42:30'),(5165,'a new customer',500000008,'2018-03-11 04:42:30','2018-03-11 04:42:30'),(5166,'a new customer',500000006,'2018-03-11 04:42:30','2018-03-11 04:42:30'),(5167,'a new customer',500000002,'2018-03-11 04:42:30','2018-03-11 04:42:30'),(5168,'a new customer',500000003,'2018-03-11 04:42:30','2018-03-11 04:42:30'),(5169,'a new customer',500000003,'2018-03-11 04:42:30','2018-03-11 04:42:30'),(5170,'a new customer',500000002,'2018-03-11 04:42:30','2018-03-11 04:42:30'),(5171,'a new customer',500000008,'2018-03-11 04:42:30','2018-03-11 04:42:30'),(5172,'a new customer',500000007,'2018-03-11 04:42:30','2018-03-11 04:42:30'),(5173,'a new customer',500000004,'2018-03-11 04:42:30','2018-03-11 04:42:30'),(5174,'a new customer',500000002,'2018-03-11 04:42:30','2018-03-11 04:42:30'),(5175,'a new customer',500000003,'2018-03-11 04:42:30','2018-03-11 04:42:30'),(5176,'a new customer',500000005,'2018-03-11 04:42:30','2018-03-11 04:42:30'),(5177,'a new customer',500000006,'2018-03-11 04:42:30','2018-03-11 04:42:30'),(5178,'a new customer',500000005,'2018-03-11 04:42:30','2018-03-11 04:42:30'),(5179,'a new customer',500000002,'2018-03-11 04:42:30','2018-03-11 04:42:30'),(5180,'a new customer',500000007,'2018-03-11 04:42:30','2018-03-11 04:42:30'),(5181,'a new customer',500000003,'2018-03-11 04:42:30','2018-03-11 04:42:30'),(5182,'a new customer',500000008,'2018-03-11 04:42:30','2018-03-11 04:42:30'),(5183,'a new customer',500000001,'2018-03-11 04:42:30','2018-03-11 04:42:30'),(5184,'a new customer',500000006,'2018-03-11 04:42:30','2018-03-11 04:42:30'),(5185,'a new customer',500000004,'2018-03-11 04:42:30','2018-03-11 04:42:30'),(5186,'a new customer',500000006,'2018-03-11 04:42:30','2018-03-11 04:42:30'),(5187,'a new customer',500000002,'2018-03-11 04:42:30','2018-03-11 04:42:30'),(5188,'a new customer',500000002,'2018-03-11 04:42:30','2018-03-11 04:42:30'),(5189,'a new customer',500000001,'2018-03-11 04:42:30','2018-03-11 04:42:30'),(5190,'a new customer',500000004,'2018-03-11 04:42:30','2018-03-11 04:42:30'),(5191,'a new customer',500000002,'2018-03-11 04:42:30','2018-03-11 04:42:30'),(5192,'a new customer',500000002,'2018-03-11 04:42:30','2018-03-11 04:42:30'),(5193,'a new customer',500000004,'2018-03-11 04:42:30','2018-03-11 04:42:30'),(5194,'a new customer',500000006,'2018-03-11 04:42:30','2018-03-11 04:42:30'),(5195,'a new customer',500000002,'2018-03-11 04:42:30','2018-03-11 04:42:30'),(5196,'a new customer',500000003,'2018-03-11 04:42:30','2018-03-11 04:42:30'),(5197,'a new customer',500000002,'2018-03-11 04:42:30','2018-03-11 04:42:30'),(5198,'a new customer',500000008,'2018-03-11 04:42:30','2018-03-11 04:42:30'),(5199,'a new customer',500000008,'2018-03-11 04:42:30','2018-03-11 04:42:30'),(5200,'a new customer',500000007,'2018-03-11 04:42:30','2018-03-11 04:42:30'),(5201,'a new customer',500000005,'2018-03-11 04:42:30','2018-03-11 04:42:30'),(5202,'a new customer',500000008,'2018-03-11 04:42:30','2018-03-11 04:42:30'),(5203,'a new customer',500000006,'2018-03-11 04:42:30','2018-03-11 04:42:30'),(5204,'a new customer',500000002,'2018-03-11 04:42:30','2018-03-11 04:42:30'),(5205,'a new customer',500000005,'2018-03-11 04:42:30','2018-03-11 04:42:30'),(5206,'a new customer',500000005,'2018-03-11 04:42:30','2018-03-11 04:42:30'),(5207,'a new customer',500000006,'2018-03-11 04:42:30','2018-03-11 04:42:30'),(5208,'a new customer',500000002,'2018-03-11 04:42:30','2018-03-11 04:42:30'),(5209,'a new customer',500000007,'2018-03-11 04:42:30','2018-03-11 04:42:30'),(5210,'a new customer',500000004,'2018-03-11 04:42:30','2018-03-11 04:42:30'),(5211,'a new customer',500000008,'2018-03-11 04:42:30','2018-03-11 04:42:30'),(5212,'a new customer',500000003,'2018-03-11 04:42:30','2018-03-11 04:42:30'),(5213,'a new customer',500000002,'2018-03-11 04:42:30','2018-03-11 04:42:30'),(5214,'a new customer',500000002,'2018-03-11 04:42:30','2018-03-11 04:42:30'),(5215,'a new customer',500000007,'2018-03-11 04:42:30','2018-03-11 04:42:30'),(5216,'a new customer',500000005,'2018-03-11 04:42:30','2018-03-11 04:42:30'),(5217,'a new customer',500000006,'2018-03-11 04:42:30','2018-03-11 04:42:30'),(5218,'a new customer',500000005,'2018-03-11 04:42:30','2018-03-11 04:42:30'),(5219,'a new customer',500000003,'2018-03-11 04:42:30','2018-03-11 04:42:30'),(5220,'a new customer',500000003,'2018-03-11 04:42:30','2018-03-11 04:42:30'),(5221,'a new customer',500000003,'2018-03-11 04:42:30','2018-03-11 04:42:30'),(5222,'a new customer',500000003,'2018-03-11 04:42:30','2018-03-11 04:42:30'),(5223,'a new customer',500000002,'2018-03-11 04:42:30','2018-03-11 04:42:30'),(5224,'a new customer',500000006,'2018-03-11 04:42:30','2018-03-11 04:42:30'),(5225,'a new customer',500000002,'2018-03-11 04:42:30','2018-03-11 04:42:30'),(5226,'a new customer',500000008,'2018-03-11 04:42:30','2018-03-11 04:42:30'),(5227,'a new customer',500000003,'2018-03-11 04:42:30','2018-03-11 04:42:30'),(5228,'a new customer',500000002,'2018-03-11 04:42:30','2018-03-11 04:42:30'),(5229,'a new customer',500000002,'2018-03-11 04:42:30','2018-03-11 04:42:30'),(5230,'a new customer',500000006,'2018-03-11 04:42:30','2018-03-11 04:42:30'),(5231,'a new customer',500000002,'2018-03-11 04:42:30','2018-03-11 04:42:30'),(5232,'a new customer',500000007,'2018-03-11 04:42:30','2018-03-11 04:42:30'),(5233,'a new customer',500000005,'2018-03-11 04:42:30','2018-03-11 04:42:30'),(5234,'a new customer',500000006,'2018-03-11 04:42:30','2018-03-11 04:42:30'),(5235,'a new customer',500000002,'2018-03-11 04:42:30','2018-03-11 04:42:30'),(5236,'a new customer',500000003,'2018-03-11 04:42:30','2018-03-11 04:42:30'),(5237,'a new customer',500000002,'2018-03-11 04:42:30','2018-03-11 04:42:30'),(5238,'a new customer',500000008,'2018-03-11 04:42:30','2018-03-11 04:42:30'),(5239,'a new customer',500000003,'2018-03-11 04:42:30','2018-03-11 04:42:30'),(5240,'a new customer',500000007,'2018-03-11 04:42:30','2018-03-11 04:42:30'),(5241,'a new customer',500000008,'2018-03-11 04:42:30','2018-03-11 04:42:30'),(5242,'a new customer',500000002,'2018-03-11 04:42:30','2018-03-11 04:42:30'),(5243,'a new customer',500000007,'2018-03-11 04:42:30','2018-03-11 04:42:30'),(5244,'a new customer',500000005,'2018-03-11 04:42:30','2018-03-11 04:42:30'),(5245,'a new customer',500000006,'2018-03-11 04:42:30','2018-03-11 04:42:30'),(5246,'a new customer',500000002,'2018-03-11 04:42:30','2018-03-11 04:42:30'),(5247,'a new customer',500000006,'2018-03-11 04:42:30','2018-03-11 04:42:30'),(5248,'a new customer',500000002,'2018-03-11 04:42:30','2018-03-11 04:42:30'),(5249,'a new customer',500000005,'2018-03-11 04:42:30','2018-03-11 04:42:30'),(5250,'a new customer',500000001,'2018-03-11 04:42:30','2018-03-11 04:42:30'),(5251,'a new customer',500000006,'2018-03-11 04:42:30','2018-03-11 04:42:30'),(5252,'a new customer',500000007,'2018-03-11 04:42:30','2018-03-11 04:42:30'),(5253,'a new customer',500000004,'2018-03-11 04:42:30','2018-03-11 04:42:30'),(5254,'aashay maheshbhai shah',500000002,'2018-03-11 04:42:30','2018-03-11 04:42:30'),(5255,'aashay',500000002,'2018-03-11 04:42:30','2018-03-11 04:42:30'),(5256,'a new customer',500000002,'2018-03-11 04:42:30','2018-03-11 04:42:30'),(5257,'a new customer',500000004,'2018-03-11 04:42:30','2018-03-11 04:42:30'),(5258,'a new customer',500000003,'2018-03-11 04:42:30','2018-03-11 04:42:30'),(5259,'a new customer',500000001,'2018-03-11 04:42:30','2018-03-11 04:42:30'),(5260,'a new customer',500000004,'2018-03-11 04:42:30','2018-03-11 04:42:30'),(5261,'a new customer',500000003,'2018-03-11 04:42:30','2018-03-11 04:42:30'),(5262,'a new customer',500000007,'2018-03-11 04:42:30','2018-03-11 04:42:30'),(5263,'a new customer',500000001,'2018-03-11 04:42:30','2018-03-11 04:42:30'),(5264,'a new customer',500000004,'2018-03-11 04:42:30','2018-03-11 04:42:30'),(5265,'a new customer',500000005,'2018-03-11 04:42:30','2018-03-11 04:42:30'),(5266,'a new customer',500000004,'2018-03-11 04:42:30','2018-03-11 04:42:30'),(5267,'a new customer',500000002,'2018-03-11 04:42:30','2018-03-11 04:42:30'),(5268,'a new customer',500000008,'2018-03-11 04:42:30','2018-03-11 04:42:30'),(5269,'a new customer',500000003,'2018-03-11 04:42:30','2018-03-11 04:42:30'),(5270,'a new customer',500000002,'2018-03-11 04:42:30','2018-03-11 04:42:30'),(5271,'a new customer',500000008,'2018-03-11 04:42:30','2018-03-11 04:42:30'),(5272,'a new customer',500000003,'2018-03-11 04:42:30','2018-03-11 04:42:30'),(5273,'a new customer',500000003,'2018-03-11 04:42:30','2018-03-11 04:42:30'),(5274,'a new customer',500000002,'2018-03-11 04:42:30','2018-03-11 04:42:30'),(5275,'a new customer',500000003,'2018-03-11 04:42:30','2018-03-11 04:42:30'),(5276,'a new customer',500000002,'2018-03-11 04:42:30','2018-03-11 04:42:30'),(5277,'a new customer',500000008,'2018-03-11 04:42:30','2018-03-11 04:42:30'),(5278,'a new customer',500000005,'2018-03-11 04:42:30','2018-03-11 04:42:30'),(5279,'a new customer',500000002,'2018-03-11 04:42:30','2018-03-11 04:42:30'),(5280,'a new customer',500000001,'2018-03-11 04:42:30','2018-03-11 04:42:30'),(5281,'a new customer',500000007,'2018-03-11 04:42:30','2018-03-11 04:42:30'),(5282,'a new customer',500000008,'2018-03-11 04:42:30','2018-03-11 04:42:30'),(5283,'a new customer',500000003,'2018-03-11 04:42:30','2018-03-11 04:42:30'),(5284,'a new customer',500000001,'2018-03-11 04:42:30','2018-03-11 04:42:30'),(5285,'a new customer',500000004,'2018-03-11 04:42:30','2018-03-11 04:42:30'),(5286,'a new customer',500000002,'2018-03-11 04:42:30','2018-03-11 04:42:30'),(5287,'a new customer',500000005,'2018-03-11 04:42:30','2018-03-11 04:42:30'),(5288,'a new customer',500000006,'2018-03-11 04:42:30','2018-03-11 04:42:30'),(5289,'a new customer',500000004,'2018-03-11 04:42:30','2018-03-11 04:42:30'),(5290,'a new customer',500000007,'2018-03-11 04:42:30','2018-03-11 04:42:30'),(5291,'a new customer',500000006,'2018-03-11 04:42:30','2018-03-11 04:42:30'),(5292,'a new customer',500000003,'2018-03-11 04:42:30','2018-03-11 04:42:30'),(5293,'a new customer',500000002,'2018-03-11 04:42:30','2018-03-11 04:42:30'),(5294,'a new customer',500000008,'2018-03-11 04:42:30','2018-03-11 04:42:30'),(5295,'a new customer',500000007,'2018-03-11 04:42:30','2018-03-11 04:42:30'),(5296,'a new customer',500000007,'2018-03-11 04:42:30','2018-03-11 04:42:30'),(5297,'a new customer',500000008,'2018-03-11 04:42:30','2018-03-11 04:42:30'),(5298,'a new customer',500000002,'2018-03-11 04:42:30','2018-03-11 04:42:30'),(5299,'a new customer',500000005,'2018-03-11 04:42:30','2018-03-11 04:42:30'),(5300,'a new customer',500000006,'2018-03-11 04:42:30','2018-03-11 04:42:30'),(5301,'a new customer',500000003,'2018-03-11 04:42:30','2018-03-11 04:42:30'),(5302,'a new customer',500000001,'2018-03-11 04:42:30','2018-03-11 04:42:30'),(5303,'a new customer',500000004,'2018-03-11 04:42:30','2018-03-11 04:42:30'),(5304,'a new customer',500000004,'2018-03-11 04:42:30','2018-03-11 04:42:30'),(5305,'a new customer',500000006,'2018-03-11 04:42:30','2018-03-11 04:42:30'),(5306,'a new customer',500000008,'2018-03-11 04:42:30','2018-03-11 04:42:30'),(5307,'a new customer',500000003,'2018-03-11 04:42:30','2018-03-11 04:42:30'),(5308,'a new customer',500000003,'2018-03-11 04:42:30','2018-03-11 04:42:30'),(5309,'a new customer',500000001,'2018-03-11 04:42:30','2018-03-11 04:42:30'),(5310,'a new customer',500000002,'2018-03-11 04:42:30','2018-03-11 04:42:30'),(5311,'a new customer',500000006,'2018-03-11 04:42:30','2018-03-11 04:42:30'),(5312,'a new customer',500000002,'2018-03-11 04:42:30','2018-03-11 04:42:30'),(5313,'a new customer',500000002,'2018-03-11 04:42:30','2018-03-11 04:42:30'),(5314,'a new customer',500000008,'2018-03-11 04:42:30','2018-03-11 04:42:30'),(5315,'a new customer',500000003,'2018-03-11 04:42:30','2018-03-11 04:42:30'),(5316,'a new customer',500000001,'2018-03-11 04:42:30','2018-03-11 04:42:30'),(5317,'a new customer',500000002,'2018-03-11 04:42:30','2018-03-11 04:42:30'),(5318,'a new customer',500000003,'2018-03-11 04:42:30','2018-03-11 04:42:30'),(5319,'a new customer',500000002,'2018-03-11 04:42:30','2018-03-11 04:42:30'),(5320,'a new customer',500000006,'2018-03-11 04:42:30','2018-03-11 04:42:30'),(5321,'a new customer',500000007,'2018-03-11 04:42:30','2018-03-11 04:42:30'),(5322,'a new customer',500000004,'2018-03-11 04:42:30','2018-03-11 04:42:30'),(5323,'a new customer',500000002,'2018-03-11 04:42:30','2018-03-11 04:42:30'),(5324,'a new customer',500000004,'2018-03-11 04:42:30','2018-03-11 04:42:30'),(5325,'a new customer',500000008,'2018-03-11 04:42:30','2018-03-11 04:42:30'),(5326,'a new customer',500000002,'2018-03-11 04:42:30','2018-03-11 04:42:30'),(5327,'a new customer',500000005,'2018-03-11 04:42:30','2018-03-11 04:42:30'),(5328,'a new customer',500000001,'2018-03-11 04:42:30','2018-03-11 04:42:30'),(5329,'a new customer',500000008,'2018-03-11 04:42:30','2018-03-11 04:42:30'),(5330,'a new customer',500000008,'2018-03-11 04:42:30','2018-03-11 04:42:30'),(5331,'a new customer',500000003,'2018-03-11 04:42:30','2018-03-11 04:42:30'),(5332,'a new customer',500000003,'2018-03-11 04:42:30','2018-03-11 04:42:30'),(5333,'a new customer',500000001,'2018-03-11 04:42:30','2018-03-11 04:42:30'),(5334,'aashay maheshbhai shah',500000002,'2018-03-11 04:42:30','2018-03-11 04:42:30'),(5335,'aashay maheshbhai shah',500000002,'2018-03-11 04:42:30','2018-03-11 04:42:30'),(5336,'aashay maheshbhai shah',500000001,'2018-03-11 04:42:30','2018-03-11 04:42:30'),(5337,'a new customer',500000002,'2018-03-11 04:42:30','2018-03-11 04:42:30'),(5338,'a new customer',500000002,'2018-03-11 04:42:30','2018-03-11 04:42:30'),(5339,'a new customer',500000008,'2018-03-11 04:42:30','2018-03-11 04:42:30'),(5340,'a new customer',500000004,'2018-03-11 04:42:30','2018-03-11 04:42:30'),(5341,'a new customer',500000006,'2018-03-11 04:42:30','2018-03-11 04:42:30'),(5342,'a new customer',500000008,'2018-03-11 04:42:30','2018-03-11 04:42:30'),(5343,'a new customer',500000008,'2018-03-11 04:42:30','2018-03-11 04:42:30'),(5344,'a new customer',500000001,'2018-03-11 04:42:30','2018-03-11 04:42:30'),(5345,'a new customer',500000005,'2018-03-11 04:42:30','2018-03-11 04:42:30'),(5346,'a new customer',500000007,'2018-03-11 04:42:30','2018-03-11 04:42:30'),(5347,'a new customer',500000008,'2018-03-11 04:42:30','2018-03-11 04:42:30'),(5348,'a new customer',500000003,'2018-03-11 04:42:30','2018-03-11 04:42:30'),(5349,'a new customer',500000001,'2018-03-11 04:42:30','2018-03-11 04:42:30'),(5350,'a new customer',500000008,'2018-03-11 04:42:30','2018-03-11 04:42:30'),(5351,'a new customer',500000005,'2018-03-11 04:42:30','2018-03-11 04:42:30'),(5352,'a new customer',500000006,'2018-03-11 04:42:30','2018-03-11 04:42:30'),(5353,'a new customer',500000006,'2018-03-11 04:42:30','2018-03-11 04:42:30'),(5354,'a new customer',500000002,'2018-03-11 04:42:30','2018-03-11 04:42:30'),(5355,'a new customer',500000007,'2018-03-11 04:42:30','2018-03-11 04:42:30'),(5356,'a new customer',500000007,'2018-03-11 04:42:30','2018-03-11 04:42:30'),(5357,'a new customer',500000003,'2018-03-11 04:42:30','2018-03-11 04:42:30'),(5358,'a new customer',500000002,'2018-03-11 04:42:30','2018-03-11 04:42:30'),(5359,'a new customer',500000003,'2018-03-11 04:42:30','2018-03-11 04:42:30'),(5360,'a new customer',500000008,'2018-03-11 04:42:30','2018-03-11 04:42:30'),(5361,'a new customer',500000005,'2018-03-11 04:42:30','2018-03-11 04:42:30'),(5362,'a new customer',500000002,'2018-03-11 04:42:30','2018-03-11 04:42:30'),(5363,'a new customer',500000003,'2018-03-11 04:42:30','2018-03-11 04:42:30'),(5364,'a new customer',500000001,'2018-03-11 04:42:30','2018-03-11 04:42:30'),(5365,'a new customer',500000005,'2018-03-11 04:42:30','2018-03-11 04:42:30'),(5366,'a new customer',500000007,'2018-03-11 04:42:30','2018-03-11 04:42:30'),(5367,'a new customer',500000004,'2018-03-11 04:42:30','2018-03-11 04:42:30'),(5368,'a new customer',500000007,'2018-03-11 04:42:30','2018-03-11 04:42:30'),(5369,'a new customer',500000006,'2018-03-11 04:42:30','2018-03-11 04:42:30'),(5370,'aashay maheshbhai shah',500000001,'2018-03-11 04:42:30','2018-03-11 04:42:30'),(5371,'a new customer',500000003,'2018-03-11 04:42:30','2018-03-11 04:42:30'),(5372,'a new customer',500000004,'2018-03-11 04:42:30','2018-03-11 04:42:30'),(5373,'a new customer',500000008,'2018-03-11 04:42:30','2018-03-11 04:42:30'),(5374,'a new customer',500000003,'2018-03-11 04:42:30','2018-03-11 04:42:30'),(5375,'a new customer',500000001,'2018-03-11 04:42:30','2018-03-11 04:42:30'),(5376,'a new customer',500000004,'2018-03-11 04:42:30','2018-03-11 04:42:30'),(5377,'a new customer',500000002,'2018-03-11 04:42:30','2018-03-11 04:42:30'),(5378,'a new customer',500000007,'2018-03-11 04:42:30','2018-03-11 04:42:30'),(5379,'a new customer',500000007,'2018-03-11 04:42:30','2018-03-11 04:42:30'),(5380,'a new customer',500000002,'2018-03-11 04:42:30','2018-03-11 04:42:30'),(5381,'a new customer',500000004,'2018-03-11 04:42:30','2018-03-11 04:42:30'),(5382,'a new customer',500000003,'2018-03-11 04:42:30','2018-03-11 04:42:30'),(5383,'a new customer',500000002,'2018-03-11 04:42:30','2018-03-11 04:42:30'),(5384,'a new customer',500000002,'2018-03-11 04:42:30','2018-03-11 04:42:30'),(5385,'a new customer',500000005,'2018-03-11 04:42:30','2018-03-11 04:42:30'),(5386,'a new customer',500000005,'2018-03-11 04:42:30','2018-03-11 04:42:30'),(5387,'a new customer',500000008,'2018-03-11 04:42:30','2018-03-11 04:42:30'),(5388,'a new customer',500000003,'2018-03-11 04:42:30','2018-03-11 04:42:30'),(5389,'a new customer',500000001,'2018-03-11 04:42:30','2018-03-11 04:42:30'),(5390,'a new customer',500000004,'2018-03-11 04:42:30','2018-03-11 04:42:30'),(5391,'a new customer',500000004,'2018-03-11 04:42:30','2018-03-11 04:42:30'),(5392,'a new customer',500000006,'2018-03-11 04:42:30','2018-03-11 04:42:30'),(5393,'a new customer',500000007,'2018-03-11 04:42:30','2018-03-11 04:42:30'),(5394,'a new customer',500000008,'2018-03-11 04:42:30','2018-03-11 04:42:30'),(5395,'aashay maheshbhai shah',500000002,'2018-03-11 04:42:30','2018-03-11 04:42:30'),(5396,'a new customer',500000007,'2018-03-11 04:42:30','2018-03-11 04:42:30'),(5397,'a new customer',500000001,'2018-03-11 04:42:30','2018-03-11 04:42:30'),(5398,'a new customer',500000004,'2018-03-11 04:42:30','2018-03-11 04:42:30'),(5399,'a new customer',500000005,'2018-03-11 04:42:30','2018-03-11 04:42:30'),(5400,'a new customer',500000004,'2018-03-11 04:42:30','2018-03-11 04:42:30'),(5401,'a new customer',500000003,'2018-03-11 04:42:30','2018-03-11 04:42:30'),(5402,'a new customer',500000008,'2018-03-11 04:42:30','2018-03-11 04:42:30'),(5403,'a new customer',500000008,'2018-03-11 04:42:30','2018-03-11 04:42:30'),(5404,'a new customer',500000002,'2018-03-11 04:42:30','2018-03-11 04:42:30'),(5405,'a new customer',500000001,'2018-03-11 04:42:30','2018-03-11 04:42:30'),(5406,'a new customer',500000004,'2018-03-11 04:42:30','2018-03-11 04:42:30'),(5407,'a new customer',500000005,'2018-03-11 04:42:30','2018-03-11 04:42:30'),(5408,'a new customer',500000002,'2018-03-11 04:42:30','2018-03-11 04:42:30'),(5409,'a new customer',500000003,'2018-03-11 04:42:30','2018-03-11 04:42:30'),(5410,'a new customer',500000002,'2018-03-11 04:42:30','2018-03-11 04:42:30'),(5411,'a new customer',500000001,'2018-03-11 04:42:30','2018-03-11 04:42:30'),(5412,'a new customer',500000005,'2018-03-11 04:42:30','2018-03-11 04:42:30'),(5413,'a new customer',500000004,'2018-03-11 04:42:30','2018-03-11 04:42:30'),(5414,'a new customer',500000008,'2018-03-11 04:42:30','2018-03-11 04:42:30'),(5415,'a new customer',500000002,'2018-03-11 04:42:30','2018-03-11 04:42:30'),(5416,'a new customer',500000004,'2018-03-11 04:42:30','2018-03-11 04:42:30'),(5417,'a new customer',500000001,'2018-03-11 04:42:30','2018-03-11 04:42:30'),(5418,'a new customer',500000004,'2018-03-11 04:42:30','2018-03-11 04:42:30'),(5419,'a new customer',500000005,'2018-03-11 04:42:30','2018-03-11 04:42:30'),(5420,'a new customer',500000002,'2018-03-11 04:42:30','2018-03-11 04:42:30'),(5421,'a new customer',500000008,'2018-03-11 04:42:30','2018-03-11 04:42:30'),(5422,'a new customer',500000007,'2018-03-11 04:42:30','2018-03-11 04:42:30'),(5423,'a new customer',500000006,'2018-03-11 04:42:30','2018-03-11 04:42:30'),(5424,'a new customer',500000008,'2018-03-11 04:42:30','2018-03-11 04:42:30'),(5425,'a new customer',500000005,'2018-03-11 04:42:30','2018-03-11 04:42:30'),(5426,'a new customer',500000008,'2018-03-11 04:42:30','2018-03-11 04:42:30'),(5427,'a new customer',500000004,'2018-03-11 04:42:30','2018-03-11 04:42:30'),(5428,'a new customer',500000007,'2018-03-11 04:42:30','2018-03-11 04:42:30'),(5429,'a new customer',500000006,'2018-03-11 04:42:30','2018-03-11 04:42:30'),(5430,'a new customer',500000007,'2018-03-11 04:42:30','2018-03-11 04:42:30'),(5431,'a new customer',500000001,'2018-03-11 04:42:30','2018-03-11 04:42:30'),(5432,'a new customer',500000004,'2018-03-11 04:42:30','2018-03-11 04:42:30'),(5433,'a new customer',500000005,'2018-03-11 04:42:30','2018-03-11 04:42:30'),(5434,'a new customer',500000002,'2018-03-11 04:42:30','2018-03-11 04:42:30'),(5435,'a new customer',500000008,'2018-03-11 04:42:30','2018-03-11 04:42:30'),(5436,'a new customer',500000002,'2018-03-11 04:42:30','2018-03-11 04:42:30'),(5437,'a new customer',500000003,'2018-03-11 04:42:30','2018-03-11 04:42:30'),(5438,'a new customer',500000005,'2018-03-11 04:42:30','2018-03-11 04:42:30'),(5439,'a new customer',500000001,'2018-03-11 04:42:30','2018-03-11 04:42:30'),(5440,'a new customer',500000004,'2018-03-11 04:42:30','2018-03-11 04:42:30'),(5441,'a new customer',500000005,'2018-03-11 04:42:30','2018-03-11 04:42:30'),(5442,'a new customer',500000002,'2018-03-11 04:42:30','2018-03-11 04:42:30'),(5443,'a new customer',500000008,'2018-03-11 04:42:30','2018-03-11 04:42:30'),(5444,'a new customer',500000004,'2018-03-11 04:42:30','2018-03-11 04:42:30'),(5445,'a new customer',500000006,'2018-03-11 04:42:30','2018-03-11 04:42:30'),(5446,'a new customer',500000007,'2018-03-11 04:42:30','2018-03-11 04:42:30'),(5447,'a new customer',500000003,'2018-03-11 04:42:30','2018-03-11 04:42:30'),(5448,'a new customer',500000002,'2018-03-11 04:42:30','2018-03-11 04:42:30'),(5449,'a new customer',500000008,'2018-03-11 04:42:30','2018-03-11 04:42:30'),(5450,'a new customer',500000008,'2018-03-11 04:42:30','2018-03-11 04:42:30'),(5451,'a new customer',500000003,'2018-03-11 04:42:30','2018-03-11 04:42:30'),(5452,'a new customer',500000007,'2018-03-11 04:42:30','2018-03-11 04:42:30'),(5453,'a new customer',500000006,'2018-03-11 04:42:30','2018-03-11 04:42:30'),(5454,'a new customer',500000005,'2018-03-11 04:42:30','2018-03-11 04:42:30'),(5455,'a new customer',500000004,'2018-03-11 04:42:30','2018-03-11 04:42:30'),(5456,'a new customer',500000001,'2018-03-11 04:42:30','2018-03-11 04:42:30'),(5457,'a new customer',500000002,'2018-03-11 04:42:30','2018-03-11 04:42:30'),(5458,'a new customer',500000002,'2018-03-11 04:42:30','2018-03-11 04:42:30'),(5459,'a new customer',500000001,'2018-03-11 04:42:30','2018-03-11 04:42:30'),(5460,'a new customer',500000004,'2018-03-11 04:42:30','2018-03-11 04:42:30'),(5461,'a new customer',500000005,'2018-03-11 04:42:30','2018-03-11 04:42:30'),(5462,'a new customer',500000002,'2018-03-11 04:42:30','2018-03-11 04:42:30'),(5463,'a new customer',500000001,'2018-03-11 04:42:30','2018-03-11 04:42:30'),(5464,'a new customer',500000002,'2018-03-11 04:42:30','2018-03-11 04:42:30'),(5465,'a new customer',500000002,'2018-03-11 04:42:30','2018-03-11 04:42:30'),(5466,'a new customer',500000008,'2018-03-11 04:42:30','2018-03-11 04:42:30'),(5467,'a new customer',500000002,'2018-03-11 04:42:30','2018-03-11 04:42:30'),(5468,'a new customer',500000005,'2018-03-11 04:42:30','2018-03-11 04:42:30'),(5469,'a new customer',500000005,'2018-03-11 04:42:30','2018-03-11 04:42:30'),(5470,'a new customer',500000003,'2018-03-11 04:42:30','2018-03-11 04:42:30'),(5471,'a new customer',500000002,'2018-03-11 04:42:30','2018-03-11 04:42:30'),(5472,'a new customer',500000001,'2018-03-11 04:42:30','2018-03-11 04:42:30'),(5473,'a new customer',500000004,'2018-03-11 04:42:30','2018-03-11 04:42:30'),(5474,'a new customer',500000005,'2018-03-11 04:42:30','2018-03-11 04:42:30'),(5475,'a new customer',500000002,'2018-03-11 04:42:30','2018-03-11 04:42:30'),(5476,'a new customer',500000007,'2018-03-11 04:42:30','2018-03-11 04:42:30'),(5477,'a new customer',500000006,'2018-03-11 04:42:30','2018-03-11 04:42:30'),(5478,'a new customer',500000008,'2018-03-11 04:42:30','2018-03-11 04:42:30'),(5479,'a new customer',500000002,'2018-03-11 04:42:30','2018-03-11 04:42:30'),(5480,'a new customer',500000007,'2018-03-11 04:42:30','2018-03-11 04:42:30'),(5481,'a new customer',500000008,'2018-03-11 04:42:30','2018-03-11 04:42:30'),(5482,'a new customer',500000003,'2018-03-11 04:42:30','2018-03-11 04:42:30'),(5483,'a new customer',500000007,'2018-03-11 04:42:30','2018-03-11 04:42:30'),(5484,'a new customer',500000001,'2018-03-11 04:42:30','2018-03-11 04:42:30'),(5485,'a new customer',500000004,'2018-03-11 04:42:30','2018-03-11 04:42:30'),(5486,'a new customer',500000005,'2018-03-11 04:42:30','2018-03-11 04:42:30'),(5487,'a new customer',500000005,'2018-03-11 04:42:30','2018-03-11 04:42:30'),(5488,'a new customer',500000002,'2018-03-11 04:42:30','2018-03-11 04:42:30'),(5489,'a new customer',500000008,'2018-03-11 04:42:30','2018-03-11 04:42:30'),(5490,'a new customer',500000003,'2018-03-11 04:42:30','2018-03-11 04:42:30'),(5491,'a new customer',500000007,'2018-03-11 04:42:30','2018-03-11 04:42:30'),(5492,'a new customer',500000001,'2018-03-11 04:42:30','2018-03-11 04:42:30'),(5493,'a new customer',500000004,'2018-03-11 04:42:30','2018-03-11 04:42:30'),(5494,'a new customer',500000005,'2018-03-11 04:42:30','2018-03-11 04:42:30'),(5495,'a new customer',500000006,'2018-03-11 04:42:30','2018-03-11 04:42:30'),(5496,'a new customer',500000004,'2018-03-11 04:42:30','2018-03-11 04:42:30'),(5497,'a new customer',500000003,'2018-03-11 04:42:30','2018-03-11 04:42:30'),(5498,'a new customer',500000007,'2018-03-11 04:42:30','2018-03-11 04:42:30'),(5499,'a new customer',500000001,'2018-03-11 04:42:30','2018-03-11 04:42:30'),(5500,'a new customer',500000004,'2018-03-11 04:42:30','2018-03-11 04:42:30'),(5501,'a new customer',500000005,'2018-03-11 04:42:30','2018-03-11 04:42:30'),(5502,'a new customer',500000001,'2018-03-11 04:42:30','2018-03-11 04:42:30'),(5503,'a new customer',500000004,'2018-03-11 04:42:30','2018-03-11 04:42:30'),(5504,'a new customer',500000005,'2018-03-11 04:42:30','2018-03-11 04:42:30'),(5505,'a new customer',500000002,'2018-03-11 04:42:30','2018-03-11 04:42:30'),(5506,'a new customer',500000001,'2018-03-11 04:42:30','2018-03-11 04:42:30'),(5507,'a new customer',500000008,'2018-03-11 04:42:30','2018-03-11 04:42:30'),(5508,'a new customer',500000004,'2018-03-11 04:42:30','2018-03-11 04:42:30'),(5509,'a new customer',500000003,'2018-03-11 04:42:30','2018-03-11 04:42:30'),(5510,'a new customer',500000004,'2018-03-11 04:42:30','2018-03-11 04:42:30'),(5511,'a new customer',500000007,'2018-03-11 04:42:30','2018-03-11 04:42:30'),(5512,'a new customer',500000008,'2018-03-11 04:42:30','2018-03-11 04:42:30'),(5513,'a new customer',500000006,'2018-03-11 04:42:30','2018-03-11 04:42:30'),(5514,'a new customer',500000002,'2018-03-11 04:42:30','2018-03-11 04:42:30'),(5515,'a new customer',500000003,'2018-03-11 04:42:30','2018-03-11 04:42:30'),(5516,'a new customer',500000008,'2018-03-11 04:42:30','2018-03-11 04:42:30'),(5517,'a new customer',500000006,'2018-03-11 04:42:30','2018-03-11 04:42:30'),(5518,'a new customer',500000002,'2018-03-11 04:42:30','2018-03-11 04:42:30'),(5519,'a new customer',500000003,'2018-03-11 04:42:30','2018-03-11 04:42:30'),(5520,'a new customer',500000003,'2018-03-11 04:42:30','2018-03-11 04:42:30'),(5521,'a new customer',500000007,'2018-03-11 04:42:30','2018-03-11 04:42:30'),(5522,'a new customer',500000001,'2018-03-11 04:42:30','2018-03-11 04:42:30'),(5523,'a new customer',500000004,'2018-03-11 04:42:30','2018-03-11 04:42:30'),(5524,'a new customer',500000005,'2018-03-11 04:42:30','2018-03-11 04:42:30'),(5525,'a new customer',500000003,'2018-03-11 04:42:30','2018-03-11 04:42:30'),(5526,'a new customer',500000007,'2018-03-11 04:42:30','2018-03-11 04:42:30'),(5527,'a new customer',500000001,'2018-03-11 04:42:30','2018-03-11 04:42:30'),(5528,'a new customer',500000004,'2018-03-11 04:42:30','2018-03-11 04:42:30'),(5529,'a new customer',500000005,'2018-03-11 04:42:30','2018-03-11 04:42:30'),(5530,'a new customer',500000001,'2018-03-11 04:42:30','2018-03-11 04:42:30'),(5531,'a new customer',500000005,'2018-03-11 04:42:30','2018-03-11 04:42:30'),(5532,'a new customer',500000006,'2018-03-11 04:42:30','2018-03-11 04:42:30'),(5533,'a new customer',500000006,'2018-03-11 04:42:30','2018-03-11 04:42:30'),(5534,'a new customer',500000002,'2018-03-11 04:42:30','2018-03-11 04:42:30'),(5535,'a new customer',500000001,'2018-03-11 04:42:30','2018-03-11 04:42:30'),(5536,'a new customer',500000004,'2018-03-11 04:42:30','2018-03-11 04:42:30'),(5537,'a new customer',500000005,'2018-03-11 04:42:30','2018-03-11 04:42:30'),(5538,'a new customer',500000002,'2018-03-11 04:42:30','2018-03-11 04:42:30'),(5539,'a new customer',500000001,'2018-03-11 04:42:30','2018-03-11 04:42:30'),(5540,'a new customer',500000008,'2018-03-11 04:42:30','2018-03-11 04:42:30'),(5541,'a new customer',500000004,'2018-03-11 04:42:30','2018-03-11 04:42:30'),(5542,'a new customer',500000007,'2018-03-11 04:42:30','2018-03-11 04:42:30'),(5543,'a new customer',500000006,'2018-03-11 04:42:30','2018-03-11 04:42:30'),(5544,'a new customer',500000004,'2018-03-11 04:42:30','2018-03-11 04:42:30'),(5545,'a new customer',500000008,'2018-03-11 04:42:30','2018-03-11 04:42:30'),(5546,'a new customer',500000002,'2018-03-11 04:42:30','2018-03-11 04:42:30'),(5547,'a new customer',500000008,'2018-03-11 04:42:30','2018-03-11 04:42:30'),(5548,'a new customer',500000004,'2018-03-11 04:42:30','2018-03-11 04:42:30'),(5549,'a new customer',500000007,'2018-03-11 04:42:30','2018-03-11 04:42:30'),(5550,'a new customer',500000003,'2018-03-11 04:42:30','2018-03-11 04:42:30'),(5551,'a new customer',500000006,'2018-03-11 04:42:30','2018-03-11 04:42:30'),(5552,'a new customer',500000008,'2018-03-11 04:42:30','2018-03-11 04:42:30'),(5553,'a new customer',500000006,'2018-03-11 04:42:30','2018-03-11 04:42:30'),(5554,'a new customer',500000002,'2018-03-11 04:42:30','2018-03-11 04:42:30'),(5555,'a new customer',500000005,'2018-03-11 04:42:30','2018-03-11 04:42:30'),(5556,'a new customer',500000007,'2018-03-11 04:42:30','2018-03-11 04:42:30'),(5557,'a new customer',500000003,'2018-03-11 04:42:30','2018-03-11 04:42:30'),(5558,'a new customer',500000007,'2018-03-11 04:42:30','2018-03-11 04:42:30'),(5559,'a new customer',500000001,'2018-03-11 04:42:30','2018-03-11 04:42:30'),(5560,'a new customer',500000004,'2018-03-11 04:42:30','2018-03-11 04:42:30'),(5561,'a new customer',500000005,'2018-03-11 04:42:30','2018-03-11 04:42:30'),(5562,'a new customer',500000001,'2018-03-11 04:42:30','2018-03-11 04:42:30'),(5563,'a new customer',500000004,'2018-03-11 04:42:30','2018-03-11 04:42:30'),(5564,'a new customer',500000005,'2018-03-11 04:42:30','2018-03-11 04:42:30'),(5565,'a new customer',500000002,'2018-03-11 04:42:30','2018-03-11 04:42:30'),(5566,'a new customer',500000001,'2018-03-11 04:42:30','2018-03-11 04:42:30'),(5567,'a new customer',500000008,'2018-03-11 04:42:30','2018-03-11 04:42:30'),(5568,'a new customer',500000006,'2018-03-11 04:42:30','2018-03-11 04:42:30'),(5569,'a new customer',500000002,'2018-03-11 04:42:30','2018-03-11 04:42:30'),(5570,'a new customer',500000004,'2018-03-11 04:42:30','2018-03-11 04:42:30'),(5571,'a new customer',500000008,'2018-03-11 04:42:30','2018-03-11 04:42:30'),(5572,'a new customer',500000003,'2018-03-11 04:42:30','2018-03-11 04:42:30'),(5573,'a new customer',500000007,'2018-03-11 04:42:30','2018-03-11 04:42:30'),(5574,'a new customer',500000003,'2018-03-11 04:42:30','2018-03-11 04:42:30'),(5575,'a new customer',500000001,'2018-03-11 04:42:30','2018-03-11 04:42:30'),(5576,'a new customer',500000004,'2018-03-11 04:42:30','2018-03-11 04:42:30'),(5577,'a new customer',500000008,'2018-03-11 04:42:30','2018-03-11 04:42:30'),(5578,'a new customer',500000005,'2018-03-11 04:42:30','2018-03-11 04:42:30'),(5579,'a new customer',500000006,'2018-03-11 04:42:30','2018-03-11 04:42:30'),(5580,'a new customer',500000002,'2018-03-11 04:42:30','2018-03-11 04:42:30'),(5581,'a new customer',500000004,'2018-03-11 04:42:30','2018-03-11 04:42:30'),(5582,'a new customer',500000004,'2018-03-11 04:42:30','2018-03-11 04:42:30'),(5583,'a new customer',500000007,'2018-03-11 04:42:30','2018-03-11 04:42:30'),(5584,'a new customer',500000003,'2018-03-11 04:42:30','2018-03-11 04:42:30'),(5585,'a new customer',500000007,'2018-03-11 04:42:30','2018-03-11 04:42:30'),(5586,'a new customer',500000001,'2018-03-11 04:42:30','2018-03-11 04:42:30'),(5587,'a new customer',500000004,'2018-03-11 04:42:30','2018-03-11 04:42:30'),(5588,'a new customer',500000005,'2018-03-11 04:42:30','2018-03-11 04:42:30'),(5589,'a new customer',500000001,'2018-03-11 04:42:30','2018-03-11 04:42:30'),(5590,'a new customer',500000004,'2018-03-11 04:42:30','2018-03-11 04:42:30'),(5591,'a new customer',500000005,'2018-03-11 04:42:30','2018-03-11 04:42:30'),(5592,'a new customer',500000002,'2018-03-11 04:42:30','2018-03-11 04:42:30'),(5593,'a new customer',500000003,'2018-03-11 04:42:30','2018-03-11 04:42:30'),(5594,'a new customer',500000008,'2018-03-11 04:42:30','2018-03-11 04:42:30'),(5595,'a new customer',500000006,'2018-03-11 04:42:30','2018-03-11 04:42:30'),(5596,'a new customer',500000002,'2018-03-11 04:42:30','2018-03-11 04:42:30'),(5597,'a new customer',500000001,'2018-03-11 04:42:30','2018-03-11 04:42:30'),(5598,'a new customer',500000008,'2018-03-11 04:42:30','2018-03-11 04:42:30'),(5599,'a new customer',500000004,'2018-03-11 04:42:30','2018-03-11 04:42:30'),(5600,'a new customer',500000004,'2018-03-11 04:42:30','2018-03-11 04:42:30'),(5601,'a new customer',500000006,'2018-03-11 04:42:30','2018-03-11 04:42:30'),(5602,'a new customer',500000007,'2018-03-11 04:42:30','2018-03-11 04:42:30'),(5603,'a new customer',500000008,'2018-03-11 04:42:30','2018-03-11 04:42:30'),(5604,'a new customer',500000008,'2018-03-11 04:42:30','2018-03-11 04:42:30'),(5605,'a new customer',500000008,'2018-03-11 04:42:30','2018-03-11 04:42:30'),(5606,'a new customer',500000006,'2018-03-11 04:42:30','2018-03-11 04:42:30'),(5607,'a new customer',500000002,'2018-03-11 04:42:30','2018-03-11 04:42:30'),(5608,'a new customer',500000007,'2018-03-11 04:42:30','2018-03-11 04:42:30'),(5609,'a new customer',500000001,'2018-03-11 04:42:30','2018-03-11 04:42:30'),(5610,'a new customer',500000003,'2018-03-11 04:42:30','2018-03-11 04:42:30'),(5611,'a new customer',500000007,'2018-03-11 04:42:30','2018-03-11 04:42:30'),(5612,'a new customer',500000001,'2018-03-11 04:42:30','2018-03-11 04:42:30'),(5613,'a new customer',500000004,'2018-03-11 04:42:30','2018-03-11 04:42:30'),(5614,'a new customer',500000005,'2018-03-11 04:42:30','2018-03-11 04:42:30'),(5615,'a new customer',500000001,'2018-03-11 04:42:30','2018-03-11 04:42:30'),(5616,'a new customer',500000004,'2018-03-11 04:42:30','2018-03-11 04:42:30'),(5617,'a new customer',500000005,'2018-03-11 04:42:30','2018-03-11 04:42:30'),(5618,'a new customer',500000002,'2018-03-11 04:42:30','2018-03-11 04:42:30'),(5619,'a new customer',500000001,'2018-03-11 04:42:30','2018-03-11 04:42:30'),(5620,'a new customer',500000008,'2018-03-11 04:42:30','2018-03-11 04:42:30'),(5621,'a new customer',500000002,'2018-03-11 04:42:30','2018-03-11 04:42:30'),(5622,'a new customer',500000004,'2018-03-11 04:42:30','2018-03-11 04:42:30'),(5623,'a new customer',500000008,'2018-03-11 04:42:30','2018-03-11 04:42:30'),(5624,'a new customer',500000008,'2018-03-11 04:42:30','2018-03-11 04:42:30'),(5625,'a new customer',500000008,'2018-03-11 04:42:30','2018-03-11 04:42:30'),(5626,'a new customer',500000006,'2018-03-11 04:42:30','2018-03-11 04:42:30'),(5627,'a new customer',500000006,'2018-03-11 04:42:30','2018-03-11 04:42:30'),(5628,'a new customer',500000002,'2018-03-11 04:42:30','2018-03-11 04:42:30'),(5629,'a new customer',500000002,'2018-03-11 04:42:30','2018-03-11 04:42:30'),(5630,'a new customer',500000001,'2018-03-11 04:42:30','2018-03-11 04:42:30'),(5631,'a new customer',500000007,'2018-03-11 04:42:30','2018-03-11 04:42:30'),(5632,'a new customer',500000003,'2018-03-11 04:42:30','2018-03-11 04:42:30'),(5633,'a new customer',500000007,'2018-03-11 04:42:30','2018-03-11 04:42:30'),(5634,'a new customer',500000001,'2018-03-11 04:42:30','2018-03-11 04:42:30'),(5635,'a new customer',500000004,'2018-03-11 04:42:30','2018-03-11 04:42:30'),(5636,'a new customer',500000005,'2018-03-11 04:42:30','2018-03-11 04:42:30'),(5637,'a new customer',500000007,'2018-03-11 04:42:30','2018-03-11 04:42:30'),(5638,'a new customer',500000002,'2018-03-11 04:42:30','2018-03-11 04:42:30'),(5639,'a new customer',500000001,'2018-03-11 04:42:30','2018-03-11 04:42:30'),(5640,'a new customer',500000007,'2018-03-11 04:42:30','2018-03-11 04:42:30'),(5641,'a new customer',500000001,'2018-03-11 04:42:30','2018-03-11 04:42:30'),(5642,'a new customer',500000004,'2018-03-11 04:42:30','2018-03-11 04:42:30'),(5643,'a new customer',500000005,'2018-03-11 04:42:30','2018-03-11 04:42:30'),(5644,'a new customer',500000002,'2018-03-11 04:42:30','2018-03-11 04:42:30'),(5645,'a new customer',500000008,'2018-03-11 04:42:30','2018-03-11 04:42:30'),(5646,'a new customer',500000001,'2018-03-11 04:42:30','2018-03-11 04:42:30'),(5647,'a new customer',500000004,'2018-03-11 04:42:30','2018-03-11 04:42:30'),(5648,'a new customer',500000004,'2018-03-11 04:42:30','2018-03-11 04:42:30'),(5649,'a new customer',500000004,'2018-03-11 04:42:30','2018-03-11 04:42:30'),(5650,'a new customer',500000004,'2018-03-11 04:42:30','2018-03-11 04:42:30'),(5651,'a new customer',500000004,'2018-03-11 04:42:30','2018-03-11 04:42:30'),(5652,'a new customer',500000007,'2018-03-11 04:42:30','2018-03-11 04:42:30'),(5653,'a new customer',500000004,'2018-03-11 04:42:30','2018-03-11 04:42:30'),(5654,'Pradeepika kaushik',500000004,'2018-03-11 04:42:30','2018-03-11 04:42:30'),(5655,'Pradeepika kaushik',500000003,'2018-03-11 04:42:30','2018-03-11 04:42:30'),(5656,'a new customer',500000002,'2018-03-11 04:42:30','2018-03-11 04:42:30'),(5657,'a new customer',500000003,'2018-03-11 04:42:30','2018-03-11 04:42:30'),(5658,'a new customer',500000007,'2018-03-11 04:42:30','2018-03-11 04:42:30'),(5659,'a new customer',500000001,'2018-03-11 04:42:30','2018-03-11 04:42:30'),(5660,'a new customer',500000005,'2018-03-11 04:42:30','2018-03-11 04:42:30'),(5661,'a new customer',500000006,'2018-03-11 04:42:30','2018-03-11 04:42:30'),(5662,'a new customer',500000002,'2018-03-11 04:42:30','2018-03-11 04:42:30'),(5663,'a new customer',500000002,'2018-03-11 04:42:30','2018-03-11 04:42:30'),(5664,'a new customer',500000006,'2018-03-11 04:42:30','2018-03-11 04:42:30'),(5665,'a new customer',500000008,'2018-03-11 04:42:30','2018-03-11 04:42:30'),(5666,'a new customer',500000008,'2018-03-11 04:42:30','2018-03-11 04:42:30'),(5667,'a new customer',500000004,'2018-03-11 04:42:30','2018-03-11 04:42:30'),(5668,'a new customer',500000007,'2018-03-11 04:42:30','2018-03-11 04:42:30'),(5669,'a new customer',500000006,'2018-03-11 04:42:30','2018-03-11 04:42:30'),(5670,'a new customer',500000003,'2018-03-11 04:42:30','2018-03-11 04:42:30'),(5671,'a new customer',500000007,'2018-03-11 04:42:30','2018-03-11 04:42:30'),(5672,'a new customer',500000001,'2018-03-11 04:42:30','2018-03-11 04:42:30'),(5673,'a new customer',500000004,'2018-03-11 04:42:30','2018-03-11 04:42:30'),(5674,'a new customer',500000005,'2018-03-11 04:42:30','2018-03-11 04:42:30'),(5675,'a new customer',500000001,'2018-03-11 04:42:30','2018-03-11 04:42:30'),(5676,'a new customer',500000004,'2018-03-11 04:42:30','2018-03-11 04:42:30'),(5677,'a new customer',500000005,'2018-03-11 04:42:30','2018-03-11 04:42:30'),(5678,'a new customer',500000002,'2018-03-11 04:42:30','2018-03-11 04:42:30'),(5679,'a new customer',500000006,'2018-03-11 04:42:30','2018-03-11 04:42:30'),(5680,'a new customer',500000008,'2018-03-11 04:42:30','2018-03-11 04:42:30'),(5681,'a new customer',500000003,'2018-03-11 04:42:30','2018-03-11 04:42:30'),(5682,'a new customer',500000008,'2018-03-11 04:42:30','2018-03-11 04:42:30'),(5683,'a new customer',500000005,'2018-03-11 04:42:30','2018-03-11 04:42:30'),(5684,'a new customer',500000002,'2018-03-11 04:42:30','2018-03-11 04:42:30'),(5685,'a new customer',500000004,'2018-03-11 04:42:30','2018-03-11 04:42:30'),(5686,'a new customer',500000008,'2018-03-11 04:42:30','2018-03-11 04:42:30'),(5687,'a new customer',500000006,'2018-03-11 04:42:30','2018-03-11 04:42:30'),(5688,'a new customer',500000002,'2018-03-11 04:42:30','2018-03-11 04:42:30'),(5689,'a new customer',500000006,'2018-03-11 04:42:30','2018-03-11 04:42:30'),(5690,'a new customer',500000002,'2018-03-11 04:42:30','2018-03-11 04:42:30'),(5691,'a new customer',500000003,'2018-03-11 04:42:30','2018-03-11 04:42:30'),(5692,'a new customer',500000004,'2018-03-11 04:42:30','2018-03-11 04:42:30'),(5693,'a new customer',500000004,'2018-03-11 04:42:30','2018-03-11 04:42:30'),(5694,'a new customer',500000004,'2018-03-11 04:42:30','2018-03-11 04:42:30'),(5695,'a new customer',500000002,'2018-03-11 04:42:30','2018-03-11 04:42:30'),(5696,'a new customer',500000006,'2018-03-11 04:42:30','2018-03-11 04:42:30'),(5697,'a new customer',500000008,'2018-03-11 04:42:30','2018-03-11 04:42:30'),(5698,'a new customer',500000008,'2018-03-11 04:42:30','2018-03-11 04:42:30'),(5699,'a new customer',500000006,'2018-03-11 04:42:30','2018-03-11 04:42:30'),(5700,'a new customer',500000002,'2018-03-11 04:42:30','2018-03-11 04:42:30'),(5701,'a new customer',500000003,'2018-03-11 04:42:30','2018-03-11 04:42:30'),(5702,'a new customer',500000007,'2018-03-11 04:42:30','2018-03-11 04:42:30'),(5703,'a new customer',500000001,'2018-03-11 04:42:30','2018-03-11 04:42:30'),(5704,'a new customer',500000004,'2018-03-11 04:42:30','2018-03-11 04:42:30'),(5705,'a new customer',500000005,'2018-03-11 04:42:30','2018-03-11 04:42:30'),(5706,'a new customer',500000001,'2018-03-11 04:42:30','2018-03-11 04:42:30'),(5707,'a new customer',500000004,'2018-03-11 04:42:30','2018-03-11 04:42:30'),(5708,'a new customer',500000005,'2018-03-11 04:42:30','2018-03-11 04:42:30'),(5709,'a new customer',500000002,'2018-03-11 04:42:30','2018-03-11 04:42:30'),(5710,'a new customer',500000008,'2018-03-11 04:42:30','2018-03-11 04:42:30'),(5711,'a new customer',500000002,'2018-03-11 04:42:30','2018-03-11 04:42:30'),(5712,'a new customer',500000003,'2018-03-11 04:42:30','2018-03-11 04:42:30'),(5713,'a new customer',500000003,'2018-03-11 04:42:30','2018-03-11 04:42:30'),(5714,'a new customer',500000003,'2018-03-11 04:42:30','2018-03-11 04:42:30'),(5715,'a new customer',500000007,'2018-03-11 04:42:30','2018-03-11 04:42:30'),(5716,'a new customer',500000001,'2018-03-11 04:42:30','2018-03-11 04:42:30'),(5717,'a new customer',500000004,'2018-03-11 04:42:30','2018-03-11 04:42:30'),(5718,'a new customer',500000008,'2018-03-11 04:42:30','2018-03-11 04:42:30'),(5719,'a new customer',500000005,'2018-03-11 04:42:30','2018-03-11 04:42:30'),(5720,'a new customer',500000006,'2018-03-11 04:42:30','2018-03-11 04:42:30'),(5721,'a new customer',500000002,'2018-03-11 04:42:30','2018-03-11 04:42:30'),(5722,'a new customer',500000008,'2018-03-11 04:42:30','2018-03-11 04:42:30'),(5723,'a new customer',500000007,'2018-03-11 04:42:30','2018-03-11 04:42:30'),(5724,'a new customer',500000002,'2018-03-11 04:42:30','2018-03-11 04:42:30'),(5725,'a new customer',500000003,'2018-03-11 04:42:30','2018-03-11 04:42:30'),(5726,'a new customer',500000007,'2018-03-11 04:42:30','2018-03-11 04:42:30'),(5727,'a new customer',500000001,'2018-03-11 04:42:30','2018-03-11 04:42:30'),(5728,'a new customer',500000004,'2018-03-11 04:42:30','2018-03-11 04:42:30'),(5729,'a new customer',500000005,'2018-03-11 04:42:30','2018-03-11 04:42:30'),(5730,'a new customer',500000005,'2018-03-11 04:42:30','2018-03-11 04:42:30'),(5731,'a new customer',500000008,'2018-03-11 04:42:30','2018-03-11 04:42:30'),(5732,'a new customer',500000008,'2018-03-11 04:42:30','2018-03-11 04:42:30'),(5733,'a new customer',500000004,'2018-03-11 04:42:30','2018-03-11 04:42:30'),(5734,'a new customer',500000006,'2018-03-11 04:42:30','2018-03-11 04:42:30'),(5735,'a new customer',500000007,'2018-03-11 04:42:30','2018-03-11 04:42:30'),(5736,'a new customer',500000003,'2018-03-11 04:42:30','2018-03-11 04:42:30'),(5737,'a new customer',500000008,'2018-03-11 04:42:30','2018-03-11 04:42:30'),(5738,'a new customer',500000006,'2018-03-11 04:42:30','2018-03-11 04:42:30'),(5739,'a new customer',500000002,'2018-03-11 04:42:30','2018-03-11 04:42:30'),(5740,'a new customer',500000006,'2018-03-11 04:42:30','2018-03-11 04:42:30'),(5741,'a new customer',500000008,'2018-03-11 04:42:30','2018-03-11 04:42:30'),(5742,'a new customer',500000007,'2018-03-11 04:42:30','2018-03-11 04:42:30'),(5743,'a new customer',500000008,'2018-03-11 04:42:30','2018-03-11 04:42:30'),(5744,'a new customer',500000004,'2018-03-11 04:42:30','2018-03-11 04:42:30'),(5745,'a new customer',500000006,'2018-03-11 04:42:30','2018-03-11 04:42:30'),(5746,'a new customer',500000007,'2018-03-11 04:42:30','2018-03-11 04:42:30'),(5747,'a new customer',500000008,'2018-03-11 04:42:30','2018-03-11 04:42:30'),(5748,'a new customer',500000002,'2018-03-11 04:42:30','2018-03-11 04:42:30'),(5749,'a new customer',500000008,'2018-03-11 04:42:30','2018-03-11 04:42:30'),(5750,'a new customer',500000006,'2018-03-11 04:42:30','2018-03-11 04:42:30'),(5751,'a new customer',500000002,'2018-03-11 04:42:30','2018-03-11 04:42:30'),(5752,'a new customer',500000003,'2018-03-11 04:42:30','2018-03-11 04:42:30'),(5753,'a new customer',500000007,'2018-03-11 04:42:30','2018-03-11 04:42:30'),(5754,'a new customer',500000001,'2018-03-11 04:42:30','2018-03-11 04:42:30'),(5755,'a new customer',500000004,'2018-03-11 04:42:30','2018-03-11 04:42:30'),(5756,'a new customer',500000005,'2018-03-11 04:42:30','2018-03-11 04:42:30'),(5757,'a new customer',500000008,'2018-03-11 04:42:30','2018-03-11 04:42:30'),(5758,'a new customer',500000003,'2018-03-11 04:42:30','2018-03-11 04:42:30'),(5759,'a new customer',500000007,'2018-03-11 04:42:30','2018-03-11 04:42:30'),(5760,'a new customer',500000008,'2018-03-11 04:42:30','2018-03-11 04:42:30'),(5761,'a new customer',500000003,'2018-03-11 04:42:30','2018-03-11 04:42:30'),(5762,'a new customer',500000007,'2018-03-11 04:42:30','2018-03-11 04:42:30'),(5763,'a new customer',500000008,'2018-03-11 04:42:30','2018-03-11 04:42:30'),(5764,'a new customer',500000006,'2018-03-11 04:42:30','2018-03-11 04:42:30'),(5765,'a new customer',500000002,'2018-03-11 04:42:30','2018-03-11 04:42:30'),(5766,'a new customer',500000002,'2018-03-11 04:42:30','2018-03-11 04:42:30'),(5767,'a new customer',500000003,'2018-03-11 04:42:30','2018-03-11 04:42:30'),(5768,'a new customer',500000007,'2018-03-11 04:42:30','2018-03-11 04:42:30'),(5769,'a new customer',500000001,'2018-03-11 04:42:30','2018-03-11 04:42:30'),(5770,'a new customer',500000004,'2018-03-11 04:42:30','2018-03-11 04:42:30'),(5771,'a new customer',500000005,'2018-03-11 04:42:30','2018-03-11 04:42:30'),(5772,'a new customer',500000008,'2018-03-11 04:42:30','2018-03-11 04:42:30'),(5773,'a new customer',500000002,'2018-03-11 04:42:30','2018-03-11 04:42:30'),(5774,'a new customer',500000007,'2018-03-11 04:42:30','2018-03-11 04:42:30'),(5775,'a new customer',500000003,'2018-03-11 04:42:30','2018-03-11 04:42:30'),(5776,'a new customer',500000001,'2018-03-11 04:42:30','2018-03-11 04:42:30'),(5777,'a new customer',500000004,'2018-03-11 04:42:30','2018-03-11 04:42:30'),(5778,'a new customer',500000005,'2018-03-11 04:42:30','2018-03-11 04:42:30'),(5779,'a new customer',500000008,'2018-03-11 04:42:30','2018-03-11 04:42:30'),(5780,'a new customer',500000002,'2018-03-11 04:42:30','2018-03-11 04:42:30'),(5781,'a new customer',500000004,'2018-03-11 04:42:30','2018-03-11 04:42:30'),(5782,'a new customer',500000003,'2018-03-11 04:42:30','2018-03-11 04:42:30'),(5783,'a new customer',500000007,'2018-03-11 04:42:30','2018-03-11 04:42:30'),(5784,'a new customer',500000001,'2018-03-11 04:42:30','2018-03-11 04:42:30'),(5785,'a new customer',500000004,'2018-03-11 04:42:30','2018-03-11 04:42:30'),(5786,'a new customer',500000005,'2018-03-11 04:42:30','2018-03-11 04:42:30'),(5787,'a new customer',500000008,'2018-03-11 04:42:30','2018-03-11 04:42:30'),(5788,'a new customer',500000006,'2018-03-11 04:42:30','2018-03-11 04:42:30'),(5789,'a new customer',500000002,'2018-03-11 04:42:30','2018-03-11 04:42:30'),(5790,'a new customer',500000003,'2018-03-11 04:42:30','2018-03-11 04:42:30'),(5791,'a new customer',500000007,'2018-03-11 04:42:30','2018-03-11 04:42:30'),(5792,'a new customer',500000008,'2018-03-11 04:42:30','2018-03-11 04:42:30'),(5793,'a new customer',500000007,'2018-03-11 04:42:30','2018-03-11 04:42:30'),(5794,'a new customer',500000006,'2018-03-11 04:42:30','2018-03-11 04:42:30'),(5795,'a new customer',500000003,'2018-03-11 04:42:30','2018-03-11 04:42:30'),(5796,'a new customer',500000007,'2018-03-11 04:42:30','2018-03-11 04:42:30'),(5797,'a new customer',500000001,'2018-03-11 04:42:30','2018-03-11 04:42:30'),(5798,'a new customer',500000004,'2018-03-11 04:42:30','2018-03-11 04:42:30'),(5799,'a new customer',500000005,'2018-03-11 04:42:30','2018-03-11 04:42:30'),(5800,'a new customer',500000008,'2018-03-11 04:42:30','2018-03-11 04:42:30'),(5801,'a new customer',500000004,'2018-03-11 04:42:30','2018-03-11 04:42:30'),(5802,'a new customer',500000008,'2018-03-11 04:42:30','2018-03-11 04:42:30'),(5803,'a new customer',500000006,'2018-03-11 04:42:30','2018-03-11 04:42:30'),(5804,'a new customer',500000002,'2018-03-11 04:42:30','2018-03-11 04:42:30'),(5805,'a new customer',500000003,'2018-03-11 04:42:30','2018-03-11 04:42:30'),(5806,'a new customer',500000007,'2018-03-11 04:42:30','2018-03-11 04:42:30'),(5807,'a new customer',500000008,'2018-03-11 04:42:30','2018-03-11 04:42:30'),(5808,'a new customer',500000008,'2018-03-11 04:42:30','2018-03-11 04:42:30'),(5809,'a new customer',500000002,'2018-03-11 04:42:30','2018-03-11 04:42:30'),(5810,'a new customer',500000003,'2018-03-11 04:42:30','2018-03-11 04:42:30'),(5811,'a new customer',500000007,'2018-03-11 04:42:30','2018-03-11 04:42:30'),(5812,'a new customer',500000001,'2018-03-11 04:42:30','2018-03-11 04:42:30'),(5813,'a new customer',500000004,'2018-03-11 04:42:30','2018-03-11 04:42:30'),(5814,'a new customer',500000008,'2018-03-11 04:42:30','2018-03-11 04:42:30'),(5815,'a new customer',500000005,'2018-03-11 04:42:30','2018-03-11 04:42:30'),(5816,'a new customer',500000006,'2018-03-11 04:42:30','2018-03-11 04:42:30'),(5817,'a new customer',500000002,'2018-03-11 04:42:30','2018-03-11 04:42:30'),(5818,'a new customer',500000003,'2018-03-11 04:42:30','2018-03-11 04:42:30'),(5819,'a new customer',500000007,'2018-03-11 04:42:30','2018-03-11 04:42:30'),(5820,'a new customer',500000001,'2018-03-11 04:42:30','2018-03-11 04:42:30'),(5821,'a new customer',500000004,'2018-03-11 04:42:30','2018-03-11 04:42:30'),(5822,'a new customer',500000005,'2018-03-11 04:42:30','2018-03-11 04:42:30'),(5823,'a new customer',500000008,'2018-03-11 04:42:30','2018-03-11 04:42:30'),(5824,'a new customer',500000008,'2018-03-11 04:42:30','2018-03-11 04:42:30'),(5825,'a new customer',500000008,'2018-03-11 04:42:30','2018-03-11 04:42:30'),(5826,'a new customer',500000006,'2018-03-11 04:42:30','2018-03-11 04:42:30'),(5827,'a new customer',500000002,'2018-03-11 04:42:30','2018-03-11 04:42:30'),(5828,'a new customer',500000003,'2018-03-11 04:42:30','2018-03-11 04:42:30'),(5829,'a new customer',500000008,'2018-03-11 04:42:30','2018-03-11 04:42:30'),(5830,'a new customer',500000007,'2018-03-11 04:42:30','2018-03-11 04:42:30'),(5831,'a new customer',500000006,'2018-03-11 04:42:30','2018-03-11 04:42:30'),(5832,'a new customer',500000004,'2018-03-11 04:42:30','2018-03-11 04:42:30'),(5833,'a new customer',500000004,'2018-03-11 04:42:30','2018-03-11 04:42:30'),(5834,'a new customer',500000005,'2018-03-11 04:42:30','2018-03-11 04:42:30'),(5835,'a new customer',500000002,'2018-03-11 04:42:30','2018-03-11 04:42:30'),(5836,'a new customer',500000008,'2018-03-11 04:42:30','2018-03-11 04:42:30'),(5837,'a new customer',500000007,'2018-03-11 04:42:30','2018-03-11 04:42:30'),(5838,'a new customer',500000001,'2018-03-11 04:42:30','2018-03-11 04:42:30'),(5839,'a new customer',500000006,'2018-03-11 04:42:30','2018-03-11 04:42:30'),(5840,'a new customer',500000003,'2018-03-11 04:42:30','2018-03-11 04:42:30'),(5841,'a new customer',500000007,'2018-03-11 04:42:30','2018-03-11 04:42:30'),(5842,'a new customer',500000003,'2018-03-11 04:42:30','2018-03-11 04:42:30'),(5843,'a new customer',500000007,'2018-03-11 04:42:30','2018-03-11 04:42:30'),(5844,'a new customer',500000001,'2018-03-11 04:42:30','2018-03-11 04:42:30'),(5845,'a new customer',500000004,'2018-03-11 04:42:30','2018-03-11 04:42:30'),(5846,'a new customer',500000005,'2018-03-11 04:42:30','2018-03-11 04:42:30'),(5847,'a new customer',500000003,'2018-03-11 04:42:30','2018-03-11 04:42:30'),(5848,'a new customer',500000007,'2018-03-11 04:42:30','2018-03-11 04:42:30'),(5849,'a new customer',500000001,'2018-03-11 04:42:30','2018-03-11 04:42:30'),(5850,'a new customer',500000004,'2018-03-11 04:42:30','2018-03-11 04:42:30'),(5851,'a new customer',500000005,'2018-03-11 04:42:30','2018-03-11 04:42:30'),(5852,'a new customer',500000008,'2018-03-11 04:42:30','2018-03-11 04:42:30'),(5853,'a new customer',500000002,'2018-03-11 04:42:30','2018-03-11 04:42:30'),(5854,'a new customer',500000005,'2018-03-11 04:42:30','2018-03-11 04:42:30'),(5855,'a new customer',500000005,'2018-03-11 04:42:30','2018-03-11 04:42:30'),(5856,'a new customer',500000005,'2018-03-11 04:42:30','2018-03-11 04:42:30'),(5857,'a new customer',500000004,'2018-03-11 04:42:30','2018-03-11 04:42:30'),(5858,'a new customer',500000003,'2018-03-11 04:42:30','2018-03-11 04:42:30'),(5859,'a new customer',500000008,'2018-03-11 04:42:30','2018-03-11 04:42:30'),(5860,'a new customer',500000006,'2018-03-11 04:42:30','2018-03-11 04:42:30'),(5861,'a new customer',500000004,'2018-03-11 04:42:30','2018-03-11 04:42:30'),(5862,'a new customer',500000007,'2018-03-11 04:42:30','2018-03-11 04:42:30'),(5863,'a new customer',500000006,'2018-03-11 04:42:30','2018-03-11 04:42:30'),(5864,'a new customer',500000006,'2018-03-11 04:42:30','2018-03-11 04:42:30'),(5865,'a new customer',500000003,'2018-03-11 04:42:30','2018-03-11 04:42:30'),(5866,'a new customer',500000007,'2018-03-11 04:42:30','2018-03-11 04:42:30'),(5867,'a new customer',500000001,'2018-03-11 04:42:30','2018-03-11 04:42:30'),(5868,'a new customer',500000004,'2018-03-11 04:42:30','2018-03-11 04:42:30'),(5869,'a new customer',500000005,'2018-03-11 04:42:30','2018-03-11 04:42:30'),(5870,'a new customer',500000008,'2018-03-11 04:42:30','2018-03-11 04:42:30'),(5871,'a new customer',500000003,'2018-03-11 04:42:30','2018-03-11 04:42:30'),(5872,'a new customer',500000004,'2018-03-11 04:42:30','2018-03-11 04:42:30'),(5873,'a new customer',500000006,'2018-03-11 04:42:30','2018-03-11 04:42:30'),(5874,'a new customer',500000007,'2018-03-11 04:42:30','2018-03-11 04:42:30'),(5875,'a new customer',500000004,'2018-03-11 04:42:30','2018-03-11 04:42:30'),(5876,'a new customer',500000002,'2018-03-11 04:42:30','2018-03-11 04:42:30'),(5877,'a new customer',500000002,'2018-03-11 04:42:30','2018-03-11 04:42:30'),(5878,'a new customer',500000003,'2018-03-11 04:42:30','2018-03-11 04:42:30'),(5879,'a new customer',500000004,'2018-03-11 04:42:30','2018-03-11 04:42:30'),(5880,'a new customer',500000002,'2018-03-11 04:42:30','2018-03-11 04:42:30'),(5881,'a new customer',500000002,'2018-03-11 04:42:30','2018-03-11 04:42:30'),(5882,'a new customer',500000004,'2018-03-11 04:42:30','2018-03-11 04:42:30'),(5883,'a new customer',500000002,'2018-03-11 04:42:30','2018-03-11 04:42:30'),(5884,'a new customer',500000002,'2018-03-11 04:42:30','2018-03-11 04:42:30'),(5885,'a new customer',500000007,'2018-03-11 04:42:30','2018-03-11 04:42:30'),(5886,'a new customer',500000003,'2018-03-11 04:42:30','2018-03-11 04:42:30'),(5887,'a new customer',500000004,'2018-03-11 04:42:30','2018-03-11 04:42:30'),(5888,'a new customer',500000001,'2018-03-11 04:42:30','2018-03-11 04:42:30'),(5889,'a new customer',500000008,'2018-03-11 04:42:30','2018-03-11 04:42:30'),(5890,'a new customer',500000005,'2018-03-11 04:42:30','2018-03-11 04:42:30'),(5891,'a new customer',500000006,'2018-03-11 04:42:30','2018-03-11 04:42:30'),(5892,'a new customer',500000002,'2018-03-11 04:42:30','2018-03-11 04:42:30'),(5893,'a new customer',500000007,'2018-03-11 04:42:30','2018-03-11 04:42:30'),(5894,'a new customer',500000005,'2018-03-11 04:42:30','2018-03-11 04:42:30'),(5895,'a new customer',500000003,'2018-03-11 04:42:30','2018-03-11 04:42:30'),(5896,'a new customer',500000007,'2018-03-11 04:42:30','2018-03-11 04:42:30'),(5897,'a new customer',500000001,'2018-03-11 04:42:30','2018-03-11 04:42:30'),(5898,'a new customer',500000004,'2018-03-11 04:42:30','2018-03-11 04:42:30'),(5899,'a new customer',500000005,'2018-03-11 04:42:30','2018-03-11 04:42:30'),(5900,'a new customer',500000002,'2018-03-11 04:42:30','2018-03-11 04:42:30'),(5901,'a new customer',500000004,'2018-03-11 04:42:30','2018-03-11 04:42:30'),(5902,'a new customer',500000008,'2018-03-11 04:42:30','2018-03-11 04:42:30'),(5903,'a new customer',500000004,'2018-03-11 04:42:30','2018-03-11 04:42:30'),(5904,'a new customer',500000002,'2018-03-11 04:42:30','2018-03-11 04:42:30'),(5905,'a new customer',500000005,'2018-03-11 04:42:30','2018-03-11 04:42:30'),(5906,'a new customer',500000003,'2018-03-11 04:42:30','2018-03-11 04:42:30'),(5907,'a new customer',500000007,'2018-03-11 04:42:30','2018-03-11 04:42:30'),(5908,'a new customer',500000001,'2018-03-11 04:42:30','2018-03-11 04:42:30'),(5909,'a new customer',500000004,'2018-03-11 04:42:30','2018-03-11 04:42:30'),(5910,'a new customer',500000005,'2018-03-11 04:42:30','2018-03-11 04:42:30'),(5911,'a new customer',500000005,'2018-03-11 04:42:30','2018-03-11 04:42:30'),(5912,'a new customer',500000006,'2018-03-11 04:42:30','2018-03-11 04:42:30'),(5913,'a new customer',500000008,'2018-03-11 04:42:30','2018-03-11 04:42:30'),(5914,'a new customer',500000001,'2018-03-11 04:42:30','2018-03-11 04:42:30'),(5915,'a new customer',500000003,'2018-03-11 04:42:30','2018-03-11 04:42:30'),(5916,'a new customer',500000002,'2018-03-11 04:42:30','2018-03-11 04:42:30'),(5917,'a new customer',500000006,'2018-03-11 04:42:30','2018-03-11 04:42:30'),(5918,'a new customer',500000002,'2018-03-11 04:42:30','2018-03-11 04:42:30'),(5919,'a new customer',500000006,'2018-03-11 04:42:30','2018-03-11 04:42:30'),(5920,'a new customer',500000008,'2018-03-11 04:42:30','2018-03-11 04:42:30'),(5921,'a new customer',500000008,'2018-03-11 04:42:30','2018-03-11 04:42:30'),(5922,'a new customer',500000007,'2018-03-11 04:42:30','2018-03-11 04:42:30'),(5923,'a new customer',500000002,'2018-03-11 04:42:30','2018-03-11 04:42:30'),(5924,'a new customer',500000006,'2018-03-11 04:42:30','2018-03-11 04:42:30'),(5925,'a new customer',500000001,'2018-03-11 04:42:30','2018-03-11 04:42:30'),(5926,'a new customer',500000002,'2018-03-11 04:42:30','2018-03-11 04:42:30'),(5927,'a new customer',500000003,'2018-03-11 04:42:30','2018-03-11 04:42:30'),(5928,'a new customer',500000008,'2018-03-11 04:42:30','2018-03-11 04:42:30'),(5929,'a new customer',500000007,'2018-03-11 04:42:30','2018-03-11 04:42:30'),(5930,'a new customer',500000003,'2018-03-11 04:42:30','2018-03-11 04:42:30'),(5931,'a new customer',500000007,'2018-03-11 04:42:30','2018-03-11 04:42:30'),(5932,'a new customer',500000001,'2018-03-11 04:42:30','2018-03-11 04:42:30'),(5933,'a new customer',500000004,'2018-03-11 04:42:30','2018-03-11 04:42:30'),(5934,'a new customer',500000005,'2018-03-11 04:42:30','2018-03-11 04:42:30'),(5935,'a new customer',500000004,'2018-03-11 04:42:30','2018-03-11 04:42:30'),(5936,'a new customer',500000004,'2018-03-11 04:42:30','2018-03-11 04:42:30'),(5937,'a new customer',500000008,'2018-03-11 04:42:30','2018-03-11 04:42:30'),(5938,'a new customer',500000006,'2018-03-11 04:42:30','2018-03-11 04:42:30'),(5939,'a new customer',500000007,'2018-03-11 04:42:30','2018-03-11 04:42:30'),(5940,'a new customer',500000006,'2018-03-11 04:42:30','2018-03-11 04:42:30'),(5941,'a new customer',500000007,'2018-03-11 04:42:30','2018-03-11 04:42:30'),(5942,'a new customer',500000006,'2018-03-11 04:42:30','2018-03-11 04:42:30'),(5943,'a new customer',500000002,'2018-03-11 04:42:30','2018-03-11 04:42:30'),(5944,'a new customer',500000006,'2018-03-11 04:42:30','2018-03-11 04:42:30'),(5945,'a new customer',500000002,'2018-03-11 04:42:30','2018-03-11 04:42:30'),(5946,'a new customer',500000005,'2018-03-11 04:42:30','2018-03-11 04:42:30'),(5947,'a new customer',500000006,'2018-03-11 04:42:30','2018-03-11 04:42:30'),(5948,'a new customer',500000005,'2018-03-11 04:42:30','2018-03-11 04:42:30'),(5949,'a new customer',500000002,'2018-03-11 04:42:30','2018-03-11 04:42:30'),(5950,'a new customer',500000002,'2018-03-11 04:42:30','2018-03-11 04:42:30'),(5951,'aashay maheshbhai shah',500000002,'2018-03-11 04:42:30','2018-03-11 04:42:30'),(5952,'aashay maheshbhai shah',500000002,'2018-03-11 04:42:30','2018-03-11 04:42:30'),(5953,'a new customer',500000002,'2018-03-11 04:42:30','2018-03-11 04:42:30'),(5954,'a new customer',500000003,'2018-03-11 04:42:30','2018-03-11 04:42:30'),(5955,'a new customer',500000007,'2018-03-11 04:42:30','2018-03-11 04:42:30'),(5956,'a new customer',500000001,'2018-03-11 04:42:30','2018-03-11 04:42:30'),(5957,'a new customer',500000004,'2018-03-11 04:42:30','2018-03-11 04:42:30'),(5958,'a new customer',500000005,'2018-03-11 04:42:30','2018-03-11 04:42:30'),(5959,'a new customer',500000008,'2018-03-11 04:42:30','2018-03-11 04:42:30'),(5960,'a new customer',500000007,'2018-03-11 04:42:30','2018-03-11 04:42:30'),(5961,'a new customer',500000004,'2018-03-11 04:42:30','2018-03-11 04:42:30'),(5962,'a new customer',500000002,'2018-03-11 04:42:30','2018-03-11 04:42:30'),(5963,'a new customer',500000002,'2018-03-11 04:42:30','2018-03-11 04:42:30'),(5964,'a new customer',500000005,'2018-03-11 04:42:30','2018-03-11 04:42:30'),(5965,'a new customer',500000005,'2018-03-11 04:42:30','2018-03-11 04:42:30'),(5966,'a new customer',500000003,'2018-03-11 04:42:30','2018-03-11 04:42:30'),(5967,'a new customer',500000003,'2018-03-11 04:42:30','2018-03-11 04:42:30'),(5968,'a new customer',500000007,'2018-03-11 04:42:30','2018-03-11 04:42:30'),(5969,'a new customer',500000004,'2018-03-11 04:42:30','2018-03-11 04:42:30'),(5970,'a new customer',500000001,'2018-03-11 04:42:30','2018-03-11 04:42:30'),(5971,'a new customer',500000008,'2018-03-11 04:42:30','2018-03-11 04:42:30'),(5972,'a new customer',500000005,'2018-03-11 04:42:30','2018-03-11 04:42:30'),(5973,'a new customer',500000006,'2018-03-11 04:42:30','2018-03-11 04:42:30'),(5974,'a new customer',500000002,'2018-03-11 04:42:30','2018-03-11 04:42:30'),(5975,'a new customer',500000008,'2018-03-11 04:42:30','2018-03-11 04:42:30'),(5976,'a new customer',500000006,'2018-03-11 04:42:30','2018-03-11 04:42:30'),(5977,'a new customer',500000007,'2018-03-11 04:42:30','2018-03-11 04:42:30'),(5978,'a new customer',500000004,'2018-03-11 04:42:30','2018-03-11 04:42:30'),(5979,'a new customer',500000006,'2018-03-11 04:42:30','2018-03-11 04:42:30'),(5980,'a new customer',500000002,'2018-03-11 04:42:30','2018-03-11 04:42:30'),(5981,'a new customer',500000006,'2018-03-11 04:42:30','2018-03-11 04:42:30'),(5982,'a new customer',500000007,'2018-03-11 04:42:30','2018-03-11 04:42:30'),(5983,'a new customer',500000001,'2018-03-11 04:42:30','2018-03-11 04:42:30'),(5984,'a new customer',500000004,'2018-03-11 04:42:30','2018-03-11 04:42:30'),(5985,'a new customer',500000005,'2018-03-11 04:42:30','2018-03-11 04:42:30'),(5986,'a new customer',500000002,'2018-03-11 04:42:30','2018-03-11 04:42:30'),(5987,'a new customer',500000004,'2018-03-11 04:42:30','2018-03-11 04:42:30'),(5988,'a new customer',500000003,'2018-03-11 04:42:30','2018-03-11 04:42:30'),(5989,'a new customer',500000007,'2018-03-11 04:42:30','2018-03-11 04:42:30'),(5990,'a new customer',500000003,'2018-03-11 04:42:30','2018-03-11 04:42:30'),(5991,'a new customer',500000001,'2018-03-11 04:42:30','2018-03-11 04:42:30'),(5992,'a new customer',500000004,'2018-03-11 04:42:30','2018-03-11 04:42:30'),(5993,'a new customer',500000005,'2018-03-11 04:42:30','2018-03-11 04:42:30'),(5994,'a new customer',500000004,'2018-03-11 04:42:30','2018-03-11 04:42:30'),(5995,'a new customer',500000002,'2018-03-11 04:42:30','2018-03-11 04:42:30'),(5996,'a new customer',500000006,'2018-03-11 04:42:30','2018-03-11 04:42:30'),(5997,'a new customer',500000002,'2018-03-11 04:42:30','2018-03-11 04:42:30'),(5998,'a new customer',500000008,'2018-03-11 04:42:30','2018-03-11 04:42:30'),(5999,'aashay maheshbhai shah',500000002,'2018-03-11 04:42:30','2018-03-11 04:42:30'),(6000,'a new customer',500000003,'2018-03-11 04:42:30','2018-03-11 04:42:30'),(6001,'a new customer',500000007,'2018-03-11 04:42:30','2018-03-11 04:42:30'),(6002,'a new customer',500000001,'2018-03-11 04:42:30','2018-03-11 04:42:30'),(6003,'a new customer',500000004,'2018-03-11 04:42:30','2018-03-11 04:42:30'),(6004,'a new customer',500000005,'2018-03-11 04:42:30','2018-03-11 04:42:30'),(6005,'a new customer',500000006,'2018-03-11 04:42:30','2018-03-11 04:42:30'),(6006,'a new customer',500000002,'2018-03-11 04:42:30','2018-03-11 04:42:30'),(6007,'a new customer',500000006,'2018-03-11 04:42:30','2018-03-11 04:42:30'),(6008,'a new customer',500000008,'2018-03-11 04:42:30','2018-03-11 04:42:30'),(6009,'a new customer',500000007,'2018-03-11 04:42:30','2018-03-11 04:42:30'),(6010,'a new customer',500000006,'2018-03-11 04:42:30','2018-03-11 04:42:30'),(6011,'a new customer',500000004,'2018-03-11 04:42:30','2018-03-11 04:42:30'),(6012,'a new customer',500000003,'2018-03-11 04:42:30','2018-03-11 04:42:30'),(6013,'a new customer',500000004,'2018-03-11 04:42:30','2018-03-11 04:42:30'),(6014,'a new customer',500000006,'2018-03-11 04:42:30','2018-03-11 04:42:30'),(6015,'a new customer',500000007,'2018-03-11 04:42:30','2018-03-11 04:42:30'),(6016,'a new customer',500000008,'2018-03-11 04:42:30','2018-03-11 04:42:30'),(6017,'a new customer',500000006,'2018-03-11 04:42:30','2018-03-11 04:42:30'),(6018,'a new customer',500000002,'2018-03-11 04:42:30','2018-03-11 04:42:30'),(6019,'a new customer',500000005,'2018-03-11 04:42:30','2018-03-11 04:42:30'),(6020,'a new customer',500000006,'2018-03-11 04:42:30','2018-03-11 04:42:30'),(6021,'a new customer',500000006,'2018-03-11 04:42:30','2018-03-11 04:42:30'),(6022,'a new customer',500000007,'2018-03-11 04:42:30','2018-03-11 04:42:30'),(6023,'a new customer',500000004,'2018-03-11 04:42:30','2018-03-11 04:42:30'),(6024,'a new customer',500000003,'2018-03-11 04:42:30','2018-03-11 04:42:30'),(6025,'a new customer',500000002,'2018-03-11 04:42:30','2018-03-11 04:42:30'),(6026,'a new customer',500000006,'2018-03-11 04:42:30','2018-03-11 04:42:30'),(6027,'a new customer',500000003,'2018-03-11 04:42:30','2018-03-11 04:42:30'),(6028,'a new customer',500000007,'2018-03-11 04:42:30','2018-03-11 04:42:30'),(6029,'a new customer',500000001,'2018-03-11 04:42:30','2018-03-11 04:42:30'),(6030,'a new customer',500000004,'2018-03-11 04:42:30','2018-03-11 04:42:30'),(6031,'a new customer',500000005,'2018-03-11 04:42:30','2018-03-11 04:42:30'),(6032,'a new customer',500000006,'2018-03-11 04:42:30','2018-03-11 04:42:30'),(6033,'a new customer',500000002,'2018-03-11 04:42:30','2018-03-11 04:42:30'),(6034,'a new customer',500000006,'2018-03-11 04:42:30','2018-03-11 04:42:30'),(6035,'a new customer',500000008,'2018-03-11 04:42:30','2018-03-11 04:42:30'),(6036,'a new customer',500000007,'2018-03-11 04:42:30','2018-03-11 04:42:30'),(6037,'a new customer',500000004,'2018-03-11 04:42:30','2018-03-11 04:42:30'),(6038,'a new customer',500000006,'2018-03-11 04:42:30','2018-03-11 04:42:30'),(6039,'a new customer',500000007,'2018-03-11 04:42:30','2018-03-11 04:42:30'),(6040,'a new customer',500000004,'2018-03-11 04:42:30','2018-03-11 04:42:30'),(6041,'a new customer',500000002,'2018-03-11 04:42:30','2018-03-11 04:42:30'),(6042,'a new customer',500000002,'2018-03-11 04:42:30','2018-03-11 04:42:30'),(6043,'a new customer',500000001,'2018-03-11 04:42:30','2018-03-11 04:42:30'),(6044,'a new customer',500000007,'2018-03-11 04:42:30','2018-03-11 04:42:30'),(6045,'a new customer',500000003,'2018-03-11 04:42:30','2018-03-11 04:42:30'),(6046,'a new customer',500000004,'2018-03-11 04:42:30','2018-03-11 04:42:30'),(6047,'a new customer',500000002,'2018-03-11 04:42:30','2018-03-11 04:42:30'),(6048,'a new customer',500000003,'2018-03-11 04:42:30','2018-03-11 04:42:30'),(6049,'a new customer',500000008,'2018-03-11 04:42:30','2018-03-11 04:42:30'),(6050,'a new customer',500000003,'2018-03-11 04:42:30','2018-03-11 04:42:30'),(6051,'a new customer',500000007,'2018-03-11 04:42:30','2018-03-11 04:42:30'),(6052,'a new customer',500000001,'2018-03-11 04:42:30','2018-03-11 04:42:30'),(6053,'a new customer',500000004,'2018-03-11 04:42:30','2018-03-11 04:42:30'),(6054,'a new customer',500000005,'2018-03-11 04:42:30','2018-03-11 04:42:30'),(6055,'a new customer',500000006,'2018-03-11 04:42:30','2018-03-11 04:42:30'),(6056,'a new customer',500000002,'2018-03-11 04:42:30','2018-03-11 04:42:30'),(6057,'a new customer',500000006,'2018-03-11 04:42:30','2018-03-11 04:42:30'),(6058,'a new customer',500000002,'2018-03-11 04:42:30','2018-03-11 04:42:30'),(6059,'a new customer',500000004,'2018-03-11 04:42:30','2018-03-11 04:42:30'),(6060,'a new customer',500000007,'2018-03-11 04:42:30','2018-03-11 04:42:30'),(6061,'a new customer',500000008,'2018-03-11 04:42:30','2018-03-11 04:42:30'),(6062,'a new customer',500000004,'2018-03-11 04:42:30','2018-03-11 04:42:30'),(6063,'a new customer',500000006,'2018-03-11 04:42:30','2018-03-11 04:42:30'),(6064,'a new customer',500000007,'2018-03-11 04:42:30','2018-03-11 04:42:30'),(6065,'a new customer',500000002,'2018-03-11 04:42:30','2018-03-11 04:42:30'),(6066,'a new customer',500000006,'2018-03-11 04:42:30','2018-03-11 04:42:30'),(6067,'a new customer',500000002,'2018-03-11 04:42:30','2018-03-11 04:42:30'),(6068,'a new customer',500000007,'2018-03-11 04:42:30','2018-03-11 04:42:30'),(6069,'a new customer',500000005,'2018-03-11 04:42:30','2018-03-11 04:42:30'),(6070,'a new customer',500000006,'2018-03-11 04:42:30','2018-03-11 04:42:30'),(6071,'a new customer',500000002,'2018-03-11 04:42:30','2018-03-11 04:42:30'),(6072,'a new customer',500000008,'2018-03-11 04:42:30','2018-03-11 04:42:30'),(6073,'a new customer',500000006,'2018-03-11 04:42:30','2018-03-11 04:42:30'),(6074,'a new customer',500000002,'2018-03-11 04:42:30','2018-03-11 04:42:30'),(6075,'a new customer',500000006,'2018-03-11 04:42:30','2018-03-11 04:42:30'),(6076,'a new customer',500000004,'2018-03-11 04:42:30','2018-03-11 04:42:30'),(6077,'a new customer',500000008,'2018-03-11 04:42:30','2018-03-11 04:42:30'),(6078,'a new customer',500000006,'2018-03-11 04:42:30','2018-03-11 04:42:30'),(6079,'a new customer',500000007,'2018-03-11 04:42:30','2018-03-11 04:42:30'),(6080,'a new customer',500000007,'2018-03-11 04:42:30','2018-03-11 04:42:30'),(6081,'a new customer',500000007,'2018-03-11 04:42:30','2018-03-11 04:42:30'),(6082,'a new customer',500000003,'2018-03-11 04:42:30','2018-03-11 04:42:30'),(6083,'a new customer',500000004,'2018-03-11 04:42:30','2018-03-11 04:42:30'),(6084,'a new customer',500000001,'2018-03-11 04:42:30','2018-03-11 04:42:30'),(6085,'a new customer',500000008,'2018-03-11 04:42:30','2018-03-11 04:42:30'),(6086,'a new customer',500000005,'2018-03-11 04:42:30','2018-03-11 04:42:30'),(6087,'a new customer',500000006,'2018-03-11 04:42:30','2018-03-11 04:42:30'),(6088,'a new customer',500000002,'2018-03-11 04:42:30','2018-03-11 04:42:30'),(6089,'a new customer',500000006,'2018-03-11 04:42:30','2018-03-11 04:42:30'),(6090,'a new customer',500000004,'2018-03-11 04:42:30','2018-03-11 04:42:30'),(6091,'a new customer',500000004,'2018-03-11 04:42:30','2018-03-11 04:42:30'),(6092,'a new customer',500000006,'2018-03-11 04:42:30','2018-03-11 04:42:30'),(6093,'a new customer',500000004,'2018-03-11 04:42:30','2018-03-11 04:42:30'),(6094,'a new customer',500000006,'2018-03-11 04:42:30','2018-03-11 04:42:30'),(6095,'a new customer',500000002,'2018-03-11 04:42:30','2018-03-11 04:42:30'),(6096,'a new customer',500000002,'2018-03-11 04:42:30','2018-03-11 04:42:30'),(6097,'a new customer',500000003,'2018-03-11 04:42:30','2018-03-11 04:42:30'),(6098,'a new customer',500000007,'2018-03-11 04:42:30','2018-03-11 04:42:30'),(6099,'a new customer',500000006,'2018-03-11 04:42:30','2018-03-11 04:42:30'),(6100,'a new customer',500000002,'2018-03-11 04:42:30','2018-03-11 04:42:30'),(6101,'a new customer',500000003,'2018-03-11 04:42:30','2018-03-11 04:42:30'),(6102,'a new customer',500000008,'2018-03-11 04:42:30','2018-03-11 04:42:30'),(6103,'a new customer',500000002,'2018-03-11 04:42:30','2018-03-11 04:42:30'),(6104,'a new customer',500000002,'2018-03-11 04:42:30','2018-03-11 04:42:30'),(6105,'a new customer',500000001,'2018-03-11 04:42:30','2018-03-11 04:42:30'),(6106,'a new customer',500000004,'2018-03-11 04:42:30','2018-03-11 04:42:30'),(6107,'a new customer',500000006,'2018-03-11 04:42:30','2018-03-11 04:42:30'),(6108,'a new customer',500000007,'2018-03-11 04:42:30','2018-03-11 04:42:30'),(6109,'a new customer',500000008,'2018-03-11 04:42:30','2018-03-11 04:42:30'),(6110,'a new customer',500000004,'2018-03-11 04:42:30','2018-03-11 04:42:30'),(6111,'a new customer',500000006,'2018-03-11 04:42:30','2018-03-11 04:42:30'),(6112,'a new customer',500000002,'2018-03-11 04:42:30','2018-03-11 04:42:30'),(6113,'a new customer',500000002,'2018-03-11 04:42:30','2018-03-11 04:42:30'),(6114,'a new customer',500000004,'2018-03-11 04:42:30','2018-03-11 04:42:30'),(6115,'a new customer',500000002,'2018-03-11 04:42:30','2018-03-11 04:42:30'),(6116,'a new customer',500000008,'2018-03-11 04:42:30','2018-03-11 04:42:30'),(6117,'a new customer',500000006,'2018-03-11 04:42:30','2018-03-11 04:42:30'),(6118,'a new customer',500000007,'2018-03-11 04:42:30','2018-03-11 04:42:30'),(6119,'a new customer',500000001,'2018-03-11 04:42:30','2018-03-11 04:42:30'),(6120,'a new customer',500000006,'2018-03-11 04:42:30','2018-03-11 04:42:30'),(6121,'a new customer',500000003,'2018-03-11 04:42:30','2018-03-11 04:42:30'),(6122,'a new customer',500000007,'2018-03-11 04:42:30','2018-03-11 04:42:30'),(6123,'a new customer',500000001,'2018-03-11 04:42:30','2018-03-11 04:42:30'),(6124,'a new customer',500000004,'2018-03-11 04:42:30','2018-03-11 04:42:30'),(6125,'a new customer',500000002,'2018-03-11 04:42:30','2018-03-11 04:42:30'),(6126,'a new customer',500000004,'2018-03-11 04:42:30','2018-03-11 04:42:30'),(6127,'a new customer',500000006,'2018-03-11 04:42:30','2018-03-11 04:42:30'),(6128,'a new customer',500000007,'2018-03-11 04:42:30','2018-03-11 04:42:30'),(6129,'a new customer',500000004,'2018-03-11 04:42:30','2018-03-11 04:42:30'),(6130,'a new customer',500000008,'2018-03-11 04:42:30','2018-03-11 04:42:30'),(6131,'a new customer',500000003,'2018-03-11 04:42:30','2018-03-11 04:42:30'),(6132,'a new customer',500000003,'2018-03-11 04:42:30','2018-03-11 04:42:30'),(6133,'a new customer',500000002,'2018-03-11 04:42:30','2018-03-11 04:42:30'),(6134,'a new customer',500000006,'2018-03-11 04:42:30','2018-03-11 04:42:30'),(6135,'aashay maheshbhai shah',500000002,'2018-03-11 04:42:30','2018-03-11 04:42:30'),(6136,'a new customer',500000006,'2018-03-11 04:42:30','2018-03-11 04:42:30'),(6137,'a new customer',500000008,'2018-03-11 04:42:30','2018-03-11 04:42:30'),(6138,'a new customer',500000005,'2018-03-11 04:42:30','2018-03-11 04:42:30'),(6139,'a new customer',500000002,'2018-03-11 04:42:30','2018-03-11 04:42:30'),(6140,'a new customer',500000003,'2018-03-11 04:42:30','2018-03-11 04:42:30'),(6141,'a new customer',500000004,'2018-03-11 04:42:30','2018-03-11 04:42:30'),(6142,'a new customer',500000006,'2018-03-11 04:42:30','2018-03-11 04:42:30'),(6143,'a new customer',500000007,'2018-03-11 04:42:30','2018-03-11 04:42:30'),(6144,'a new customer',500000004,'2018-03-11 04:42:30','2018-03-11 04:42:30'),(6145,'a new customer',500000008,'2018-03-11 04:42:30','2018-03-11 04:42:30'),(6146,'a new customer',500000006,'2018-03-11 04:42:30','2018-03-11 04:42:30'),(6147,'a new customer',500000002,'2018-03-11 04:42:30','2018-03-11 04:42:30'),(6148,'a new customer',500000003,'2018-03-11 04:42:30','2018-03-11 04:42:30'),(6149,'a new customer',500000007,'2018-03-11 04:42:30','2018-03-11 04:42:30'),(6150,'a new customer',500000006,'2018-03-11 04:42:30','2018-03-11 04:42:30'),(6151,'a new customer',500000002,'2018-03-11 04:42:30','2018-03-11 04:42:30'),(6152,'a new customer',500000002,'2018-03-11 04:42:30','2018-03-11 04:42:30'),(6153,'a new customer',500000008,'2018-03-11 04:42:30','2018-03-11 04:42:30'),(6154,'a new customer',500000006,'2018-03-11 04:42:30','2018-03-11 04:42:30'),(6155,'a new customer',500000008,'2018-03-11 04:42:30','2018-03-11 04:42:30'),(6156,'a new customer',500000006,'2018-03-11 04:42:30','2018-03-11 04:42:30'),(6157,'a new customer',500000002,'2018-03-11 04:42:30','2018-03-11 04:42:30'),(6158,'a new customer',500000005,'2018-03-11 04:42:30','2018-03-11 04:42:30'),(6159,'a new customer',500000003,'2018-03-11 04:42:30','2018-03-11 04:42:30'),(6160,'a new customer',500000007,'2018-03-11 04:42:30','2018-03-11 04:42:30'),(6161,'a new customer',500000001,'2018-03-11 04:42:30','2018-03-11 04:42:30'),(6162,'a new customer',500000004,'2018-03-11 04:42:30','2018-03-11 04:42:30'),(6163,'a new customer',500000006,'2018-03-11 04:42:30','2018-03-11 04:42:30'),(6164,'a new customer',500000002,'2018-03-11 04:42:30','2018-03-11 04:42:30'),(6165,'a new customer',500000002,'2018-03-11 04:42:30','2018-03-11 04:42:30'),(6166,'a new customer',500000007,'2018-03-11 04:42:30','2018-03-11 04:42:30'),(6167,'a new customer',500000006,'2018-03-11 04:42:30','2018-03-11 04:42:30'),(6168,'a new customer',500000003,'2018-03-11 04:42:30','2018-03-11 04:42:30'),(6169,'a new customer',500000007,'2018-03-11 04:42:30','2018-03-11 04:42:30'),(6170,'a new customer',500000004,'2018-03-11 04:42:30','2018-03-11 04:42:30'),(6171,'a new customer',500000001,'2018-03-11 04:42:30','2018-03-11 04:42:30'),(6172,'a new customer',500000008,'2018-03-11 04:42:30','2018-03-11 04:42:30'),(6173,'a new customer',500000005,'2018-03-11 04:42:30','2018-03-11 04:42:30'),(6174,'a new customer',500000006,'2018-03-11 04:42:30','2018-03-11 04:42:30'),(6175,'a new customer',500000002,'2018-03-11 04:42:30','2018-03-11 04:42:30'),(6176,'a new customer',500000001,'2018-03-11 04:42:30','2018-03-11 04:42:30'),(6177,'a new customer',500000004,'2018-03-11 04:42:30','2018-03-11 04:42:30'),(6178,'a new customer',500000005,'2018-03-11 04:42:30','2018-03-11 04:42:30'),(6179,'a new customer',500000002,'2018-03-11 04:42:30','2018-03-11 04:42:30'),(6180,'a new customer',500000008,'2018-03-11 04:42:30','2018-03-11 04:42:30'),(6181,'a new customer',500000006,'2018-03-11 04:42:30','2018-03-11 04:42:30'),(6182,'a new customer',500000002,'2018-03-11 04:42:30','2018-03-11 04:42:30'),(6183,'a new customer',500000006,'2018-03-11 04:42:30','2018-03-11 04:42:30'),(6184,'a new customer',500000002,'2018-03-11 04:42:30','2018-03-11 04:42:30'),(6185,'aashay maheshbhai shah',500000002,'2018-03-11 04:42:30','2018-03-11 04:42:30'),(6186,'a new customer',500000002,'2018-03-11 04:42:30','2018-03-11 04:42:30'),(6187,'a new customer',500000004,'2018-03-11 04:42:30','2018-03-11 04:42:30'),(6188,'a new customer',500000006,'2018-03-11 04:42:30','2018-03-11 04:42:30'),(6189,'a new customer',500000003,'2018-03-11 04:42:30','2018-03-11 04:42:30'),(6190,'a new customer',500000006,'2018-03-11 04:42:30','2018-03-11 04:42:30'),(6191,'a new customer',500000007,'2018-03-11 04:42:30','2018-03-11 04:42:30'),(6192,'a new customer',500000001,'2018-03-11 04:42:30','2018-03-11 04:42:30'),(6193,'a new customer',500000004,'2018-03-11 04:42:30','2018-03-11 04:42:30'),(6194,'a new customer',500000005,'2018-03-11 04:42:30','2018-03-11 04:42:30'),(6195,'a new customer',500000002,'2018-03-11 04:42:30','2018-03-11 04:42:30'),(6196,'a new customer',500000008,'2018-03-11 04:42:30','2018-03-11 04:42:30'),(6197,'a new customer',500000001,'2018-03-11 04:42:30','2018-03-11 04:42:30'),(6198,'a new customer',500000004,'2018-03-11 04:42:30','2018-03-11 04:42:30'),(6199,'a new customer',500000006,'2018-03-11 04:42:30','2018-03-11 04:42:30'),(6200,'a new customer',500000002,'2018-03-11 04:42:30','2018-03-11 04:42:30'),(6201,'a new customer',500000003,'2018-03-11 04:42:30','2018-03-11 04:42:30'),(6202,'a new customer',500000006,'2018-03-11 04:42:30','2018-03-11 04:42:30'),(6203,'a new customer',500000001,'2018-03-11 04:42:30','2018-03-11 04:42:30'),(6204,'a new customer',500000004,'2018-03-11 04:42:30','2018-03-11 04:42:30'),(6205,'a new customer',500000007,'2018-03-11 04:42:30','2018-03-11 04:42:30'),(6206,'a new customer',500000006,'2018-03-11 04:42:30','2018-03-11 04:42:30'),(6207,'a new customer',500000002,'2018-03-11 04:42:30','2018-03-11 04:42:30'),(6208,'a new customer',500000002,'2018-03-11 04:42:30','2018-03-11 04:42:30'),(6209,'a new customer',500000002,'2018-03-11 04:42:30','2018-03-11 04:42:30'),(6210,'a new customer',500000001,'2018-03-11 04:42:30','2018-03-11 04:42:30'),(6211,'a new customer',500000004,'2018-03-11 04:42:30','2018-03-11 04:42:30'),(6212,'a new customer',500000005,'2018-03-11 04:42:30','2018-03-11 04:42:30'),(6213,'a new customer',500000002,'2018-03-11 04:42:30','2018-03-11 04:42:30'),(6214,'a new customer',500000006,'2018-03-11 04:42:30','2018-03-11 04:42:30'),(6215,'a new customer',500000002,'2018-03-11 04:42:30','2018-03-11 04:42:30'),(6216,'a new customer',500000008,'2018-03-11 04:42:30','2018-03-11 04:42:30'),(6217,'a new customer',500000003,'2018-03-11 04:42:30','2018-03-11 04:42:30'),(6218,'a new customer',500000001,'2018-03-11 04:42:30','2018-03-11 04:42:30'),(6219,'a new customer',500000007,'2018-03-11 04:42:30','2018-03-11 04:42:30'),(6220,'a new customer',500000001,'2018-03-11 04:42:30','2018-03-11 04:42:30'),(6221,'a new customer',500000004,'2018-03-11 04:42:30','2018-03-11 04:42:30'),(6222,'a new customer',500000005,'2018-03-11 04:42:30','2018-03-11 04:42:30'),(6223,'a new customer',500000006,'2018-03-11 04:42:30','2018-03-11 04:42:30'),(6224,'a new customer',500000002,'2018-03-11 04:42:30','2018-03-11 04:42:30'),(6225,'a new customer',500000008,'2018-03-11 04:42:30','2018-03-11 04:42:30'),(6226,'a new customer',500000005,'2018-03-11 04:42:30','2018-03-11 04:42:30'),(6227,'a new customer',500000004,'2018-03-11 04:42:30','2018-03-11 04:42:30'),(6228,'a new customer',500000001,'2018-03-11 04:42:30','2018-03-11 04:42:30'),(6229,'a new customer',500000007,'2018-03-11 04:42:30','2018-03-11 04:42:30'),(6230,'a new customer',500000003,'2018-03-11 04:42:30','2018-03-11 04:42:30'),(6231,'a new customer',500000002,'2018-03-11 04:42:30','2018-03-11 04:42:30'),(6232,'a new customer',500000002,'2018-03-11 04:42:30','2018-03-11 04:42:30'),(6233,'a new customer',500000006,'2018-03-11 04:42:30','2018-03-11 04:42:30'),(6234,'a new customer',500000008,'2018-03-11 04:42:30','2018-03-11 04:42:30'),(6235,'a new customer',500000001,'2018-03-11 04:42:30','2018-03-11 04:42:30'),(6236,'a new customer',500000004,'2018-03-11 04:42:30','2018-03-11 04:42:30'),(6237,'a new customer',500000003,'2018-03-11 04:42:30','2018-03-11 04:42:30'),(6238,'a new customer',500000001,'2018-03-11 04:42:30','2018-03-11 04:42:30'),(6239,'a new customer',500000004,'2018-03-11 04:42:30','2018-03-11 04:42:30'),(6240,'a new customer',500000005,'2018-03-11 04:42:30','2018-03-11 04:42:30'),(6241,'a new customer',500000002,'2018-03-11 04:42:30','2018-03-11 04:42:30'),(6242,'a new customer',500000002,'2018-03-11 04:42:30','2018-03-11 04:42:30'),(6243,'a new customer',500000007,'2018-03-11 04:42:30','2018-03-11 04:42:30'),(6244,'a new customer',500000006,'2018-03-11 04:42:30','2018-03-11 04:42:30'),(6245,'a new customer',500000006,'2018-03-11 04:42:30','2018-03-11 04:42:30'),(6246,'a new customer',500000002,'2018-03-11 04:42:30','2018-03-11 04:42:30'),(6247,'a new customer',500000006,'2018-03-11 04:42:30','2018-03-11 04:42:30'),(6248,'a new customer',500000001,'2018-03-11 04:42:30','2018-03-11 04:42:30'),(6249,'a new customer',500000004,'2018-03-11 04:42:30','2018-03-11 04:42:30'),(6250,'a new customer',500000005,'2018-03-11 04:42:30','2018-03-11 04:42:30'),(6251,'a new customer',500000006,'2018-03-11 04:42:30','2018-03-11 04:42:30'),(6252,'a new customer',500000007,'2018-03-11 04:42:30','2018-03-11 04:42:30'),(6253,'a new customer',500000001,'2018-03-11 04:42:30','2018-03-11 04:42:30'),(6254,'a new customer',500000004,'2018-03-11 04:42:30','2018-03-11 04:42:30'),(6255,'a new customer',500000005,'2018-03-11 04:42:30','2018-03-11 04:42:30'),(6256,'a new customer',500000006,'2018-03-11 04:42:30','2018-03-11 04:42:30'),(6257,'a new customer',500000002,'2018-03-11 04:42:30','2018-03-11 04:42:30'),(6258,'a new customer',500000002,'2018-03-11 04:42:30','2018-03-11 04:42:30'),(6259,'a new customer',500000008,'2018-03-11 04:42:30','2018-03-11 04:42:30'),(6260,'a new customer',500000003,'2018-03-11 04:42:30','2018-03-11 04:42:30'),(6261,'a new customer',500000007,'2018-03-11 04:42:30','2018-03-11 04:42:30'),(6262,'a new customer',500000004,'2018-03-11 04:42:30','2018-03-11 04:42:30'),(6263,'a new customer',500000001,'2018-03-11 04:42:30','2018-03-11 04:42:30'),(6264,'a new customer',500000008,'2018-03-11 04:42:30','2018-03-11 04:42:30'),(6265,'a new customer',500000005,'2018-03-11 04:42:30','2018-03-11 04:42:30'),(6266,'a new customer',500000006,'2018-03-11 04:42:30','2018-03-11 04:42:30'),(6267,'a new customer',500000002,'2018-03-11 04:42:30','2018-03-11 04:42:30'),(6268,'a new customer',500000007,'2018-03-11 04:42:30','2018-03-11 04:42:30'),(6269,'a new customer',500000003,'2018-03-11 04:42:30','2018-03-11 04:42:30'),(6270,'a new customer',500000006,'2018-03-11 04:42:30','2018-03-11 04:42:30'),(6271,'a new customer',500000004,'2018-03-11 04:42:30','2018-03-11 04:42:30'),(6272,'a new customer',500000004,'2018-03-11 04:42:30','2018-03-11 04:42:30'),(6273,'a new customer',500000001,'2018-03-11 04:42:30','2018-03-11 04:42:30'),(6274,'a new customer',500000004,'2018-03-11 04:42:30','2018-03-11 04:42:30'),(6275,'a new customer',500000005,'2018-03-11 04:42:30','2018-03-11 04:42:30'),(6276,'a new customer',500000007,'2018-03-11 04:42:30','2018-03-11 04:42:30'),(6277,'a new customer',500000002,'2018-03-11 04:42:30','2018-03-11 04:42:30'),(6278,'a new customer',500000001,'2018-03-11 04:42:30','2018-03-11 04:42:30'),(6279,'a new customer',500000004,'2018-03-11 04:42:30','2018-03-11 04:42:30'),(6280,'a new customer',500000003,'2018-03-11 04:42:30','2018-03-11 04:42:30'),(6281,'a new customer',500000001,'2018-03-11 04:42:30','2018-03-11 04:42:30'),(6282,'a new customer',500000004,'2018-03-11 04:42:30','2018-03-11 04:42:30'),(6283,'a new customer',500000005,'2018-03-11 04:42:30','2018-03-11 04:42:30'),(6284,'a new customer',500000008,'2018-03-11 04:42:30','2018-03-11 04:42:30'),(6285,'a new customer',500000002,'2018-03-11 04:42:30','2018-03-11 04:42:30'),(6286,'a new customer',500000006,'2018-03-11 04:42:30','2018-03-11 04:42:30'),(6287,'a new customer',500000002,'2018-03-11 04:42:30','2018-03-11 04:42:30'),(6288,'a new customer',500000003,'2018-03-11 04:42:30','2018-03-11 04:42:30'),(6289,'a new customer',500000006,'2018-03-11 04:42:30','2018-03-11 04:42:30'),(6290,'a new customer',500000007,'2018-03-11 04:42:30','2018-03-11 04:42:30'),(6291,'a new customer',500000007,'2018-03-11 04:42:30','2018-03-11 04:42:30'),(6292,'a new customer',500000001,'2018-03-11 04:42:30','2018-03-11 04:42:30'),(6293,'a new customer',500000004,'2018-03-11 04:42:30','2018-03-11 04:42:30'),(6294,'a new customer',500000005,'2018-03-11 04:42:30','2018-03-11 04:42:30'),(6295,'a new customer',500000002,'2018-03-11 04:42:30','2018-03-11 04:42:30'),(6296,'a new customer',500000002,'2018-03-11 04:42:30','2018-03-11 04:42:30'),(6297,'a new customer',500000008,'2018-03-11 04:42:30','2018-03-11 04:42:30'),(6298,'a new customer',500000003,'2018-03-11 04:42:30','2018-03-11 04:42:30'),(6299,'a new customer',500000001,'2018-03-11 04:42:30','2018-03-11 04:42:30'),(6300,'a new customer',500000004,'2018-03-11 04:42:30','2018-03-11 04:42:30'),(6301,'a new customer',500000005,'2018-03-11 04:42:30','2018-03-11 04:42:30'),(6302,'a new customer',500000001,'2018-03-11 04:42:30','2018-03-11 04:42:30'),(6303,'a new customer',500000004,'2018-03-11 04:42:30','2018-03-11 04:42:30'),(6304,'a new customer',500000006,'2018-03-11 04:42:30','2018-03-11 04:42:30'),(6305,'a new customer',500000002,'2018-03-11 04:42:30','2018-03-11 04:42:30'),(6306,'a new customer',500000001,'2018-03-11 04:42:30','2018-03-11 04:42:30'),(6307,'a new customer',500000004,'2018-03-11 04:42:30','2018-03-11 04:42:30'),(6308,'a new customer',500000005,'2018-03-11 04:42:30','2018-03-11 04:42:30'),(6309,'a new customer',500000002,'2018-03-11 04:42:30','2018-03-11 04:42:30'),(6310,'a new customer',500000007,'2018-03-11 04:42:30','2018-03-11 04:42:30'),(6311,'a new customer',500000001,'2018-03-11 04:42:30','2018-03-11 04:42:30'),(6312,'a new customer',500000004,'2018-03-11 04:42:30','2018-03-11 04:42:30'),(6313,'a new customer',500000006,'2018-03-11 04:42:30','2018-03-11 04:42:30'),(6314,'a new customer',500000007,'2018-03-11 04:42:30','2018-03-11 04:42:30'),(6315,'a new customer',500000008,'2018-03-11 04:42:30','2018-03-11 04:42:30'),(6316,'a new customer',500000006,'2018-03-11 04:42:30','2018-03-11 04:42:30'),(6317,'a new customer',500000002,'2018-03-11 04:42:30','2018-03-11 04:42:30'),(6318,'a new customer',500000003,'2018-03-11 04:42:30','2018-03-11 04:42:30'),(6319,'a new customer',500000001,'2018-03-11 04:42:30','2018-03-11 04:42:30'),(6320,'a new customer',500000004,'2018-03-11 04:42:30','2018-03-11 04:42:30'),(6321,'a new customer',500000005,'2018-03-11 04:42:30','2018-03-11 04:42:30'),(6322,'a new customer',500000004,'2018-03-11 04:42:30','2018-03-11 04:42:30'),(6323,'a new customer',500000008,'2018-03-11 04:42:30','2018-03-11 04:42:30'),(6324,'a new customer',500000004,'2018-03-11 04:42:30','2018-03-11 04:42:30'),(6325,'a new customer',500000007,'2018-03-11 04:42:30','2018-03-11 04:42:30'),(6326,'a new customer',500000001,'2018-03-11 04:42:30','2018-03-11 04:42:30'),(6327,'a new customer',500000004,'2018-03-11 04:42:30','2018-03-11 04:42:30'),(6328,'a new customer',500000005,'2018-03-11 04:42:30','2018-03-11 04:42:30'),(6329,'a new customer',500000002,'2018-03-11 04:42:30','2018-03-11 04:42:30'),(6330,'a new customer',500000007,'2018-03-11 04:42:30','2018-03-11 04:42:30'),(6331,'a new customer',500000003,'2018-03-11 04:42:30','2018-03-11 04:42:30'),(6332,'a new customer',500000001,'2018-03-11 04:42:30','2018-03-11 04:42:30'),(6333,'a new customer',500000004,'2018-03-11 04:42:30','2018-03-11 04:42:30'),(6334,'a new customer',500000002,'2018-03-11 04:42:30','2018-03-11 04:42:30'),(6335,'a new customer',500000002,'2018-03-11 04:42:30','2018-03-11 04:42:30'),(6336,'a new customer',500000003,'2018-03-11 04:42:30','2018-03-11 04:42:30'),(6337,'a new customer',500000003,'2018-03-11 04:42:30','2018-03-11 04:42:30'),(6338,'a new customer',500000008,'2018-03-11 04:42:30','2018-03-11 04:42:30'),(6339,'a new customer',500000006,'2018-03-11 04:42:30','2018-03-11 04:42:30'),(6340,'a new customer',500000002,'2018-03-11 04:42:30','2018-03-11 04:42:30'),(6341,'a new customer',500000004,'2018-03-11 04:42:30','2018-03-11 04:42:30'),(6342,'a new customer',500000004,'2018-03-11 04:42:30','2018-03-11 04:42:30'),(6343,'a new customer',500000008,'2018-03-11 04:42:30','2018-03-11 04:42:30'),(6344,'a new customer',500000007,'2018-03-11 04:42:30','2018-03-11 04:42:30'),(6345,'a new customer',500000003,'2018-03-11 04:42:30','2018-03-11 04:42:30'),(6346,'a new customer',500000001,'2018-03-11 04:42:30','2018-03-11 04:42:30'),(6347,'a new customer',500000004,'2018-03-11 04:42:30','2018-03-11 04:42:30'),(6348,'a new customer',500000008,'2018-03-11 04:42:30','2018-03-11 04:42:30'),(6349,'a new customer',500000005,'2018-03-11 04:42:30','2018-03-11 04:42:30'),(6350,'a new customer',500000006,'2018-03-11 04:42:30','2018-03-11 04:42:30'),(6351,'a new customer',500000002,'2018-03-11 04:42:30','2018-03-11 04:42:30'),(6352,'a new customer',500000003,'2018-03-11 04:42:30','2018-03-11 04:42:30'),(6353,'a new customer',500000006,'2018-03-11 04:42:30','2018-03-11 04:42:30'),(6354,'a new customer',500000002,'2018-03-11 04:42:30','2018-03-11 04:42:30'),(6355,'a new customer',500000007,'2018-03-11 04:42:30','2018-03-11 04:42:30'),(6356,'a new customer',500000008,'2018-03-11 04:42:30','2018-03-11 04:42:30'),(6357,'a new customer',500000007,'2018-03-11 04:42:30','2018-03-11 04:42:30'),(6358,'a new customer',500000006,'2018-03-11 04:42:30','2018-03-11 04:42:30'),(6359,'a new customer',500000001,'2018-03-11 04:42:30','2018-03-11 04:42:30'),(6360,'a new customer',500000004,'2018-03-11 04:42:30','2018-03-11 04:42:30'),(6361,'a new customer',500000003,'2018-03-11 04:42:30','2018-03-11 04:42:30'),(6362,'a new customer',500000001,'2018-03-11 04:42:30','2018-03-11 04:42:30'),(6363,'a new customer',500000004,'2018-03-11 04:42:30','2018-03-11 04:42:30'),(6364,'a new customer',500000005,'2018-03-11 04:42:30','2018-03-11 04:42:30'),(6365,'a new customer',500000002,'2018-03-11 04:42:30','2018-03-11 04:42:30'),(6366,'a new customer',500000002,'2018-03-11 04:42:30','2018-03-11 04:42:30'),(6367,'a new customer',500000002,'2018-03-11 04:42:30','2018-03-11 04:42:30'),(6368,'a new customer',500000002,'2018-03-11 04:42:30','2018-03-11 04:42:30'),(6369,'a new customer',500000002,'2018-03-11 04:42:30','2018-03-11 04:42:30'),(6370,'a new customer',500000001,'2018-03-11 04:42:30','2018-03-11 04:42:30'),(6371,'a new customer',500000004,'2018-03-11 04:42:30','2018-03-11 04:42:30'),(6372,'a new customer',500000005,'2018-03-11 04:42:30','2018-03-11 04:42:30'),(6373,'a new customer',500000006,'2018-03-11 04:42:30','2018-03-11 04:42:30'),(6374,'a new customer',500000002,'2018-03-11 04:42:30','2018-03-11 04:42:30'),(6375,'a new customer',500000002,'2018-03-11 04:42:30','2018-03-11 04:42:30'),(6376,'a new customer',500000002,'2018-03-11 04:42:30','2018-03-11 04:42:30'),(6377,'a new customer',500000007,'2018-03-11 04:42:30','2018-03-11 04:42:30'),(6378,'a new customer',500000002,'2018-03-11 04:42:30','2018-03-11 04:42:30'),(6379,'a new customer',500000003,'2018-03-11 04:42:30','2018-03-11 04:42:30'),(6380,'a new customer',500000001,'2018-03-11 04:42:30','2018-03-11 04:42:30'),(6381,'a new customer',500000004,'2018-03-11 04:42:30','2018-03-11 04:42:30'),(6382,'a new customer',500000005,'2018-03-11 04:42:30','2018-03-11 04:42:30'),(6383,'a new customer',500000003,'2018-03-11 04:42:30','2018-03-11 04:42:30'),(6384,'a new customer',500000003,'2018-03-11 04:42:30','2018-03-11 04:42:30'),(6385,'a new customer',500000008,'2018-03-11 04:42:30','2018-03-11 04:42:30'),(6386,'a new customer',500000001,'2018-03-11 04:42:30','2018-03-11 04:42:30'),(6387,'a new customer',500000004,'2018-03-11 04:42:30','2018-03-11 04:42:30'),(6388,'a new customer',500000002,'2018-03-11 04:42:30','2018-03-11 04:42:30'),(6389,'a new customer',500000007,'2018-03-11 04:42:30','2018-03-11 04:42:30'),(6390,'a new customer',500000001,'2018-03-11 04:42:30','2018-03-11 04:42:30'),(6391,'a new customer',500000004,'2018-03-11 04:42:30','2018-03-11 04:42:30'),(6392,'a new customer',500000005,'2018-03-11 04:42:30','2018-03-11 04:42:30'),(6393,'a new customer',500000006,'2018-03-11 04:42:30','2018-03-11 04:42:30'),(6394,'a new customer',500000002,'2018-03-11 04:42:30','2018-03-11 04:42:30'),(6395,'a new customer',500000001,'2018-03-11 04:42:30','2018-03-11 04:42:30'),(6396,'a new customer',500000004,'2018-03-11 04:42:30','2018-03-11 04:42:30'),(6397,'a new customer',500000006,'2018-03-11 04:42:30','2018-03-11 04:42:30'),(6398,'a new customer',500000002,'2018-03-11 04:42:30','2018-03-11 04:42:30'),(6399,'a new customer',500000003,'2018-03-11 04:42:30','2018-03-11 04:42:30'),(6400,'a new customer',500000001,'2018-03-11 04:42:30','2018-03-11 04:42:30'),(6401,'a new customer',500000004,'2018-03-11 04:42:30','2018-03-11 04:42:30'),(6402,'a new customer',500000005,'2018-03-11 04:42:30','2018-03-11 04:42:30'),(6403,'a new customer',500000008,'2018-03-11 04:42:30','2018-03-11 04:42:30'),(6404,'a new customer',500000008,'2018-03-11 04:42:30','2018-03-11 04:42:30'),(6405,'a new customer',500000005,'2018-03-11 04:42:30','2018-03-11 04:42:30'),(6406,'a new customer',500000001,'2018-03-11 04:42:30','2018-03-11 04:42:30'),(6407,'a new customer',500000004,'2018-03-11 04:42:30','2018-03-11 04:42:30'),(6408,'a new customer',500000003,'2018-03-11 04:42:30','2018-03-11 04:42:30'),(6409,'a new customer',500000003,'2018-03-11 04:42:30','2018-03-11 04:42:30'),(6410,'a new customer',500000007,'2018-03-11 04:42:30','2018-03-11 04:42:30'),(6411,'a new customer',500000001,'2018-03-11 04:42:30','2018-03-11 04:42:30'),(6412,'a new customer',500000004,'2018-03-11 04:42:30','2018-03-11 04:42:30'),(6413,'a new customer',500000005,'2018-03-11 04:42:30','2018-03-11 04:42:30'),(6414,'a new customer',500000008,'2018-03-11 04:42:30','2018-03-11 04:42:30'),(6415,'a new customer',500000003,'2018-03-11 04:42:30','2018-03-11 04:42:30'),(6416,'a new customer',500000001,'2018-03-11 04:42:30','2018-03-11 04:42:30'),(6417,'a new customer',500000004,'2018-03-11 04:42:30','2018-03-11 04:42:30'),(6418,'a new customer',500000005,'2018-03-11 04:42:30','2018-03-11 04:42:30'),(6419,'a new customer',500000001,'2018-03-11 04:42:30','2018-03-11 04:42:30'),(6420,'a new customer',500000005,'2018-03-11 04:42:30','2018-03-11 04:42:30'),(6421,'a new customer',500000006,'2018-03-11 04:42:30','2018-03-11 04:42:30'),(6422,'a new customer',500000002,'2018-03-11 04:42:30','2018-03-11 04:42:30'),(6423,'a new customer',500000007,'2018-03-11 04:42:30','2018-03-11 04:42:30'),(6424,'a new customer',500000002,'2018-03-11 04:42:30','2018-03-11 04:42:30'),(6425,'a new customer',500000008,'2018-03-11 04:42:30','2018-03-11 04:42:30'),(6426,'a new customer',500000006,'2018-03-11 04:42:30','2018-03-11 04:42:30'),(6427,'a new customer',500000002,'2018-03-11 04:42:30','2018-03-11 04:42:30'),(6428,'a new customer',500000003,'2018-03-11 04:42:30','2018-03-11 04:42:30'),(6429,'a new customer',500000007,'2018-03-11 04:42:30','2018-03-11 04:42:30'),(6430,'a new customer',500000001,'2018-03-11 04:42:30','2018-03-11 04:42:30'),(6431,'a new customer',500000008,'2018-03-11 04:42:30','2018-03-11 04:42:30'),(6432,'a new customer',500000001,'2018-03-11 04:42:30','2018-03-11 04:42:30'),(6433,'a new customer',500000004,'2018-03-11 04:42:30','2018-03-11 04:42:30'),(6434,'a new customer',500000006,'2018-03-11 04:42:30','2018-03-11 04:42:30'),(6435,'a new customer',500000002,'2018-03-11 04:42:30','2018-03-11 04:42:30'),(6436,'a new customer',500000006,'2018-03-11 04:42:30','2018-03-11 04:42:30'),(6437,'a new customer',500000007,'2018-03-11 04:42:30','2018-03-11 04:42:30'),(6438,'a new customer',500000007,'2018-03-11 04:42:30','2018-03-11 04:42:30'),(6439,'a new customer',500000005,'2018-03-11 04:42:30','2018-03-11 04:42:30'),(6440,'a new customer',500000006,'2018-03-11 04:42:30','2018-03-11 04:42:30'),(6441,'a new customer',500000001,'2018-03-11 04:42:30','2018-03-11 04:42:30'),(6442,'a new customer',500000003,'2018-03-11 04:42:30','2018-03-11 04:42:30'),(6443,'a new customer',500000007,'2018-03-11 04:42:30','2018-03-11 04:42:30'),(6444,'a new customer',500000004,'2018-03-11 04:42:30','2018-03-11 04:42:30'),(6445,'a new customer',500000001,'2018-03-11 04:42:30','2018-03-11 04:42:30'),(6446,'a new customer',500000008,'2018-03-11 04:42:30','2018-03-11 04:42:30'),(6447,'a new customer',500000005,'2018-03-11 04:42:30','2018-03-11 04:42:30'),(6448,'a new customer',500000006,'2018-03-11 04:42:30','2018-03-11 04:42:30'),(6449,'a new customer',500000002,'2018-03-11 04:42:30','2018-03-11 04:42:30'),(6450,'a new customer',500000008,'2018-03-11 04:42:30','2018-03-11 04:42:30'),(6451,'a new customer',500000004,'2018-03-11 04:42:30','2018-03-11 04:42:30'),(6452,'a new customer',500000003,'2018-03-11 04:42:30','2018-03-11 04:42:30'),(6453,'a new customer',500000001,'2018-03-11 04:42:30','2018-03-11 04:42:30'),(6454,'a new customer',500000004,'2018-03-11 04:42:30','2018-03-11 04:42:30'),(6455,'a new customer',500000005,'2018-03-11 04:42:30','2018-03-11 04:42:30'),(6456,'a new customer',500000001,'2018-03-11 04:42:30','2018-03-11 04:42:30'),(6457,'a new customer',500000004,'2018-03-11 04:42:30','2018-03-11 04:42:30'),(6458,'a new customer',500000001,'2018-03-11 04:42:30','2018-03-11 04:42:30'),(6459,'a new customer',500000008,'2018-03-11 04:42:30','2018-03-11 04:42:30'),(6460,'a new customer',500000002,'2018-03-11 04:42:30','2018-03-11 04:42:30'),(6461,'a new customer',500000003,'2018-03-11 04:42:30','2018-03-11 04:42:30'),(6462,'a new customer',500000001,'2018-03-11 04:42:30','2018-03-11 04:42:30'),(6463,'a new customer',500000004,'2018-03-11 04:42:30','2018-03-11 04:42:30'),(6464,'a new customer',500000005,'2018-03-11 04:42:30','2018-03-11 04:42:30'),(6465,'a new customer',500000008,'2018-03-11 04:42:30','2018-03-11 04:42:30'),(6466,'a new customer',500000006,'2018-03-11 04:42:30','2018-03-11 04:42:30'),(6467,'a new customer',500000002,'2018-03-11 04:42:30','2018-03-11 04:42:30'),(6468,'a new customer',500000002,'2018-03-11 04:42:30','2018-03-11 04:42:30'),(6469,'a new customer',500000004,'2018-03-11 04:42:30','2018-03-11 04:42:30'),(6470,'a new customer',500000002,'2018-03-11 04:42:30','2018-03-11 04:42:30'),(6471,'a new customer',500000004,'2018-03-11 04:42:30','2018-03-11 04:42:30'),(6472,'a new customer',500000006,'2018-03-11 04:42:30','2018-03-11 04:42:30'),(6473,'a new customer',500000007,'2018-03-11 04:42:30','2018-03-11 04:42:30'),(6474,'a new customer',500000006,'2018-03-11 04:42:30','2018-03-11 04:42:30'),(6475,'a new customer',500000002,'2018-03-11 04:42:30','2018-03-11 04:42:30'),(6476,'a new customer',500000004,'2018-03-11 04:42:30','2018-03-11 04:42:30'),(6477,'a new customer',500000002,'2018-03-11 04:42:30','2018-03-11 04:42:30'),(6478,'a new customer',500000001,'2018-03-11 04:42:30','2018-03-11 04:42:30'),(6479,'a new customer',500000004,'2018-03-11 04:42:30','2018-03-11 04:42:30'),(6480,'a new customer',500000007,'2018-03-11 04:42:30','2018-03-11 04:42:30'),(6481,'a new customer',500000005,'2018-03-11 04:42:30','2018-03-11 04:42:30'),(6482,'a new customer',500000001,'2018-03-11 04:42:30','2018-03-11 04:42:30'),(6483,'a new customer',500000004,'2018-03-11 04:42:30','2018-03-11 04:42:30'),(6484,'a new customer',500000005,'2018-03-11 04:42:30','2018-03-11 04:42:30'),(6485,'a new customer',500000006,'2018-03-11 04:42:30','2018-03-11 04:42:30'),(6486,'a new customer',500000002,'2018-03-11 04:42:30','2018-03-11 04:42:30'),(6487,'a new customer',500000004,'2018-03-11 04:42:30','2018-03-11 04:42:30'),(6488,'a new customer',500000008,'2018-03-11 04:42:30','2018-03-11 04:42:30'),(6489,'a new customer',500000008,'2018-03-11 04:42:30','2018-03-11 04:42:30'),(6490,'a new customer',500000006,'2018-03-11 04:42:30','2018-03-11 04:42:30'),(6491,'a new customer',500000002,'2018-03-11 04:42:30','2018-03-11 04:42:30'),(6492,'a new customer',500000003,'2018-03-11 04:42:30','2018-03-11 04:42:30'),(6493,'a new customer',500000001,'2018-03-11 04:42:30','2018-03-11 04:42:30'),(6494,'a new customer',500000004,'2018-03-11 04:42:30','2018-03-11 04:42:30'),(6495,'a new customer',500000005,'2018-03-11 04:42:30','2018-03-11 04:42:30'),(6496,'a new customer',500000001,'2018-03-11 04:42:30','2018-03-11 04:42:30'),(6497,'a new customer',500000004,'2018-03-11 04:42:30','2018-03-11 04:42:30'),(6498,'a new customer',500000006,'2018-03-11 04:42:30','2018-03-11 04:42:30'),(6499,'a new customer',500000002,'2018-03-11 04:42:30','2018-03-11 04:42:30'),(6500,'a new customer',500000008,'2018-03-11 04:42:30','2018-03-11 04:42:30'),(6501,'a new customer',500000003,'2018-03-11 04:42:30','2018-03-11 04:42:30'),(6502,'a new customer',500000002,'2018-03-11 04:42:30','2018-03-11 04:42:30'),(6503,'a new customer',500000001,'2018-03-11 04:42:30','2018-03-11 04:42:30'),(6504,'a new customer',500000004,'2018-03-11 04:42:30','2018-03-11 04:42:30'),(6505,'a new customer',500000005,'2018-03-11 04:42:30','2018-03-11 04:42:30'),(6506,'a new customer',500000006,'2018-03-11 04:42:30','2018-03-11 04:42:30'),(6507,'a new customer',500000002,'2018-03-11 04:42:30','2018-03-11 04:42:30'),(6508,'a new customer',500000002,'2018-03-11 04:42:30','2018-03-11 04:42:30'),(6509,'a new customer',500000007,'2018-03-11 04:42:30','2018-03-11 04:42:30'),(6510,'a new customer',500000008,'2018-03-11 04:42:30','2018-03-11 04:42:30'),(6511,'a new customer',500000002,'2018-03-11 04:42:30','2018-03-11 04:42:30'),(6512,'a new customer',500000006,'2018-03-11 04:42:30','2018-03-11 04:42:30'),(6513,'a new customer',500000003,'2018-03-11 04:42:30','2018-03-11 04:42:30'),(6514,'a new customer',500000007,'2018-03-11 04:42:30','2018-03-11 04:42:30'),(6515,'a new customer',500000008,'2018-03-11 04:42:30','2018-03-11 04:42:30'),(6516,'a new customer',500000003,'2018-03-11 04:42:30','2018-03-11 04:42:30'),(6517,'a new customer',500000008,'2018-03-11 04:42:30','2018-03-11 04:42:30'),(6518,'a new customer',500000006,'2018-03-11 04:42:30','2018-03-11 04:42:30'),(6519,'a new customer',500000002,'2018-03-11 04:42:30','2018-03-11 04:42:30'),(6520,'a new customer',500000001,'2018-03-11 04:42:30','2018-03-11 04:42:30'),(6521,'a new customer',500000004,'2018-03-11 04:42:30','2018-03-11 04:42:30'),(6522,'a new customer',500000005,'2018-03-11 04:42:30','2018-03-11 04:42:30'),(6523,'a new customer',500000008,'2018-03-11 04:42:30','2018-03-11 04:42:30'),(6524,'a new customer',500000001,'2018-03-11 04:42:30','2018-03-11 04:42:30'),(6525,'a new customer',500000004,'2018-03-11 04:42:30','2018-03-11 04:42:30'),(6526,'a new customer',500000005,'2018-03-11 04:42:30','2018-03-11 04:42:30'),(6527,'a new customer',500000006,'2018-03-11 04:42:30','2018-03-11 04:42:30'),(6528,'a new customer',500000002,'2018-03-11 04:42:30','2018-03-11 04:42:30'),(6529,'a new customer',500000003,'2018-03-11 04:42:30','2018-03-11 04:42:30'),(6530,'a new customer',500000003,'2018-03-11 04:42:30','2018-03-11 04:42:30'),(6531,'a new customer',500000002,'2018-03-11 04:42:30','2018-03-11 04:42:30'),(6532,'a new customer',500000008,'2018-03-11 04:42:30','2018-03-11 04:42:30'),(6533,'a new customer',500000006,'2018-03-11 04:42:30','2018-03-11 04:42:30'),(6534,'a new customer',500000002,'2018-03-11 04:42:30','2018-03-11 04:42:30'),(6535,'a new customer',500000004,'2018-03-11 04:42:30','2018-03-11 04:42:30'),(6536,'a new customer',500000002,'2018-03-11 04:42:30','2018-03-11 04:42:30'),(6537,'a new customer',500000002,'2018-03-11 04:42:30','2018-03-11 04:42:30'),(6538,'a new customer',500000008,'2018-03-11 04:42:30','2018-03-11 04:42:30'),(6539,'a new customer',500000002,'2018-03-11 04:42:30','2018-03-11 04:42:30'),(6540,'a new customer',500000007,'2018-03-11 04:42:30','2018-03-11 04:42:30'),(6541,'a new customer',500000004,'2018-03-11 04:42:30','2018-03-11 04:42:30'),(6542,'a new customer',500000008,'2018-03-11 04:42:30','2018-03-11 04:42:30'),(6543,'a new customer',500000005,'2018-03-11 04:42:30','2018-03-11 04:42:30'),(6544,'a new customer',500000002,'2018-03-11 04:42:30','2018-03-11 04:42:30'),(6545,'a new customer',500000007,'2018-03-11 04:42:30','2018-03-11 04:42:30'),(6546,'a new customer',500000003,'2018-03-11 04:42:30','2018-03-11 04:42:30'),(6547,'a new customer',500000006,'2018-03-11 04:42:30','2018-03-11 04:42:30'),(6548,'a new customer',500000008,'2018-03-11 04:42:30','2018-03-11 04:42:30'),(6549,'a new customer',500000001,'2018-03-11 04:42:30','2018-03-11 04:42:30'),(6550,'a new customer',500000004,'2018-03-11 04:42:30','2018-03-11 04:42:30'),(6551,'a new customer',500000003,'2018-03-11 04:42:30','2018-03-11 04:42:30'),(6552,'a new customer',500000007,'2018-03-11 04:42:30','2018-03-11 04:42:30'),(6553,'a new customer',500000004,'2018-03-11 04:42:30','2018-03-11 04:42:30'),(6554,'a new customer',500000001,'2018-03-11 04:42:30','2018-03-11 04:42:30'),(6555,'a new customer',500000008,'2018-03-11 04:42:30','2018-03-11 04:42:30'),(6556,'a new customer',500000005,'2018-03-11 04:42:30','2018-03-11 04:42:30'),(6557,'a new customer',500000006,'2018-03-11 04:42:30','2018-03-11 04:42:30'),(6558,'a new customer',500000002,'2018-03-11 04:42:30','2018-03-11 04:42:30'),(6559,'a new customer',500000004,'2018-03-11 04:42:30','2018-03-11 04:42:30'),(6560,'a new customer',500000007,'2018-03-11 04:42:30','2018-03-11 04:42:30'),(6561,'a new customer',500000006,'2018-03-11 04:42:30','2018-03-11 04:42:30'),(6562,'a new customer',500000003,'2018-03-11 04:42:30','2018-03-11 04:42:30'),(6563,'a new customer',500000001,'2018-03-11 04:42:30','2018-03-11 04:42:30'),(6564,'a new customer',500000004,'2018-03-11 04:42:30','2018-03-11 04:42:30'),(6565,'a new customer',500000005,'2018-03-11 04:42:30','2018-03-11 04:42:30'),(6566,'a new customer',500000006,'2018-03-11 04:42:30','2018-03-11 04:42:30'),(6567,'a new customer',500000002,'2018-03-11 04:42:30','2018-03-11 04:42:30'),(6568,'a new customer',500000003,'2018-03-11 04:42:30','2018-03-11 04:42:30'),(6569,'a new customer',500000004,'2018-03-11 04:42:30','2018-03-11 04:42:30'),(6570,'a new customer',500000008,'2018-03-11 04:42:30','2018-03-11 04:42:30'),(6571,'a new customer',500000006,'2018-03-11 04:42:30','2018-03-11 04:42:30'),(6572,'a new customer',500000002,'2018-03-11 04:42:30','2018-03-11 04:42:30'),(6573,'a new customer',500000004,'2018-03-11 04:42:30','2018-03-11 04:42:30'),(6574,'a new customer',500000004,'2018-03-11 04:42:30','2018-03-11 04:42:30'),(6575,'a new customer',500000005,'2018-03-11 04:42:30','2018-03-11 04:42:30'),(6576,'a new customer',500000002,'2018-03-11 04:42:30','2018-03-11 04:42:30'),(6577,'a new customer',500000001,'2018-03-11 04:42:30','2018-03-11 04:42:30'),(6578,'a new customer',500000004,'2018-03-11 04:42:30','2018-03-11 04:42:30'),(6579,'a new customer',500000008,'2018-03-11 04:42:30','2018-03-11 04:42:30'),(6580,'a new customer',500000007,'2018-03-11 04:42:30','2018-03-11 04:42:30'),(6581,'a new customer',500000006,'2018-03-11 04:42:30','2018-03-11 04:42:30'),(6582,'a new customer',500000004,'2018-03-11 04:42:30','2018-03-11 04:42:30'),(6583,'a new customer',500000001,'2018-03-11 04:42:30','2018-03-11 04:42:30'),(6584,'a new customer',500000004,'2018-03-11 04:42:30','2018-03-11 04:42:30'),(6585,'a new customer',500000003,'2018-03-11 04:42:30','2018-03-11 04:42:30'),(6586,'a new customer',500000001,'2018-03-11 04:42:30','2018-03-11 04:42:30'),(6587,'a new customer',500000004,'2018-03-11 04:42:30','2018-03-11 04:42:30'),(6588,'a new customer',500000005,'2018-03-11 04:42:30','2018-03-11 04:42:30'),(6589,'a new customer',500000006,'2018-03-11 04:42:30','2018-03-11 04:42:30'),(6590,'a new customer',500000002,'2018-03-11 04:42:30','2018-03-11 04:42:30'),(6591,'a new customer',500000002,'2018-03-11 04:42:30','2018-03-11 04:42:30'),(6592,'a new customer',500000005,'2018-03-11 04:42:30','2018-03-11 04:42:30'),(6593,'a new customer',500000002,'2018-03-11 04:42:30','2018-03-11 04:42:30'),(6594,'a new customer',500000004,'2018-03-11 04:42:30','2018-03-11 04:42:30'),(6595,'a new customer',500000005,'2018-03-11 04:42:30','2018-03-11 04:42:30'),(6596,'a new customer',500000002,'2018-03-11 04:42:30','2018-03-11 04:42:30'),(6597,'a new customer',500000008,'2018-03-11 04:42:30','2018-03-11 04:42:30'),(6598,'a new customer',500000002,'2018-03-11 04:42:30','2018-03-11 04:42:30'),(6599,'a new customer',500000006,'2018-03-11 04:42:30','2018-03-11 04:42:30'),(6600,'a new customer',500000003,'2018-03-11 04:42:30','2018-03-11 04:42:30'),(6601,'a new customer',500000006,'2018-03-11 04:42:30','2018-03-11 04:42:30'),(6602,'a new customer',500000002,'2018-03-11 04:42:30','2018-03-11 04:42:30'),(6603,'a new customer',500000002,'2018-03-11 04:42:30','2018-03-11 04:42:30'),(6604,'a new customer',500000002,'2018-03-11 04:42:30','2018-03-11 04:42:30'),(6605,'a new customer',500000002,'2018-03-11 04:42:30','2018-03-11 04:42:30'),(6606,'a new customer',500000002,'2018-03-11 04:42:30','2018-03-11 04:42:30'),(6607,'a new customer',500000001,'2018-03-11 04:42:30','2018-03-11 04:42:30'),(6608,'a new customer',500000004,'2018-03-11 04:42:30','2018-03-11 04:42:30'),(6609,'a new customer',500000003,'2018-03-11 04:42:30','2018-03-11 04:42:30'),(6610,'a new customer',500000001,'2018-03-11 04:42:30','2018-03-11 04:42:30'),(6611,'a new customer',500000004,'2018-03-11 04:42:30','2018-03-11 04:42:30'),(6612,'a new customer',500000005,'2018-03-11 04:42:30','2018-03-11 04:42:30'),(6613,'a new customer',500000006,'2018-03-11 04:42:30','2018-03-11 04:42:30'),(6614,'a new customer',500000002,'2018-03-11 04:42:30','2018-03-11 04:42:30'),(6615,'a new customer',500000004,'2018-03-11 04:42:30','2018-03-11 04:42:30'),(6616,'a new customer',500000002,'2018-03-11 04:42:30','2018-03-11 04:42:30'),(6617,'a new customer',500000002,'2018-03-11 04:42:30','2018-03-11 04:42:30'),(6618,'a new customer',500000003,'2018-03-11 04:42:30','2018-03-11 04:42:30'),(6619,'a new customer',500000003,'2018-03-11 04:42:30','2018-03-11 04:42:30'),(6620,'a new customer',500000008,'2018-03-11 04:42:30','2018-03-11 04:42:30'),(6621,'a new customer',500000001,'2018-03-11 04:42:30','2018-03-11 04:42:30'),(6622,'a new customer',500000004,'2018-03-11 04:42:30','2018-03-11 04:42:30'),(6623,'a new customer',500000005,'2018-03-11 04:42:30','2018-03-11 04:42:30'),(6624,'a new customer',500000006,'2018-03-11 04:42:30','2018-03-11 04:42:30'),(6625,'a new customer',500000002,'2018-03-11 04:42:30','2018-03-11 04:42:30'),(6626,'a new customer',500000001,'2018-03-11 04:42:30','2018-03-11 04:42:30'),(6627,'a new customer',500000004,'2018-03-11 04:42:30','2018-03-11 04:42:30'),(6628,'a new customer',500000003,'2018-03-11 04:42:30','2018-03-11 04:42:30'),(6629,'a new customer',500000005,'2018-03-11 04:42:30','2018-03-11 04:42:30'),(6630,'a new customer',500000006,'2018-03-11 04:42:30','2018-03-11 04:42:30'),(6631,'a new customer',500000007,'2018-03-11 04:42:30','2018-03-11 04:42:30'),(6632,'a new customer',500000006,'2018-03-11 04:42:30','2018-03-11 04:42:30'),(6633,'a new customer',500000005,'2018-03-11 04:42:30','2018-03-11 04:42:30'),(6634,'a new customer',500000003,'2018-03-11 04:42:30','2018-03-11 04:42:30'),(6635,'a new customer',500000007,'2018-03-11 04:42:30','2018-03-11 04:42:30'),(6636,'a new customer',500000004,'2018-03-11 04:42:30','2018-03-11 04:42:30'),(6637,'a new customer',500000001,'2018-03-11 04:42:30','2018-03-11 04:42:30'),(6638,'a new customer',500000008,'2018-03-11 04:42:30','2018-03-11 04:42:30'),(6639,'a new customer',500000005,'2018-03-11 04:42:30','2018-03-11 04:42:30'),(6640,'a new customer',500000006,'2018-03-11 04:42:30','2018-03-11 04:42:30'),(6641,'a new customer',500000002,'2018-03-11 04:42:30','2018-03-11 04:42:30'),(6642,'a new customer',500000001,'2018-03-11 04:42:30','2018-03-11 04:42:30'),(6643,'a new customer',500000004,'2018-03-11 04:42:30','2018-03-11 04:42:30'),(6644,'a new customer',500000005,'2018-03-11 04:42:30','2018-03-11 04:42:30'),(6645,'a new customer',500000006,'2018-03-11 04:42:30','2018-03-11 04:42:30'),(6646,'a new customer',500000002,'2018-03-11 04:42:30','2018-03-11 04:42:30'),(6647,'a new customer',500000004,'2018-03-11 04:42:30','2018-03-11 04:42:30'),(6648,'a new customer',500000001,'2018-03-11 04:42:30','2018-03-11 04:42:30'),(6649,'a new customer',500000004,'2018-03-11 04:42:30','2018-03-11 04:42:30'),(6650,'a new customer',500000003,'2018-03-11 04:42:30','2018-03-11 04:42:30'),(6651,'a new customer',500000004,'2018-03-11 04:42:30','2018-03-11 04:42:30'),(6652,'a new customer',500000003,'2018-03-11 04:42:30','2018-03-11 04:42:30'),(6653,'a new customer',500000004,'2018-03-11 04:42:30','2018-03-11 04:42:30'),(6654,'a new customer',500000005,'2018-03-11 04:42:30','2018-03-11 04:42:30'),(6655,'a new customer',500000002,'2018-03-11 04:42:30','2018-03-11 04:42:30'),(6656,'a new customer',500000002,'2018-03-11 04:42:30','2018-03-11 04:42:30'),(6657,'a new customer',500000007,'2018-03-11 04:42:30','2018-03-11 04:42:30'),(6658,'a new customer',500000007,'2018-03-11 04:42:30','2018-03-11 04:42:30'),(6659,'a new customer',500000006,'2018-03-11 04:42:30','2018-03-11 04:42:30'),(6660,'a new customer',500000001,'2018-03-11 04:42:30','2018-03-11 04:42:30'),(6661,'a new customer',500000004,'2018-03-11 04:42:30','2018-03-11 04:42:30'),(6662,'a new customer',500000005,'2018-03-11 04:42:30','2018-03-11 04:42:30'),(6663,'a new customer',500000006,'2018-03-11 04:42:30','2018-03-11 04:42:30'),(6664,'a new customer',500000002,'2018-03-11 04:42:30','2018-03-11 04:42:30'),(6665,'a new customer',500000001,'2018-03-11 04:42:30','2018-03-11 04:42:30'),(6666,'a new customer',500000004,'2018-03-11 04:42:30','2018-03-11 04:42:30'),(6667,'a new customer',500000003,'2018-03-11 04:42:30','2018-03-11 04:42:30'),(6668,'a new customer',500000001,'2018-03-11 04:42:30','2018-03-11 04:42:30'),(6669,'a new customer',500000004,'2018-03-11 04:42:30','2018-03-11 04:42:30'),(6670,'a new customer',500000008,'2018-03-11 04:42:30','2018-03-11 04:42:30'),(6671,'a new customer',500000003,'2018-03-11 04:42:30','2018-03-11 04:42:30'),(6672,'a new customer',500000004,'2018-03-11 04:42:30','2018-03-11 04:42:30'),(6673,'a new customer',500000005,'2018-03-11 04:42:30','2018-03-11 04:42:30'),(6674,'a new customer',500000002,'2018-03-11 04:42:30','2018-03-11 04:42:30'),(6675,'a new customer',500000004,'2018-03-11 04:42:30','2018-03-11 04:42:30'),(6676,'a new customer',500000001,'2018-03-11 04:42:30','2018-03-11 04:42:30'),(6677,'a new customer',500000001,'2018-03-11 04:42:30','2018-03-11 04:42:30'),(6678,'a new customer',500000004,'2018-03-11 04:42:30','2018-03-11 04:42:30'),(6679,'a new customer',500000005,'2018-03-11 04:42:30','2018-03-11 04:42:30'),(6680,'a new customer',500000006,'2018-03-11 04:42:30','2018-03-11 04:42:30'),(6681,'a new customer',500000002,'2018-03-11 04:42:30','2018-03-11 04:42:30'),(6682,'a new customer',500000004,'2018-03-11 04:42:30','2018-03-11 04:42:30'),(6683,'a new customer',500000008,'2018-03-11 04:42:30','2018-03-11 04:42:30'),(6684,'a new customer',500000001,'2018-03-11 04:42:30','2018-03-11 04:42:30'),(6685,'a new customer',500000004,'2018-03-11 04:42:30','2018-03-11 04:42:30'),(6686,'a new customer',500000003,'2018-03-11 04:42:30','2018-03-11 04:42:30'),(6687,'a new customer',500000003,'2018-03-11 04:42:30','2018-03-11 04:42:30'),(6688,'a new customer',500000004,'2018-03-11 04:42:30','2018-03-11 04:42:30'),(6689,'a new customer',500000005,'2018-03-11 04:42:30','2018-03-11 04:42:30'),(6690,'a new customer',500000002,'2018-03-11 04:42:30','2018-03-11 04:42:30'),(6691,'a new customer',500000003,'2018-03-11 04:42:30','2018-03-11 04:42:30'),(6692,'a new customer',500000008,'2018-03-11 04:42:30','2018-03-11 04:42:30'),(6693,'a new customer',500000001,'2018-03-11 04:42:30','2018-03-11 04:42:30'),(6694,'a new customer',500000004,'2018-03-11 04:42:30','2018-03-11 04:42:30'),(6695,'a new customer',500000007,'2018-03-11 04:42:30','2018-03-11 04:42:30'),(6696,'a new customer',500000002,'2018-03-11 04:42:30','2018-03-11 04:42:30'),(6697,'a new customer',500000008,'2018-03-11 04:42:30','2018-03-11 04:42:30'),(6698,'a new customer',500000001,'2018-03-11 04:42:30','2018-03-11 04:42:30'),(6699,'a new customer',500000002,'2018-03-11 04:42:30','2018-03-11 04:42:30'),(6700,'a new customer',500000003,'2018-03-11 04:42:30','2018-03-11 04:42:30'),(6701,'a new customer',500000004,'2018-03-11 04:42:30','2018-03-11 04:42:30'),(6702,'a new customer',500000005,'2018-03-11 04:42:30','2018-03-11 04:42:30'),(6703,'a new customer',500000006,'2018-03-11 04:42:30','2018-03-11 04:42:30'),(6704,'a new customer',500000002,'2018-03-11 04:42:30','2018-03-11 04:42:30'),(6705,'a new customer',500000002,'2018-03-11 04:42:30','2018-03-11 04:42:30'),(6706,'a new customer',500000003,'2018-03-11 04:42:30','2018-03-11 04:42:30'),(6707,'a new customer',500000002,'2018-03-11 04:42:30','2018-03-11 04:42:30'),(6708,'a new customer',500000002,'2018-03-11 04:42:30','2018-03-11 04:42:30'),(6709,'a new customer',500000005,'2018-03-11 04:42:30','2018-03-11 04:42:30'),(6710,'a new customer',500000007,'2018-03-11 04:42:30','2018-03-11 04:42:30'),(6711,'a new customer',500000006,'2018-03-11 04:42:30','2018-03-11 04:42:30'),(6712,'a new customer',500000003,'2018-03-11 04:42:30','2018-03-11 04:42:30'),(6713,'a new customer',500000006,'2018-03-11 04:42:30','2018-03-11 04:42:30'),(6714,'a new customer',500000003,'2018-03-11 04:42:30','2018-03-11 04:42:30'),(6715,'a new customer',500000007,'2018-03-11 04:42:30','2018-03-11 04:42:30'),(6716,'a new customer',500000004,'2018-03-11 04:42:30','2018-03-11 04:42:30'),(6717,'a new customer',500000008,'2018-03-11 04:42:30','2018-03-11 04:42:30'),(6718,'a new customer',500000003,'2018-03-11 04:42:30','2018-03-11 04:42:30'),(6719,'a new customer',500000003,'2018-03-11 04:42:30','2018-03-11 04:42:30'),(6720,'a new customer',500000003,'2018-03-11 04:42:30','2018-03-11 04:42:30'),(6721,'a new customer',500000003,'2018-03-11 04:42:30','2018-03-11 04:42:30'),(6722,'a new customer',500000003,'2018-03-11 04:42:30','2018-03-11 04:42:30'),(6723,'a new customer',500000002,'2018-03-11 04:42:30','2018-03-11 04:42:30'),(6724,'a new customer',500000002,'2018-03-11 04:42:30','2018-03-11 04:42:30'),(6725,'a new customer',500000002,'2018-03-11 04:42:30','2018-03-11 04:42:30'),(6726,'a new customer',500000002,'2018-03-11 04:42:30','2018-03-11 04:42:30'),(6727,'a new customer',500000002,'2018-03-11 04:42:30','2018-03-11 04:42:30'),(6728,'a new customer',500000002,'2018-03-11 04:42:30','2018-03-11 04:42:30'),(6729,'a new customer',500000002,'2018-03-11 04:42:30','2018-03-11 04:42:30'),(6730,'a new customer',500000002,'2018-03-11 04:42:30','2018-03-11 04:42:30'),(6731,'a new customer',500000002,'2018-03-11 04:42:30','2018-03-11 04:42:30'),(6732,'aashay maheshbhai shah',500000002,'2018-03-11 04:42:30','2018-03-11 04:42:30'),(6733,'aashay maheshbhai shah',500000002,'2018-03-11 04:42:30','2018-03-11 04:42:30'),(6734,'aashay maheshbhai shah',500000002,'2018-03-11 04:42:30','2018-03-11 04:42:30'),(6735,'aashay maheshbhai shah',500000002,'2018-03-11 04:42:30','2018-03-11 04:42:30'),(6736,'a new customer',500000002,'2018-03-11 04:42:30','2018-03-11 04:42:30'),(6737,'a new customer',500000002,'2018-03-11 04:42:30','2018-03-11 04:42:30'),(6738,'a new customer',500000002,'2018-03-11 04:42:30','2018-03-11 04:42:30'),(6739,'a new customer',500000002,'2018-03-11 04:42:30','2018-03-11 04:42:30'),(6740,'a new customer',500000002,'2018-03-11 04:42:30','2018-03-11 04:42:30'),(6741,'a new customer',500000002,'2018-03-11 04:42:30','2018-03-11 04:42:30'),(6742,'a new customer',500000002,'2018-03-11 04:42:30','2018-03-11 04:42:30'),(6743,'a new customer',500000002,'2018-03-11 04:42:30','2018-03-11 04:42:30'),(6744,'a new customer',500000002,'2018-03-11 04:42:30','2018-03-11 04:42:30'),(6745,'a new customer',500000002,'2018-03-11 04:42:30','2018-03-11 04:42:30'),(6746,'a new customer',500000002,'2018-03-11 04:42:30','2018-03-11 04:42:30'),(6747,'a new customer',500000002,'2018-03-11 04:42:30','2018-03-11 04:42:30'),(6748,'a new customer',500000002,'2018-03-11 04:42:30','2018-03-11 04:42:30'),(6749,'aashay maheshbhai shah',500000002,'2018-03-11 04:42:30','2018-03-11 04:42:30'),(6750,'aashay maheshbhai shah',500000002,'2018-03-11 04:42:30','2018-03-11 04:42:30'),(6751,'aashay maheshbhai shah',500000002,'2018-03-11 04:42:30','2018-03-11 04:42:30'),(6752,'aashay maheshbhai shah',500000002,'2018-03-11 04:42:30','2018-03-11 04:42:30'),(6753,'aashay maheshbhai shah',500000002,'2018-03-11 04:42:30','2018-03-11 04:42:30'),(6754,'aashay maheshbhai shah',500000002,'2018-03-11 04:42:30','2018-03-11 04:42:30'),(6755,'a new customer',500000002,'2018-03-11 04:42:30','2018-03-11 04:42:30'),(6756,'aashay maheshbhai shah',500000002,'2018-03-11 04:42:30','2018-03-11 04:42:30'),(6757,'aashay maheshbhai shah',500000002,'2018-03-11 04:42:30','2018-03-11 04:42:30'),(6758,'a new customer',500000002,'2018-03-11 04:42:30','2018-03-11 04:42:30'),(6759,'a new customer',500000002,'2018-03-11 04:42:30','2018-03-11 04:42:30'),(6760,'a new customer',500000006,'2018-03-11 04:42:30','2018-03-11 04:42:30'),(6761,'a new customer',500000002,'2018-03-11 04:42:30','2018-03-11 04:42:30'),(6762,'a new customer',500000002,'2018-03-11 04:42:30','2018-03-11 04:42:30'),(6763,'a new customer',500000002,'2018-03-11 04:42:30','2018-03-11 04:42:30'),(6764,'aashay maheshbhai shah',500000002,'2018-03-11 04:42:30','2018-03-11 04:42:30'),(6765,'aashay maheshbhai shah',500000002,'2018-03-11 04:42:30','2018-03-11 04:42:30'),(6766,'a new customer',500000002,'2018-03-11 04:42:30','2018-03-11 04:42:30'),(6767,'a new customer',500000002,'2018-03-11 04:42:30','2018-03-11 04:42:30'),(6768,'a new customer',500000002,'2018-03-11 04:42:30','2018-03-11 04:42:30'),(6769,'a new customer',500000003,'2018-03-11 04:42:30','2018-03-11 04:42:30'),(6770,'a new customer',500000007,'2018-03-11 04:42:30','2018-03-11 04:42:30'),(6771,'a new customer',500000001,'2018-03-11 04:42:30','2018-03-11 04:42:30'),(6772,'a new customer',500000002,'2018-03-11 04:42:30','2018-03-11 04:42:30'),(6773,'a new customer',500000005,'2018-03-11 04:42:30','2018-03-11 04:42:30'),(6774,'a new customer',500000002,'2018-03-11 04:42:30','2018-03-11 04:42:30'),(6775,'a new customer',500000008,'2018-03-11 04:42:30','2018-03-11 04:42:30'),(6776,'a new customer',500000006,'2018-03-11 04:42:30','2018-03-11 04:42:30'),(6777,'a new customer',500000003,'2018-03-11 04:42:30','2018-03-11 04:42:30'),(6778,'a new customer',500000007,'2018-03-11 04:42:30','2018-03-11 04:42:30'),(6779,'a new customer',500000001,'2018-03-11 04:42:30','2018-03-11 04:42:30'),(6780,'a new customer',500000004,'2018-03-11 04:42:30','2018-03-11 04:42:30'),(6781,'a new customer',500000001,'2018-03-11 04:42:30','2018-03-11 04:42:30'),(6782,'a new customer',500000001,'2018-03-11 04:42:30','2018-03-11 04:42:30'),(6783,'a new customer',500000001,'2018-03-11 04:42:30','2018-03-11 04:42:30'),(6784,'a new customer',500000003,'2018-03-11 04:42:30','2018-03-11 04:42:30'),(6785,'a new customer',500000005,'2018-03-11 04:42:30','2018-03-11 04:42:30'),(6786,'a new customer',500000005,'2018-03-11 04:42:30','2018-03-11 04:42:30'),(6787,'a new customer',500000002,'2018-03-11 04:42:30','2018-03-11 04:42:30'),(6788,'a new customer',500000002,'2018-03-11 04:42:30','2018-03-11 04:42:30'),(6789,'a new customer',500000002,'2018-03-11 04:42:30','2018-03-11 04:42:30'),(6790,'a new customer',500000007,'2018-03-11 04:42:30','2018-03-11 04:42:30'),(6791,'a new customer',500000002,'2018-03-11 04:42:30','2018-03-11 04:42:30'),(6792,'a new customer',500000002,'2018-03-11 04:42:30','2018-03-11 04:42:30'),(6793,'a new customer',500000005,'2018-03-11 04:42:30','2018-03-11 04:42:30'),(6794,'a new customer',500000002,'2018-03-11 04:42:30','2018-03-11 04:42:30'),(6795,'a new customer',500000003,'2018-03-11 04:42:30','2018-03-11 04:42:30'),(6796,'a new customer',500000007,'2018-03-11 04:42:30','2018-03-11 04:42:30'),(6797,'a new customer',500000004,'2018-03-11 04:42:30','2018-03-11 04:42:30'),(6798,'a new customer',500000002,'2018-03-11 04:42:30','2018-03-11 04:42:30'),(6799,'a new customer',500000002,'2018-03-11 04:42:30','2018-03-11 04:42:30'),(6800,'a new customer',500000002,'2018-03-11 04:42:30','2018-03-11 04:42:30'),(6801,'a new customer',500000003,'2018-03-11 04:42:30','2018-03-11 04:42:30'),(6802,'a new customer',500000002,'2018-03-11 04:42:30','2018-03-11 04:42:30'),(6803,'aashay maheshbhai shah',500000002,'2018-03-11 04:42:30','2018-03-11 04:42:30'),(6804,'a new customer',500000002,'2018-03-11 04:42:30','2018-03-11 04:42:30'),(6805,'a new customer',500000002,'2018-03-11 04:42:30','2018-03-11 04:42:30'),(6806,'a new customer',500000001,'2018-03-11 04:42:30','2018-03-11 04:42:30'),(6807,'a new customer',500000004,'2018-03-11 04:42:30','2018-03-11 04:42:30'),(6808,'a new customer',500000002,'2018-03-11 04:42:30','2018-03-11 04:42:30'),(6809,'a new customer',500000007,'2018-03-11 04:42:30','2018-03-11 04:42:30'),(6810,'a new customer',500000008,'2018-03-11 04:42:30','2018-03-11 04:42:30'),(6811,'a new customer',500000008,'2018-03-11 04:42:30','2018-03-11 04:42:30'),(6812,'a new customer',500000002,'2018-03-11 04:42:30','2018-03-11 04:42:30'),(6813,'a new customer',500000008,'2018-03-11 04:42:30','2018-03-11 04:42:30'),(6814,'a new customer',500000007,'2018-03-11 04:42:30','2018-03-11 04:42:30'),(6815,'a new customer',500000004,'2018-03-11 04:42:30','2018-03-11 04:42:30'),(6816,'a new customer',500000005,'2018-03-11 04:42:30','2018-03-11 04:42:30'),(6817,'a new customer',500000008,'2018-03-11 04:42:30','2018-03-11 04:42:30'),(6818,'a new customer',500000006,'2018-03-11 04:42:30','2018-03-11 04:42:30'),(6819,'a new customer',500000003,'2018-03-11 04:42:30','2018-03-11 04:42:30'),(6820,'a new customer',500000007,'2018-03-11 04:42:30','2018-03-11 04:42:30'),(6821,'a new customer',500000004,'2018-03-11 04:42:30','2018-03-11 04:42:30'),(6822,'a new customer',500000002,'2018-03-11 04:42:30','2018-03-11 04:42:30'),(6823,'a new customer',500000007,'2018-03-11 04:42:30','2018-03-11 04:42:30'),(6824,'a new customer',500000003,'2018-03-11 04:42:30','2018-03-11 04:42:30'),(6825,'a new customer',500000007,'2018-03-11 04:42:30','2018-03-11 04:42:30'),(6826,'a new customer',500000004,'2018-03-11 04:42:30','2018-03-11 04:42:30'),(6827,'a new customer',500000008,'2018-03-11 04:42:30','2018-03-11 04:42:30'),(6828,'a new customer',500000001,'2018-03-11 04:42:30','2018-03-11 04:42:30'),(6829,'a new customer',500000004,'2018-03-11 04:42:30','2018-03-11 04:42:30'),(6830,'a new customer',500000002,'2018-03-11 04:42:30','2018-03-11 04:42:30'),(6831,'a new customer',500000007,'2018-03-11 04:42:30','2018-03-11 04:42:30'),(6832,'aashay maheshbhai shah',500000002,'2018-03-11 04:42:30','2018-03-11 04:42:30'),(6833,'aashay maheshbhai shah',500000002,'2018-03-11 04:42:30','2018-03-11 04:42:30'),(6834,'a new customer',500000007,'2018-03-11 04:42:30','2018-03-11 04:42:30'),(6835,'a new customer',500000001,'2018-03-11 04:42:30','2018-03-11 04:42:30'),(6836,'a new customer',500000004,'2018-03-11 04:42:30','2018-03-11 04:42:30'),(6837,'a new customer',500000002,'2018-03-11 04:42:30','2018-03-11 04:42:30'),(6838,'a new customer',500000004,'2018-03-11 04:42:30','2018-03-11 04:42:30'),(6839,'a new customer',500000005,'2018-03-11 04:42:30','2018-03-11 04:42:30'),(6840,'a new customer',500000008,'2018-03-11 04:42:30','2018-03-11 04:42:30'),(6841,'a new customer',500000006,'2018-03-11 04:42:30','2018-03-11 04:42:30'),(6842,'a new customer',500000008,'2018-03-11 04:42:30','2018-03-11 04:42:30'),(6843,'a new customer',500000007,'2018-03-11 04:42:30','2018-03-11 04:42:30'),(6844,'a new customer',500000008,'2018-03-11 04:42:30','2018-03-11 04:42:30'),(6845,'a new customer',500000002,'2018-03-11 04:42:30','2018-03-11 04:42:30'),(6846,'a new customer',500000003,'2018-03-11 04:42:30','2018-03-11 04:42:30'),(6847,'a new customer',500000007,'2018-03-11 04:42:30','2018-03-11 04:42:30'),(6848,'a new customer',500000004,'2018-03-11 04:42:30','2018-03-11 04:42:30'),(6849,'a new customer',500000001,'2018-03-11 04:42:30','2018-03-11 04:42:30'),(6850,'a new customer',500000008,'2018-03-11 04:42:30','2018-03-11 04:42:30'),(6851,'a new customer',500000005,'2018-03-11 04:42:30','2018-03-11 04:42:30'),(6852,'a new customer',500000006,'2018-03-11 04:42:30','2018-03-11 04:42:30'),(6853,'a new customer',500000002,'2018-03-11 04:42:30','2018-03-11 04:42:30'),(6854,'a new customer',500000003,'2018-03-11 04:42:30','2018-03-11 04:42:30'),(6855,'a new customer',500000008,'2018-03-11 04:42:30','2018-03-11 04:42:30'),(6856,'a new customer',500000003,'2018-03-11 04:42:30','2018-03-11 04:42:30'),(6857,'a new customer',500000007,'2018-03-11 04:42:30','2018-03-11 04:42:30'),(6858,'a new customer',500000004,'2018-03-11 04:42:30','2018-03-11 04:42:30'),(6859,'a new customer',500000002,'2018-03-11 04:42:30','2018-03-11 04:42:30'),(6860,'a new customer',500000004,'2018-03-11 04:42:30','2018-03-11 04:42:30'),(6861,'a new customer',500000005,'2018-03-11 04:42:30','2018-03-11 04:42:30'),(6862,'a new customer',500000008,'2018-03-11 04:42:30','2018-03-11 04:42:30'),(6863,'a new customer',500000006,'2018-03-11 04:42:30','2018-03-11 04:42:30'),(6864,'a new customer',500000001,'2018-03-11 04:42:30','2018-03-11 04:42:30'),(6865,'a new customer',500000004,'2018-03-11 04:42:30','2018-03-11 04:42:30'),(6866,'a new customer',500000002,'2018-03-11 04:42:30','2018-03-11 04:42:30'),(6867,'a new customer',500000008,'2018-03-11 04:42:30','2018-03-11 04:42:30'),(6868,'a new customer',500000008,'2018-03-11 04:42:30','2018-03-11 04:42:30'),(6869,'a new customer',500000001,'2018-03-11 04:42:30','2018-03-11 04:42:30'),(6870,'a new customer',500000003,'2018-03-11 04:42:30','2018-03-11 04:42:30'),(6871,'a new customer',500000005,'2018-03-11 04:42:30','2018-03-11 04:42:30'),(6872,'a new customer',500000003,'2018-03-11 04:42:30','2018-03-11 04:42:30'),(6873,'a new customer',500000007,'2018-03-11 04:42:30','2018-03-11 04:42:30'),(6874,'a new customer',500000004,'2018-03-11 04:42:30','2018-03-11 04:42:30'),(6875,'a new customer',500000002,'2018-03-11 04:42:30','2018-03-11 04:42:30'),(6876,'a new customer',500000008,'2018-03-11 04:42:30','2018-03-11 04:42:30'),(6877,'a new customer',500000007,'2018-03-11 04:42:30','2018-03-11 04:42:30'),(6878,'a new customer',500000002,'2018-03-11 04:42:30','2018-03-11 04:42:30'),(6879,'a new customer',500000003,'2018-03-11 04:42:30','2018-03-11 04:42:30'),(6880,'a new customer',500000003,'2018-03-11 04:42:30','2018-03-11 04:42:30'),(6881,'a new customer',500000007,'2018-03-11 04:42:30','2018-03-11 04:42:30'),(6882,'a new customer',500000001,'2018-03-11 04:42:30','2018-03-11 04:42:30'),(6883,'a new customer',500000004,'2018-03-11 04:42:30','2018-03-11 04:42:30'),(6884,'a new customer',500000005,'2018-03-11 04:42:30','2018-03-11 04:42:30'),(6885,'a new customer',500000008,'2018-03-11 04:42:30','2018-03-11 04:42:30'),(6886,'a new customer',500000003,'2018-03-11 04:42:30','2018-03-11 04:42:30'),(6887,'a new customer',500000007,'2018-03-11 04:42:30','2018-03-11 04:42:30'),(6888,'a new customer',500000001,'2018-03-11 04:42:30','2018-03-11 04:42:30'),(6889,'a new customer',500000008,'2018-03-11 04:42:30','2018-03-11 04:42:30'),(6890,'a new customer',500000004,'2018-03-11 04:42:30','2018-03-11 04:42:30'),(6891,'a new customer',500000005,'2018-03-11 04:42:30','2018-03-11 04:42:30'),(6892,'a new customer',500000008,'2018-03-11 04:42:30','2018-03-11 04:42:30'),(6893,'a new customer',500000006,'2018-03-11 04:42:30','2018-03-11 04:42:30'),(6894,'a new customer',500000003,'2018-03-11 04:42:30','2018-03-11 04:42:30'),(6895,'a new customer',500000001,'2018-03-11 04:42:30','2018-03-11 04:42:30'),(6896,'a new customer',500000004,'2018-03-11 04:42:30','2018-03-11 04:42:30'),(6897,'a new customer',500000002,'2018-03-11 04:42:30','2018-03-11 04:42:30'),(6898,'a new customer',500000008,'2018-03-11 04:42:30','2018-03-11 04:42:30'),(6899,'a new customer',500000001,'2018-03-11 04:42:30','2018-03-11 04:42:30'),(6900,'a new customer',500000003,'2018-03-11 04:42:30','2018-03-11 04:42:30'),(6901,'a new customer',500000005,'2018-03-11 04:42:30','2018-03-11 04:42:30'),(6902,'a new customer',500000002,'2018-03-11 04:42:30','2018-03-11 04:42:30'),(6903,'a new customer',500000003,'2018-03-11 04:42:30','2018-03-11 04:42:30'),(6904,'a new customer',500000007,'2018-03-11 04:42:30','2018-03-11 04:42:30'),(6905,'a new customer',500000004,'2018-03-11 04:42:30','2018-03-11 04:42:30'),(6906,'a new customer',500000003,'2018-03-11 04:42:30','2018-03-11 04:42:30'),(6907,'a new customer',500000007,'2018-03-11 04:42:30','2018-03-11 04:42:30'),(6908,'a new customer',500000007,'2018-03-11 04:42:30','2018-03-11 04:42:30'),(6909,'a new customer',500000005,'2018-03-11 04:42:30','2018-03-11 04:42:30'),(6910,'a new customer',500000005,'2018-03-11 04:42:30','2018-03-11 04:42:30'),(6911,'a new customer',500000008,'2018-03-11 04:42:30','2018-03-11 04:42:30'),(6912,'a new customer',500000002,'2018-03-11 04:42:30','2018-03-11 04:42:30'),(6913,'a new customer',500000004,'2018-03-11 04:42:30','2018-03-11 04:42:30'),(6914,'a new customer',500000005,'2018-03-11 04:42:30','2018-03-11 04:42:30'),(6915,'a new customer',500000008,'2018-03-11 04:42:30','2018-03-11 04:42:30'),(6916,'a new customer',500000006,'2018-03-11 04:42:30','2018-03-11 04:42:30'),(6917,'a new customer',500000003,'2018-03-11 04:42:30','2018-03-11 04:42:30'),(6918,'a new customer',500000008,'2018-03-11 04:42:30','2018-03-11 04:42:30'),(6919,'a new customer',500000002,'2018-03-11 04:42:30','2018-03-11 04:42:30'),(6920,'a new customer',500000004,'2018-03-11 04:42:30','2018-03-11 04:42:30'),(6921,'a new customer',500000001,'2018-03-11 04:42:30','2018-03-11 04:42:30'),(6922,'a new customer',500000004,'2018-03-11 04:42:30','2018-03-11 04:42:30'),(6923,'a new customer',500000002,'2018-03-11 04:42:30','2018-03-11 04:42:30'),(6924,'a new customer',500000004,'2018-03-11 04:42:30','2018-03-11 04:42:30'),(6925,'a new customer',500000001,'2018-03-11 04:42:30','2018-03-11 04:42:30'),(6926,'a new customer',500000003,'2018-03-11 04:42:30','2018-03-11 04:42:30'),(6927,'a new customer',500000005,'2018-03-11 04:42:30','2018-03-11 04:42:30'),(6928,'a new customer',500000002,'2018-03-11 04:42:30','2018-03-11 04:42:30'),(6929,'aashay maheshbhai shah',500000002,'2018-03-11 04:42:30','2018-03-11 04:42:30'),(6930,'a new customer',500000008,'2018-03-11 04:42:30','2018-03-11 04:42:30'),(6931,'a new customer',500000008,'2018-03-11 04:42:30','2018-03-11 04:42:30'),(6932,'a new customer',500000008,'2018-03-11 04:42:30','2018-03-11 04:42:30'),(6933,'a new customer',500000008,'2018-03-11 04:42:30','2018-03-11 04:42:30'),(6934,'a new customer',500000003,'2018-03-11 04:42:30','2018-03-11 04:42:30'),(6935,'a new customer',500000002,'2018-03-11 04:42:30','2018-03-11 04:42:30'),(6936,'a new customer',500000004,'2018-03-11 04:42:30','2018-03-11 04:42:30'),(6937,'a new customer',500000007,'2018-03-11 04:42:30','2018-03-11 04:42:30'),(6938,'a new customer',500000002,'2018-03-11 04:42:30','2018-03-11 04:42:30'),(6939,'a new customer',500000006,'2018-03-11 04:42:30','2018-03-11 04:42:30'),(6940,'a new customer',500000001,'2018-03-11 04:42:30','2018-03-11 04:42:30'),(6941,'a new customer',500000004,'2018-03-11 04:42:30','2018-03-11 04:42:30'),(6942,'a new customer',500000002,'2018-03-11 04:42:30','2018-03-11 04:42:30'),(6943,'a new customer',500000008,'2018-03-11 04:42:30','2018-03-11 04:42:30'),(6944,'a new customer',500000008,'2018-03-11 04:42:30','2018-03-11 04:42:30'),(6945,'a new customer',500000004,'2018-03-11 04:42:30','2018-03-11 04:42:30'),(6946,'a new customer',500000007,'2018-03-11 04:42:30','2018-03-11 04:42:30'),(6947,'a new customer',500000004,'2018-03-11 04:42:30','2018-03-11 04:42:30'),(6948,'a new customer',500000008,'2018-03-11 04:42:30','2018-03-11 04:42:30'),(6949,'a new customer',500000004,'2018-03-11 04:42:30','2018-03-11 04:42:30'),(6950,'a new customer',500000005,'2018-03-11 04:42:30','2018-03-11 04:42:30'),(6951,'a new customer',500000008,'2018-03-11 04:42:30','2018-03-11 04:42:30'),(6952,'a new customer',500000006,'2018-03-11 04:42:30','2018-03-11 04:42:30'),(6953,'a new customer',500000003,'2018-03-11 04:42:30','2018-03-11 04:42:30'),(6954,'a new customer',500000007,'2018-03-11 04:42:30','2018-03-11 04:42:30'),(6955,'a new customer',500000004,'2018-03-11 04:42:30','2018-03-11 04:42:30'),(6956,'a new customer',500000007,'2018-03-11 04:42:30','2018-03-11 04:42:30'),(6957,'a new customer',500000003,'2018-03-11 04:42:30','2018-03-11 04:42:30'),(6958,'a new customer',500000004,'2018-03-11 04:42:30','2018-03-11 04:42:30'),(6959,'a new customer',500000001,'2018-03-11 04:42:30','2018-03-11 04:42:30'),(6960,'a new customer',500000008,'2018-03-11 04:42:30','2018-03-11 04:42:30'),(6961,'a new customer',500000005,'2018-03-11 04:42:30','2018-03-11 04:42:30'),(6962,'a new customer',500000006,'2018-03-11 04:42:30','2018-03-11 04:42:30'),(6963,'a new customer',500000002,'2018-03-11 04:42:30','2018-03-11 04:42:30'),(6964,'a new customer',500000005,'2018-03-11 04:42:30','2018-03-11 04:42:30'),(6965,'a new customer',500000001,'2018-03-11 04:42:30','2018-03-11 04:42:30'),(6966,'a new customer',500000007,'2018-03-11 04:42:30','2018-03-11 04:42:30'),(6967,'a new customer',500000003,'2018-03-11 04:42:30','2018-03-11 04:42:30'),(6968,'a new customer',500000002,'2018-03-11 04:42:30','2018-03-11 04:42:30'),(6969,'a new customer',500000004,'2018-03-11 04:42:30','2018-03-11 04:42:30'),(6970,'a new customer',500000002,'2018-03-11 04:42:30','2018-03-11 04:42:30'),(6971,'a new customer',500000001,'2018-03-11 04:42:30','2018-03-11 04:42:30'),(6972,'a new customer',500000004,'2018-03-11 04:42:30','2018-03-11 04:42:30'),(6973,'a new customer',500000002,'2018-03-11 04:42:30','2018-03-11 04:42:30'),(6974,'a new customer',500000004,'2018-03-11 04:42:30','2018-03-11 04:42:30'),(6975,'a new customer',500000005,'2018-03-11 04:42:30','2018-03-11 04:42:30'),(6976,'a new customer',500000008,'2018-03-11 04:42:30','2018-03-11 04:42:30'),(6977,'a new customer',500000006,'2018-03-11 04:42:30','2018-03-11 04:42:30'),(6978,'a new customer',500000001,'2018-03-11 04:42:30','2018-03-11 04:42:30'),(6979,'a new customer',500000003,'2018-03-11 04:42:30','2018-03-11 04:42:30'),(6980,'a new customer',500000003,'2018-03-11 04:42:30','2018-03-11 04:42:30'),(6981,'a new customer',500000007,'2018-03-11 04:42:30','2018-03-11 04:42:30'),(6982,'a new customer',500000004,'2018-03-11 04:42:30','2018-03-11 04:42:30'),(6983,'a new customer',500000008,'2018-03-11 04:42:30','2018-03-11 04:42:30'),(6984,'a new customer',500000007,'2018-03-11 04:42:30','2018-03-11 04:42:30'),(6985,'a new customer',500000004,'2018-03-11 04:42:30','2018-03-11 04:42:30'),(6986,'a new customer',500000004,'2018-03-11 04:42:30','2018-03-11 04:42:30'),(6987,'a new customer',500000005,'2018-03-11 04:42:30','2018-03-11 04:42:30'),(6988,'a new customer',500000008,'2018-03-11 04:42:30','2018-03-11 04:42:30'),(6989,'a new customer',500000006,'2018-03-11 04:42:30','2018-03-11 04:42:30'),(6990,'a new customer',500000001,'2018-03-11 04:42:30','2018-03-11 04:42:30'),(6991,'a new customer',500000004,'2018-03-11 04:42:30','2018-03-11 04:42:30'),(6992,'a new customer',500000002,'2018-03-11 04:42:30','2018-03-11 04:42:30'),(6993,'a new customer',500000003,'2018-03-11 04:42:30','2018-03-11 04:42:30'),(6994,'aashay maheshbhai shah',500000002,'2018-03-11 04:42:30','2018-03-11 04:42:30'),(6995,'a new customer',500000008,'2018-03-11 04:42:30','2018-03-11 04:42:30'),(6996,'a new customer',500000008,'2018-03-11 04:42:30','2018-03-11 04:42:30'),(6997,'a new customer',500000007,'2018-03-11 04:42:30','2018-03-11 04:42:30'),(6998,'a new customer',500000004,'2018-03-11 04:42:30','2018-03-11 04:42:30'),(6999,'a new customer',500000003,'2018-03-11 04:42:30','2018-03-11 04:42:30'),(7000,'a new customer',500000003,'2018-03-11 04:42:30','2018-03-11 04:42:30'),(7001,'a new customer',500000007,'2018-03-11 04:42:30','2018-03-11 04:42:30'),(7002,'a new customer',500000004,'2018-03-11 04:42:30','2018-03-11 04:42:30'),(7003,'a new customer',500000001,'2018-03-11 04:42:30','2018-03-11 04:42:30'),(7004,'a new customer',500000003,'2018-03-11 04:42:30','2018-03-11 04:42:30'),(7005,'a new customer',500000008,'2018-03-11 04:42:30','2018-03-11 04:42:30'),(7006,'a new customer',500000004,'2018-03-11 04:42:30','2018-03-11 04:42:30'),(7007,'a new customer',500000005,'2018-03-11 04:42:30','2018-03-11 04:42:30'),(7008,'a new customer',500000008,'2018-03-11 04:42:30','2018-03-11 04:42:30'),(7009,'a new customer',500000006,'2018-03-11 04:42:30','2018-03-11 04:42:30'),(7010,'a new customer',500000001,'2018-03-11 04:42:30','2018-03-11 04:42:30'),(7011,'a new customer',500000004,'2018-03-11 04:42:30','2018-03-11 04:42:30'),(7012,'a new customer',500000002,'2018-03-11 04:42:30','2018-03-11 04:42:30'),(7013,'a new customer',500000003,'2018-03-11 04:42:30','2018-03-11 04:42:30'),(7014,'a new customer',500000007,'2018-03-11 04:42:30','2018-03-11 04:42:30'),(7015,'a new customer',500000004,'2018-03-11 04:42:30','2018-03-11 04:42:30'),(7016,'a new customer',500000008,'2018-03-11 04:42:30','2018-03-11 04:42:30'),(7017,'a new customer',500000003,'2018-03-11 04:42:30','2018-03-11 04:42:30'),(7018,'a new customer',500000003,'2018-03-11 04:42:30','2018-03-11 04:42:30'),(7019,'a new customer',500000002,'2018-03-11 04:42:30','2018-03-11 04:42:30'),(7020,'a new customer',500000008,'2018-03-11 04:42:30','2018-03-11 04:42:30'),(7021,'a new customer',500000005,'2018-03-11 04:42:30','2018-03-11 04:42:30'),(7022,'a new customer',500000005,'2018-03-11 04:42:30','2018-03-11 04:42:30'),(7023,'a new customer',500000001,'2018-03-11 04:42:30','2018-03-11 04:42:30'),(7024,'a new customer',500000003,'2018-03-11 04:42:30','2018-03-11 04:42:30'),(7025,'a new customer',500000007,'2018-03-11 04:42:30','2018-03-11 04:42:30'),(7026,'a new customer',500000007,'2018-03-11 04:42:30','2018-03-11 04:42:30'),(7027,'a new customer',500000004,'2018-03-11 04:42:30','2018-03-11 04:42:30'),(7028,'a new customer',500000002,'2018-03-11 04:42:30','2018-03-11 04:42:30'),(7029,'a new customer',500000008,'2018-03-11 04:42:30','2018-03-11 04:42:30'),(7030,'a new customer',500000001,'2018-03-11 04:42:30','2018-03-11 04:42:30'),(7031,'a new customer',500000004,'2018-03-11 04:42:30','2018-03-11 04:42:30'),(7032,'a new customer',500000002,'2018-03-11 04:42:30','2018-03-11 04:42:30'),(7033,'a new customer',500000004,'2018-03-11 04:42:30','2018-03-11 04:42:30'),(7034,'a new customer',500000005,'2018-03-11 04:42:30','2018-03-11 04:42:30'),(7035,'a new customer',500000008,'2018-03-11 04:42:30','2018-03-11 04:42:30'),(7036,'a new customer',500000006,'2018-03-11 04:42:30','2018-03-11 04:42:30'),(7037,'a new customer',500000008,'2018-03-11 04:42:30','2018-03-11 04:42:30'),(7038,'a new customer',500000003,'2018-03-11 04:42:30','2018-03-11 04:42:30'),(7039,'a new customer',500000007,'2018-03-11 04:42:30','2018-03-11 04:42:30'),(7040,'a new customer',500000004,'2018-03-11 04:42:30','2018-03-11 04:42:30'),(7041,'a new customer',500000007,'2018-03-11 04:42:30','2018-03-11 04:42:30'),(7042,'a new customer',500000005,'2018-03-11 04:42:30','2018-03-11 04:42:30'),(7043,'a new customer',500000007,'2018-03-11 04:42:30','2018-03-11 04:42:30'),(7044,'a new customer',500000003,'2018-03-11 04:42:30','2018-03-11 04:42:30'),(7045,'a new customer',500000004,'2018-03-11 04:42:30','2018-03-11 04:42:30'),(7046,'a new customer',500000001,'2018-03-11 04:42:30','2018-03-11 04:42:30'),(7047,'a new customer',500000008,'2018-03-11 04:42:30','2018-03-11 04:42:30'),(7048,'a new customer',500000005,'2018-03-11 04:42:30','2018-03-11 04:42:30'),(7049,'a new customer',500000006,'2018-03-11 04:42:30','2018-03-11 04:42:30'),(7050,'a new customer',500000002,'2018-03-11 04:42:30','2018-03-11 04:42:30'),(7051,'a new customer',500000004,'2018-03-11 04:42:30','2018-03-11 04:42:30'),(7052,'a new customer',500000005,'2018-03-11 04:42:30','2018-03-11 04:42:30'),(7053,'a new customer',500000008,'2018-03-11 04:42:30','2018-03-11 04:42:30'),(7054,'a new customer',500000006,'2018-03-11 04:42:30','2018-03-11 04:42:30'),(7055,'a new customer',500000001,'2018-03-11 04:42:30','2018-03-11 04:42:30'),(7056,'a new customer',500000004,'2018-03-11 04:42:30','2018-03-11 04:42:30'),(7057,'a new customer',500000002,'2018-03-11 04:42:30','2018-03-11 04:42:30'),(7058,'a new customer',500000008,'2018-03-11 04:42:30','2018-03-11 04:42:30'),(7059,'a new customer',500000001,'2018-03-11 04:42:30','2018-03-11 04:42:30'),(7060,'a new customer',500000003,'2018-03-11 04:42:30','2018-03-11 04:42:30'),(7061,'a new customer',500000005,'2018-03-11 04:42:30','2018-03-11 04:42:30'),(7062,'a new customer',500000003,'2018-03-11 04:42:30','2018-03-11 04:42:30'),(7063,'a new customer',500000007,'2018-03-11 04:42:30','2018-03-11 04:42:30'),(7064,'a new customer',500000004,'2018-03-11 04:42:30','2018-03-11 04:42:30'),(7065,'a new customer',500000004,'2018-03-11 04:42:30','2018-03-11 04:42:30'),(7066,'a new customer',500000005,'2018-03-11 04:42:30','2018-03-11 04:42:30'),(7067,'a new customer',500000008,'2018-03-11 04:42:30','2018-03-11 04:42:30'),(7068,'a new customer',500000006,'2018-03-11 04:42:30','2018-03-11 04:42:30'),(7069,'a new customer',500000001,'2018-03-11 04:42:30','2018-03-11 04:42:30'),(7070,'a new customer',500000003,'2018-03-11 04:42:30','2018-03-11 04:42:30'),(7071,'a new customer',500000005,'2018-03-11 04:42:30','2018-03-11 04:42:30'),(7072,'a new customer',500000001,'2018-03-11 04:42:30','2018-03-11 04:42:30'),(7073,'a new customer',500000007,'2018-03-11 04:42:30','2018-03-11 04:42:30'),(7074,'a new customer',500000004,'2018-03-11 04:42:30','2018-03-11 04:42:30'),(7075,'a new customer',500000003,'2018-03-11 04:42:30','2018-03-11 04:42:30'),(7076,'a new customer',500000007,'2018-03-11 04:42:30','2018-03-11 04:42:30'),(7077,'a new customer',500000004,'2018-03-11 04:42:30','2018-03-11 04:42:30'),(7078,'a new customer',500000002,'2018-03-11 04:42:30','2018-03-11 04:42:30'),(7079,'a new customer',500000007,'2018-03-11 04:42:30','2018-03-11 04:42:30'),(7080,'aashay maheshbhai shah',500000002,'2018-03-11 04:42:30','2018-03-11 04:42:30'),(7081,'a new customer',500000005,'2018-03-11 04:42:30','2018-03-11 04:42:30'),(7082,'a new customer',500000005,'2018-03-11 04:42:30','2018-03-11 04:42:30'),(7083,'a new customer',500000004,'2018-03-11 04:42:30','2018-03-11 04:42:30'),(7084,'a new customer',500000005,'2018-03-11 04:42:30','2018-03-11 04:42:30'),(7085,'a new customer',500000008,'2018-03-11 04:42:30','2018-03-11 04:42:30'),(7086,'a new customer',500000006,'2018-03-11 04:42:30','2018-03-11 04:42:30'),(7087,'a new customer',500000001,'2018-03-11 04:42:30','2018-03-11 04:42:30'),(7088,'a new customer',500000003,'2018-03-11 04:42:30','2018-03-11 04:42:30'),(7089,'a new customer',500000007,'2018-03-11 04:42:30','2018-03-11 04:42:30'),(7090,'a new customer',500000005,'2018-03-11 04:42:30','2018-03-11 04:42:30'),(7091,'a new customer',500000008,'2018-03-11 04:42:30','2018-03-11 04:42:30'),(7092,'a new customer',500000003,'2018-03-11 04:42:30','2018-03-11 04:42:30'),(7093,'a new customer',500000005,'2018-03-11 04:42:30','2018-03-11 04:42:30'),(7094,'a new customer',500000003,'2018-03-11 04:42:30','2018-03-11 04:42:30'),(7095,'a new customer',500000007,'2018-03-11 04:42:30','2018-03-11 04:42:30'),(7096,'a new customer',500000007,'2018-03-11 04:42:30','2018-03-11 04:42:30'),(7097,'a new customer',500000003,'2018-03-11 04:42:30','2018-03-11 04:42:30'),(7098,'a new customer',500000001,'2018-03-11 04:42:30','2018-03-11 04:42:30'),(7099,'a new customer',500000005,'2018-03-11 04:42:30','2018-03-11 04:42:30'),(7100,'a new customer',500000005,'2018-03-11 04:42:30','2018-03-11 04:42:30'),(7101,'a new customer',500000005,'2018-03-11 04:42:30','2018-03-11 04:42:30'),(7102,'a new customer',500000008,'2018-03-11 04:42:30','2018-03-11 04:42:30'),(7103,'a new customer',500000002,'2018-03-11 04:42:30','2018-03-11 04:42:30'),(7104,'a new customer',500000001,'2018-03-11 04:42:30','2018-03-11 04:42:30'),(7105,'a new customer',500000002,'2018-03-11 04:42:30','2018-03-11 04:42:30'),(7106,'a new customer',500000003,'2018-03-11 04:42:30','2018-03-11 04:42:30'),(7107,'a new customer',500000004,'2018-03-11 04:42:30','2018-03-11 04:42:30'),(7108,'a new customer',500000006,'2018-03-11 04:42:30','2018-03-11 04:42:30'),(7109,'a new customer',500000002,'2018-03-11 04:42:30','2018-03-11 04:42:30'),(7110,'a new customer',500000006,'2018-03-11 04:42:30','2018-03-11 04:42:30'),(7111,'a new customer',500000003,'2018-03-11 04:42:30','2018-03-11 04:42:30'),(7112,'a new customer',500000004,'2018-03-11 04:42:30','2018-03-11 04:42:30'),(7113,'a new customer',500000008,'2018-03-11 04:42:30','2018-03-11 04:42:30'),(7114,'a new customer',500000008,'2018-03-11 04:42:30','2018-03-11 04:42:30'),(7115,'a new customer',500000003,'2018-03-11 04:42:30','2018-03-11 04:42:30'),(7116,'a new customer',500000004,'2018-03-11 04:42:30','2018-03-11 04:42:30'),(7117,'a new customer',500000003,'2018-03-11 04:42:30','2018-03-11 04:42:30'),(7118,'a new customer',500000003,'2018-03-11 04:42:30','2018-03-11 04:42:30'),(7119,'a new customer',500000002,'2018-03-11 04:42:30','2018-03-11 04:42:30'),(7120,'a new customer',500000002,'2018-03-11 04:42:30','2018-03-11 04:42:30'),(7121,'a new customer',500000007,'2018-03-11 04:42:30','2018-03-11 04:42:30'),(7122,'a new customer',500000004,'2018-03-11 04:42:30','2018-03-11 04:42:30'),(7123,'a new customer',500000003,'2018-03-11 04:42:30','2018-03-11 04:42:30'),(7124,'a new customer',500000002,'2018-03-11 04:42:30','2018-03-11 04:42:30'),(7125,'a new customer',500000002,'2018-03-11 04:42:30','2018-03-11 04:42:30'),(7126,'a new customer',500000002,'2018-03-11 04:42:30','2018-03-11 04:42:30'),(7127,'a new customer',500000002,'2018-03-11 04:42:30','2018-03-11 04:42:30'),(7128,'a new customer',500000004,'2018-03-11 04:42:30','2018-03-11 04:42:30'),(7129,'a new customer',500000007,'2018-03-11 04:42:30','2018-03-11 04:42:30'),(7130,'a new customer',500000002,'2018-03-11 04:42:30','2018-03-11 04:42:30'),(7131,'a new customer',500000005,'2018-03-11 04:42:30','2018-03-11 04:42:30'),(7132,'a new customer',500000007,'2018-03-11 04:42:30','2018-03-11 04:42:30'),(7133,'a new customer',500000004,'2018-03-11 04:42:30','2018-03-11 04:42:30'),(7134,'a new customer',500000007,'2018-03-11 04:42:30','2018-03-11 04:42:30'),(7135,'a new customer',500000008,'2018-03-11 04:42:30','2018-03-11 04:42:30'),(7136,'a new customer',500000006,'2018-03-11 04:42:30','2018-03-11 04:42:30'),(7137,'a new customer',500000003,'2018-03-11 04:42:30','2018-03-11 04:42:30'),(7138,'a new customer',500000006,'2018-03-11 04:42:30','2018-03-11 04:42:30'),(7139,'a new customer',500000005,'2018-03-11 04:42:30','2018-03-11 04:42:30'),(7140,'a new customer',500000008,'2018-03-11 04:42:30','2018-03-11 04:42:30'),(7141,'a new customer',500000007,'2018-03-11 04:42:30','2018-03-11 04:42:30'),(7142,'a new customer',500000008,'2018-03-11 04:42:30','2018-03-11 04:42:30'),(7143,'a new customer',500000001,'2018-03-11 04:42:30','2018-03-11 04:42:30'),(7144,'a new customer',500000008,'2018-03-11 04:42:30','2018-03-11 04:42:30'),(7145,'a new customer',500000004,'2018-03-11 04:42:30','2018-03-11 04:42:30'),(7146,'a new customer',500000001,'2018-03-11 04:42:30','2018-03-11 04:42:30'),(7147,'a new customer',500000006,'2018-03-11 04:42:30','2018-03-11 04:42:30'),(7148,'a new customer',500000002,'2018-03-11 04:42:30','2018-03-11 04:42:30'),(7149,'a new customer',500000005,'2018-03-11 04:42:30','2018-03-11 04:42:30'),(7150,'a new customer',500000007,'2018-03-11 04:42:30','2018-03-11 04:42:30'),(7151,'a new customer',500000008,'2018-03-11 04:42:30','2018-03-11 04:42:30'),(7152,'a new customer',500000002,'2018-03-11 04:42:30','2018-03-11 04:42:30'),(7153,'aashay maheshbhai shah',500000002,'2018-03-11 04:42:30','2018-03-11 04:42:30'),(7154,'a new customer',500000002,'2018-03-11 04:42:30','2018-03-11 04:42:30'),(7155,'a new customer',500000002,'2018-03-11 04:42:30','2018-03-11 04:42:30'),(7156,'a new customer',500000002,'2018-03-11 04:42:30','2018-03-11 04:42:30'),(7157,'a new customer',500000008,'2018-03-11 04:42:30','2018-03-11 04:42:30'),(7158,'a new customer',500000006,'2018-03-11 04:42:30','2018-03-11 04:42:30'),(7159,'a new customer',500000006,'2018-03-11 04:42:30','2018-03-11 04:42:30'),(7160,'a new customer',500000002,'2018-03-11 04:42:30','2018-03-11 04:42:30'),(7161,'a new customer',500000003,'2018-03-11 04:42:30','2018-03-11 04:42:30'),(7162,'a new customer',500000002,'2018-03-11 04:42:30','2018-03-11 04:42:30'),(7163,'a new customer',500000002,'2018-03-11 04:42:30','2018-03-11 04:42:30'),(7164,'a new customer',500000007,'2018-03-11 04:42:30','2018-03-11 04:42:30'),(7165,'a new customer',500000002,'2018-03-11 04:42:30','2018-03-11 04:42:30'),(7166,'a new customer',500000003,'2018-03-11 04:42:30','2018-03-11 04:42:30'),(7167,'a new customer',500000002,'2018-03-11 04:42:30','2018-03-11 04:42:30'),(7168,'a new customer',500000002,'2018-03-11 04:42:30','2018-03-11 04:42:30'),(7169,'a new customer',500000005,'2018-03-11 04:42:30','2018-03-11 04:42:30'),(7170,'a new customer',500000002,'2018-03-11 04:42:30','2018-03-11 04:42:30'),(7171,'a new customer',500000007,'2018-03-11 04:42:30','2018-03-11 04:42:30'),(7172,'a new customer',500000003,'2018-03-11 04:42:30','2018-03-11 04:42:30'),(7173,'a new customer',500000003,'2018-03-11 04:42:30','2018-03-11 04:42:30'),(7174,'a new customer',500000003,'2018-03-11 04:42:30','2018-03-11 04:42:30'),(7175,'a new customer',500000007,'2018-03-11 04:42:30','2018-03-11 04:42:30'),(7176,'a new customer',500000001,'2018-03-11 04:42:30','2018-03-11 04:42:30'),(7177,'a new customer',500000004,'2018-03-11 04:42:30','2018-03-11 04:42:30'),(7178,'a new customer',500000005,'2018-03-11 04:42:30','2018-03-11 04:42:30'),(7179,'a new customer',500000002,'2018-03-11 04:42:30','2018-03-11 04:42:30'),(7180,'a new customer',500000003,'2018-03-11 04:42:30','2018-03-11 04:42:30'),(7181,'a new customer',500000006,'2018-03-11 04:42:30','2018-03-11 04:42:30'),(7182,'a new customer',500000007,'2018-03-11 04:42:30','2018-03-11 04:42:30'),(7183,'a new customer',500000003,'2018-03-11 04:42:30','2018-03-11 04:42:30'),(7184,'a new customer',500000006,'2018-03-11 04:42:30','2018-03-11 04:42:30'),(7185,'a new customer',500000002,'2018-03-11 04:42:30','2018-03-11 04:42:30'),(7186,'a new customer',500000006,'2018-03-11 04:42:30','2018-03-11 04:42:30'),(7187,'a new customer',500000003,'2018-03-11 04:42:30','2018-03-11 04:42:30'),(7188,'a new customer',500000007,'2018-03-11 04:42:30','2018-03-11 04:42:30'),(7189,'a new customer',500000001,'2018-03-11 04:42:30','2018-03-11 04:42:30'),(7190,'a new customer',500000004,'2018-03-11 04:42:30','2018-03-11 04:42:30'),(7191,'a new customer',500000008,'2018-03-11 04:42:30','2018-03-11 04:42:30'),(7192,'a new customer',500000005,'2018-03-11 04:42:30','2018-03-11 04:42:30'),(7193,'a new customer',500000006,'2018-03-11 04:42:30','2018-03-11 04:42:30'),(7194,'a new customer',500000002,'2018-03-11 04:42:30','2018-03-11 04:42:30'),(7195,'a new customer',500000002,'2018-03-11 04:42:30','2018-03-11 04:42:30'),(7196,'a new customer',500000004,'2018-03-11 04:42:30','2018-03-11 04:42:30'),(7197,'a new customer',500000002,'2018-03-11 04:42:30','2018-03-11 04:42:30'),(7198,'a new customer',500000006,'2018-03-11 04:42:30','2018-03-11 04:42:30'),(7199,'a new customer',500000007,'2018-03-11 04:42:30','2018-03-11 04:42:30'),(7200,'a new customer',500000007,'2018-03-11 04:42:30','2018-03-11 04:42:30'),(7201,'a new customer',500000006,'2018-03-11 04:42:30','2018-03-11 04:42:30'),(7202,'a new customer',500000002,'2018-03-11 04:42:30','2018-03-11 04:42:30'),(7203,'a new customer',500000007,'2018-03-11 04:42:30','2018-03-11 04:42:30'),(7204,'a new customer',500000003,'2018-03-11 04:42:30','2018-03-11 04:42:30'),(7205,'a new customer',500000001,'2018-03-11 04:42:30','2018-03-11 04:42:30'),(7206,'a new customer',500000004,'2018-03-11 04:42:30','2018-03-11 04:42:30'),(7207,'a new customer',500000006,'2018-03-11 04:42:30','2018-03-11 04:42:30'),(7208,'a new customer',500000002,'2018-03-11 04:42:30','2018-03-11 04:42:30'),(7209,'a new customer',500000003,'2018-03-11 04:42:30','2018-03-11 04:42:30'),(7210,'a new customer',500000005,'2018-03-11 04:42:30','2018-03-11 04:42:30'),(7211,'a new customer',500000005,'2018-03-11 04:42:30','2018-03-11 04:42:30'),(7212,'a new customer',500000001,'2018-03-11 04:42:30','2018-03-11 04:42:30'),(7213,'a new customer',500000003,'2018-03-11 04:42:30','2018-03-11 04:42:30'),(7214,'a new customer',500000004,'2018-03-11 04:42:30','2018-03-11 04:42:30'),(7215,'a new customer',500000006,'2018-03-11 04:42:30','2018-03-11 04:42:30'),(7216,'a new customer',500000003,'2018-03-11 04:42:30','2018-03-11 04:42:30'),(7217,'a new customer',500000003,'2018-03-11 04:42:30','2018-03-11 04:42:30'),(7218,'a new customer',500000002,'2018-03-11 04:42:30','2018-03-11 04:42:30'),(7219,'a new customer',500000004,'2018-03-11 04:42:30','2018-03-11 04:42:30'),(7220,'a new customer',500000008,'2018-03-11 04:42:30','2018-03-11 04:42:30'),(7221,'a new customer',500000005,'2018-03-11 04:42:30','2018-03-11 04:42:30'),(7222,'a new customer',500000005,'2018-03-11 04:42:30','2018-03-11 04:42:30'),(7223,'a new customer',500000002,'2018-03-11 04:42:30','2018-03-11 04:42:30'),(7224,'a new customer',500000001,'2018-03-11 04:42:30','2018-03-11 04:42:30'),(7225,'a new customer',500000003,'2018-03-11 04:42:30','2018-03-11 04:42:30'),(7226,'a new customer',500000007,'2018-03-11 04:42:30','2018-03-11 04:42:30'),(7227,'a new customer',500000003,'2018-03-11 04:42:30','2018-03-11 04:42:30'),(7228,'a new customer',500000004,'2018-03-11 04:42:30','2018-03-11 04:42:30'),(7229,'a new customer',500000001,'2018-03-11 04:42:30','2018-03-11 04:42:30'),(7230,'a new customer',500000008,'2018-03-11 04:42:30','2018-03-11 04:42:30'),(7231,'a new customer',500000005,'2018-03-11 04:42:30','2018-03-11 04:42:30'),(7232,'a new customer',500000006,'2018-03-11 04:42:30','2018-03-11 04:42:30'),(7233,'a new customer',500000002,'2018-03-11 04:42:30','2018-03-11 04:42:30'),(7234,'a new customer',500000007,'2018-03-11 04:42:30','2018-03-11 04:42:30'),(7235,'a new customer',500000004,'2018-03-11 04:42:30','2018-03-11 04:42:30'),(7236,'a new customer',500000008,'2018-03-11 04:42:30','2018-03-11 04:42:30'),(7237,'a new customer',500000004,'2018-03-11 04:42:30','2018-03-11 04:42:30'),(7238,'a new customer',500000003,'2018-03-11 04:42:30','2018-03-11 04:42:30'),(7239,'a new customer',500000002,'2018-03-11 04:42:30','2018-03-11 04:42:30'),(7240,'a new customer',500000001,'2018-03-11 04:42:30','2018-03-11 04:42:30'),(7241,'a new customer',500000008,'2018-03-11 04:42:30','2018-03-11 04:42:30'),(7242,'a new customer',500000004,'2018-03-11 04:42:30','2018-03-11 04:42:30'),(7243,'a new customer',500000002,'2018-03-11 04:42:30','2018-03-11 04:42:30'),(7244,'a new customer',500000005,'2018-03-11 04:42:30','2018-03-11 04:42:30'),(7245,'a new customer',500000007,'2018-03-11 04:42:30','2018-03-11 04:42:30'),(7246,'a new customer',500000004,'2018-03-11 04:42:30','2018-03-11 04:42:30'),(7247,'a new customer',500000005,'2018-03-11 04:42:30','2018-03-11 04:42:30'),(7248,'a new customer',500000005,'2018-03-11 04:42:30','2018-03-11 04:42:30'),(7249,'a new customer',500000008,'2018-03-11 04:42:30','2018-03-11 04:42:30'),(7250,'a new customer',500000008,'2018-03-11 04:42:30','2018-03-11 04:42:30'),(7251,'a new customer',500000007,'2018-03-11 04:42:30','2018-03-11 04:42:30'),(7252,'a new customer',500000002,'2018-03-11 04:42:30','2018-03-11 04:42:30'),(7253,'a new customer',500000007,'2018-03-11 04:42:30','2018-03-11 04:42:30'),(7254,'a new customer',500000007,'2018-03-11 04:42:30','2018-03-11 04:42:30'),(7255,'a new customer',500000003,'2018-03-11 04:42:30','2018-03-11 04:42:30'),(7256,'a new customer',500000001,'2018-03-11 04:42:30','2018-03-11 04:42:30'),(7257,'a new customer',500000004,'2018-03-11 04:42:30','2018-03-11 04:42:30'),(7258,'a new customer',500000008,'2018-03-11 04:42:30','2018-03-11 04:42:30'),(7259,'a new customer',500000005,'2018-03-11 04:42:30','2018-03-11 04:42:30'),(7260,'a new customer',500000006,'2018-03-11 04:42:30','2018-03-11 04:42:30'),(7261,'a new customer',500000002,'2018-03-11 04:42:30','2018-03-11 04:42:30'),(7262,'a new customer',500000006,'2018-03-11 04:42:30','2018-03-11 04:42:30'),(7263,'a new customer',500000006,'2018-03-11 04:42:30','2018-03-11 04:42:30'),(7264,'a new customer',500000006,'2018-03-11 04:42:30','2018-03-11 04:42:30'),(7265,'a new customer',500000002,'2018-03-11 04:42:30','2018-03-11 04:42:30'),(7266,'a new customer',500000002,'2018-03-11 04:42:30','2018-03-11 04:42:30'),(7267,'a new customer',500000004,'2018-03-11 04:42:30','2018-03-11 04:42:30'),(7268,'a new customer',500000003,'2018-03-11 04:42:30','2018-03-11 04:42:30'),(7269,'a new customer',500000003,'2018-03-11 04:42:30','2018-03-11 04:42:30'),(7270,'a new customer',500000002,'2018-03-11 04:42:30','2018-03-11 04:42:30'),(7271,'a new customer',500000003,'2018-03-11 04:42:30','2018-03-11 04:42:30'),(7272,'a new customer',500000005,'2018-03-11 04:42:30','2018-03-11 04:42:30'),(7273,'a new customer',500000002,'2018-03-11 04:42:30','2018-03-11 04:42:30'),(7274,'a new customer',500000004,'2018-03-11 04:42:30','2018-03-11 04:42:30'),(7275,'a new customer',500000007,'2018-03-11 04:42:30','2018-03-11 04:42:30'),(7276,'a new customer',500000002,'2018-03-11 04:42:30','2018-03-11 04:42:30'),(7277,'a new customer',500000001,'2018-03-11 04:42:30','2018-03-11 04:42:30'),(7278,'a new customer',500000005,'2018-03-11 04:42:30','2018-03-11 04:42:30'),(7279,'a new customer',500000002,'2018-03-11 04:42:30','2018-03-11 04:42:30'),(7280,'a new customer',500000004,'2018-03-11 04:42:30','2018-03-11 04:42:30'),(7281,'a new customer',500000007,'2018-03-11 04:42:30','2018-03-11 04:42:30'),(7282,'a new customer',500000004,'2018-03-11 04:42:30','2018-03-11 04:42:30'),(7283,'a new customer',500000003,'2018-03-11 04:42:30','2018-03-11 04:42:30'),(7284,'a new customer',500000007,'2018-03-11 04:42:30','2018-03-11 04:42:30'),(7285,'a new customer',500000001,'2018-03-11 04:42:30','2018-03-11 04:42:30'),(7286,'a new customer',500000004,'2018-03-11 04:42:30','2018-03-11 04:42:30'),(7287,'a new customer',500000008,'2018-03-11 04:42:30','2018-03-11 04:42:30'),(7288,'a new customer',500000005,'2018-03-11 04:42:30','2018-03-11 04:42:30'),(7289,'a new customer',500000006,'2018-03-11 04:42:30','2018-03-11 04:42:30'),(7290,'a new customer',500000002,'2018-03-11 04:42:30','2018-03-11 04:42:30'),(7291,'a new customer',500000008,'2018-03-11 04:42:30','2018-03-11 04:42:30'),(7292,'a new customer',500000003,'2018-03-11 04:42:30','2018-03-11 04:42:30'),(7293,'a new customer',500000007,'2018-03-11 04:42:30','2018-03-11 04:42:30'),(7294,'a new customer',500000006,'2018-03-11 04:42:30','2018-03-11 04:42:30'),(7295,'a new customer',500000002,'2018-03-11 04:42:30','2018-03-11 04:42:30'),(7296,'a new customer',500000006,'2018-03-11 04:42:30','2018-03-11 04:42:30'),(7297,'a new customer',500000002,'2018-03-11 04:42:30','2018-03-11 04:42:30'),(7298,'a new customer',500000004,'2018-03-11 04:42:30','2018-03-11 04:42:30'),(7299,'a new customer',500000004,'2018-03-11 04:42:30','2018-03-11 04:42:30'),(7300,'a new customer',500000004,'2018-03-11 04:42:30','2018-03-11 04:42:30'),(7301,'a new customer',500000006,'2018-03-11 04:42:30','2018-03-11 04:42:30'),(7302,'a new customer',500000002,'2018-03-11 04:42:30','2018-03-11 04:42:30'),(7303,'a new customer',500000004,'2018-03-11 04:42:30','2018-03-11 04:42:30'),(7304,'a new customer',500000004,'2018-03-11 04:42:30','2018-03-11 04:42:30'),(7305,'a new customer',500000004,'2018-03-11 04:42:30','2018-03-11 04:42:30'),(7306,'a new customer',500000004,'2018-03-11 04:42:30','2018-03-11 04:42:30'),(7307,'a new customer',500000002,'2018-03-11 04:42:30','2018-03-11 04:42:30'),(7308,'a new customer',500000004,'2018-03-11 04:42:30','2018-03-11 04:42:30'),(7309,'a new customer',500000002,'2018-03-11 04:42:30','2018-03-11 04:42:30'),(7310,'a new customer',500000004,'2018-03-11 04:42:30','2018-03-11 04:42:30'),(7311,'a new customer',500000004,'2018-03-11 04:42:30','2018-03-11 04:42:30'),(7312,'a new customer',500000004,'2018-03-11 04:42:30','2018-03-11 04:42:30'),(7313,'a new customer',500000003,'2018-03-11 04:42:30','2018-03-11 04:42:30'),(7314,'a new customer',500000005,'2018-03-11 04:42:30','2018-03-11 04:42:30'),(7315,'a new customer',500000003,'2018-03-11 04:42:30','2018-03-11 04:42:30'),(7316,'a new customer',500000007,'2018-03-11 04:42:30','2018-03-11 04:42:30'),(7317,'a new customer',500000001,'2018-03-11 04:42:30','2018-03-11 04:42:30'),(7318,'a new customer',500000004,'2018-03-11 04:42:30','2018-03-11 04:42:30'),(7319,'a new customer',500000005,'2018-03-11 04:42:30','2018-03-11 04:42:30'),(7320,'a new customer',500000008,'2018-03-11 04:42:30','2018-03-11 04:42:30'),(7321,'a new customer',500000006,'2018-03-11 04:42:30','2018-03-11 04:42:30'),(7322,'a new customer',500000002,'2018-03-11 04:42:30','2018-03-11 04:42:30'),(7323,'a new customer',500000002,'2018-03-11 04:42:30','2018-03-11 04:42:30'),(7324,'a new customer',500000006,'2018-03-11 04:42:30','2018-03-11 04:42:30'),(7325,'a new customer',500000002,'2018-03-11 04:42:30','2018-03-11 04:42:30'),(7326,'a new customer',500000003,'2018-03-11 04:42:30','2018-03-11 04:42:30'),(7327,'a new customer',500000002,'2018-03-11 04:42:30','2018-03-11 04:42:30'),(7328,'a new customer',500000007,'2018-03-11 04:42:30','2018-03-11 04:42:30'),(7329,'a new customer',500000003,'2018-03-11 04:42:30','2018-03-11 04:42:30'),(7330,'a new customer',500000001,'2018-03-11 04:42:30','2018-03-11 04:42:30'),(7331,'a new customer',500000004,'2018-03-11 04:42:30','2018-03-11 04:42:30'),(7332,'a new customer',500000008,'2018-03-11 04:42:30','2018-03-11 04:42:30'),(7333,'a new customer',500000005,'2018-03-11 04:42:30','2018-03-11 04:42:30'),(7334,'a new customer',500000006,'2018-03-11 04:42:30','2018-03-11 04:42:30'),(7335,'a new customer',500000002,'2018-03-11 04:42:30','2018-03-11 04:42:30'),(7336,'a new customer',500000002,'2018-03-11 04:42:30','2018-03-11 04:42:30'),(7337,'a new customer',500000002,'2018-03-11 04:42:30','2018-03-11 04:42:30'),(7338,'a new customer',500000006,'2018-03-11 04:42:30','2018-03-11 04:42:30'),(7339,'a new customer',500000006,'2018-03-11 04:42:30','2018-03-11 04:42:30'),(7340,'a new customer',500000006,'2018-03-11 04:42:30','2018-03-11 04:42:30'),(7341,'a new customer',500000006,'2018-03-11 04:42:30','2018-03-11 04:42:30'),(7342,'a new customer',500000006,'2018-03-11 04:42:30','2018-03-11 04:42:30'),(7343,'a new customer',500000002,'2018-03-11 04:42:30','2018-03-11 04:42:30'),(7344,'a new customer',500000003,'2018-03-11 04:42:30','2018-03-11 04:42:30'),(7345,'a new customer',500000002,'2018-03-11 04:42:30','2018-03-11 04:42:30'),(7346,'a new customer',500000002,'2018-03-11 04:42:30','2018-03-11 04:42:30'),(7347,'a new customer',500000008,'2018-03-11 04:42:30','2018-03-11 04:42:30'),(7348,'a new customer',500000006,'2018-03-11 04:42:30','2018-03-11 04:42:30'),(7349,'a new customer',500000004,'2018-03-11 04:42:30','2018-03-11 04:42:30'),(7350,'a new customer',500000003,'2018-03-11 04:42:30','2018-03-11 04:42:30'),(7351,'a new customer',500000006,'2018-03-11 04:42:30','2018-03-11 04:42:30'),(7352,'a new customer',500000007,'2018-03-11 04:42:30','2018-03-11 04:42:30'),(7353,'a new customer',500000004,'2018-03-11 04:42:30','2018-03-11 04:42:30'),(7354,'a new customer',500000005,'2018-03-11 04:42:30','2018-03-11 04:42:30'),(7355,'a new customer',500000006,'2018-03-11 04:42:30','2018-03-11 04:42:30'),(7356,'a new customer',500000002,'2018-03-11 04:42:30','2018-03-11 04:42:30'),(7357,'a new customer',500000005,'2018-03-11 04:42:30','2018-03-11 04:42:30'),(7358,'a new customer',500000007,'2018-03-11 04:42:30','2018-03-11 04:42:30'),(7359,'a new customer',500000003,'2018-03-11 04:42:30','2018-03-11 04:42:30'),(7360,'a new customer',500000004,'2018-03-11 04:42:30','2018-03-11 04:42:30'),(7361,'a new customer',500000001,'2018-03-11 04:42:30','2018-03-11 04:42:30'),(7362,'a new customer',500000008,'2018-03-11 04:42:30','2018-03-11 04:42:30'),(7363,'a new customer',500000005,'2018-03-11 04:42:30','2018-03-11 04:42:30'),(7364,'a new customer',500000006,'2018-03-11 04:42:30','2018-03-11 04:42:30'),(7365,'a new customer',500000002,'2018-03-11 04:42:30','2018-03-11 04:42:30'),(7366,'a new customer',500000006,'2018-03-11 04:42:30','2018-03-11 04:42:30'),(7367,'a new customer',500000002,'2018-03-11 04:42:30','2018-03-11 04:42:30'),(7368,'a new customer',500000001,'2018-03-11 04:42:30','2018-03-11 04:42:30'),(7369,'a new customer',500000004,'2018-03-11 04:42:30','2018-03-11 04:42:30'),(7370,'a new customer',500000002,'2018-03-11 04:42:30','2018-03-11 04:42:30'),(7371,'a new customer',500000002,'2018-03-11 04:42:30','2018-03-11 04:42:30'),(7372,'a new customer',500000006,'2018-03-11 04:42:30','2018-03-11 04:42:30'),(7373,'a new customer',500000006,'2018-03-11 04:42:30','2018-03-11 04:42:30'),(7374,'a new customer',500000005,'2018-03-11 04:42:30','2018-03-11 04:42:30'),(7375,'a new customer',500000002,'2018-03-11 04:42:30','2018-03-11 04:42:30'),(7376,'a new customer',500000006,'2018-03-11 04:42:30','2018-03-11 04:42:30'),(7377,'a new customer',500000002,'2018-03-11 04:42:30','2018-03-11 04:42:30'),(7378,'a new customer',500000003,'2018-03-11 04:42:30','2018-03-11 04:42:30'),(7379,'a new customer',500000007,'2018-03-11 04:42:30','2018-03-11 04:42:30'),(7380,'a new customer',500000001,'2018-03-11 04:42:30','2018-03-11 04:42:30'),(7381,'a new customer',500000004,'2018-03-11 04:42:30','2018-03-11 04:42:30'),(7382,'a new customer',500000005,'2018-03-11 04:42:30','2018-03-11 04:42:30'),(7383,'a new customer',500000008,'2018-03-11 04:42:30','2018-03-11 04:42:30'),(7384,'a new customer',500000006,'2018-03-11 04:42:30','2018-03-11 04:42:30'),(7385,'a new customer',500000003,'2018-03-11 04:42:30','2018-03-11 04:42:30'),(7386,'a new customer',500000006,'2018-03-11 04:42:30','2018-03-11 04:42:30'),(7387,'a new customer',500000006,'2018-03-11 04:42:30','2018-03-11 04:42:30'),(7388,'a new customer',500000002,'2018-03-11 04:42:30','2018-03-11 04:42:30'),(7389,'a new customer',500000008,'2018-03-11 04:42:30','2018-03-11 04:42:30'),(7390,'a new customer',500000002,'2018-03-11 04:42:30','2018-03-11 04:42:30'),(7391,'a new customer',500000006,'2018-03-11 04:42:30','2018-03-11 04:42:30'),(7392,'a new customer',500000003,'2018-03-11 04:42:30','2018-03-11 04:42:30'),(7393,'a new customer',500000002,'2018-03-11 04:42:30','2018-03-11 04:42:30'),(7394,'a new customer',500000005,'2018-03-11 04:42:30','2018-03-11 04:42:30'),(7395,'a new customer',500000003,'2018-03-11 04:42:30','2018-03-11 04:42:30'),(7396,'a new customer',500000002,'2018-03-11 04:42:30','2018-03-11 04:42:30'),(7397,'a new customer',500000006,'2018-03-11 04:42:30','2018-03-11 04:42:30'),(7398,'a new customer',500000003,'2018-03-11 04:42:30','2018-03-11 04:42:30'),(7399,'a new customer',500000003,'2018-03-11 04:42:30','2018-03-11 04:42:30'),(7400,'a new customer',500000007,'2018-03-11 04:42:30','2018-03-11 04:42:30'),(7401,'a new customer',500000007,'2018-03-11 04:42:30','2018-03-11 04:42:30'),(7402,'a new customer',500000001,'2018-03-11 04:42:30','2018-03-11 04:42:30'),(7403,'a new customer',500000001,'2018-03-11 04:42:30','2018-03-11 04:42:30'),(7404,'a new customer',500000004,'2018-03-11 04:42:30','2018-03-11 04:42:30'),(7405,'a new customer',500000004,'2018-03-11 04:42:30','2018-03-11 04:42:30'),(7406,'a new customer',500000005,'2018-03-11 04:42:30','2018-03-11 04:42:30'),(7407,'a new customer',500000005,'2018-03-11 04:42:30','2018-03-11 04:42:30'),(7408,'a new customer',500000008,'2018-03-11 04:42:30','2018-03-11 04:42:30'),(7409,'a new customer',500000008,'2018-03-11 04:42:30','2018-03-11 04:42:30'),(7410,'a new customer',500000002,'2018-03-11 04:42:30','2018-03-11 04:42:30'),(7411,'a new customer',500000002,'2018-03-11 04:42:30','2018-03-11 04:42:30'),(7412,'a new customer',500000002,'2018-03-11 04:42:30','2018-03-11 04:42:30'),(7413,'a new customer',500000006,'2018-03-11 04:42:30','2018-03-11 04:42:30'),(7414,'a new customer',500000002,'2018-03-11 04:42:30','2018-03-11 04:42:30'),(7415,'a new customer',500000004,'2018-03-11 04:42:30','2018-03-11 04:42:30'),(7416,'a new customer',500000002,'2018-03-11 04:42:30','2018-03-11 04:42:30'),(7417,'a new customer',500000003,'2018-03-11 04:42:30','2018-03-11 04:42:30'),(7418,'a new customer',500000007,'2018-03-11 04:42:30','2018-03-11 04:42:30'),(7419,'a new customer',500000004,'2018-03-11 04:42:30','2018-03-11 04:42:30'),(7420,'a new customer',500000001,'2018-03-11 04:42:30','2018-03-11 04:42:30'),(7421,'a new customer',500000008,'2018-03-11 04:42:30','2018-03-11 04:42:30'),(7422,'a new customer',500000005,'2018-03-11 04:42:30','2018-03-11 04:42:30'),(7423,'a new customer',500000006,'2018-03-11 04:42:30','2018-03-11 04:42:30'),(7424,'a new customer',500000002,'2018-03-11 04:42:30','2018-03-11 04:42:30'),(7425,'a new customer',500000006,'2018-03-11 04:42:30','2018-03-11 04:42:30'),(7426,'a new customer',500000002,'2018-03-11 04:42:30','2018-03-11 04:42:30'),(7427,'a new customer',500000003,'2018-03-11 04:42:30','2018-03-11 04:42:30'),(7428,'a new customer',500000001,'2018-03-11 04:42:30','2018-03-11 04:42:30'),(7429,'a new customer',500000003,'2018-03-11 04:42:30','2018-03-11 04:42:30'),(7430,'a new customer',500000004,'2018-03-11 04:42:30','2018-03-11 04:42:30'),(7431,'a new customer',500000002,'2018-03-11 04:42:30','2018-03-11 04:42:30'),(7432,'a new customer',500000002,'2018-03-11 04:42:30','2018-03-11 04:42:30'),(7433,'a new customer',500000003,'2018-03-11 04:42:30','2018-03-11 04:42:30'),(7434,'a new customer',500000001,'2018-03-11 04:42:30','2018-03-11 04:42:30'),(7435,'a new customer',500000006,'2018-03-11 04:42:30','2018-03-11 04:42:30'),(7436,'a new customer',500000002,'2018-03-11 04:42:30','2018-03-11 04:42:30'),(7437,'a new customer',500000003,'2018-03-11 04:42:30','2018-03-11 04:42:30'),(7438,'a new customer',500000006,'2018-03-11 04:42:30','2018-03-11 04:42:30'),(7439,'a new customer',500000003,'2018-03-11 04:42:30','2018-03-11 04:42:30'),(7440,'a new customer',500000003,'2018-03-11 04:42:30','2018-03-11 04:42:30'),(7441,'a new customer',500000003,'2018-03-11 04:42:30','2018-03-11 04:42:30'),(7442,'a new customer',500000008,'2018-03-11 04:42:30','2018-03-11 04:42:30'),(7443,'a new customer',500000006,'2018-03-11 04:42:30','2018-03-11 04:42:30'),(7444,'a new customer',500000006,'2018-03-11 04:42:30','2018-03-11 04:42:30'),(7445,'a new customer',500000002,'2018-03-11 04:42:30','2018-03-11 04:42:30'),(7446,'a new customer',500000003,'2018-03-11 04:42:30','2018-03-11 04:42:30'),(7447,'a new customer',500000007,'2018-03-11 04:42:30','2018-03-11 04:42:30'),(7448,'a new customer',500000001,'2018-03-11 04:42:30','2018-03-11 04:42:30'),(7449,'a new customer',500000004,'2018-03-11 04:42:30','2018-03-11 04:42:30'),(7450,'a new customer',500000005,'2018-03-11 04:42:30','2018-03-11 04:42:30'),(7451,'a new customer',500000007,'2018-03-11 04:42:30','2018-03-11 04:42:30'),(7452,'a new customer',500000007,'2018-03-11 04:42:30','2018-03-11 04:42:30'),(7453,'a new customer',500000007,'2018-03-11 04:42:30','2018-03-11 04:42:30'),(7454,'a new customer',500000007,'2018-03-11 04:42:30','2018-03-11 04:42:30'),(7455,'a new customer',500000004,'2018-03-11 04:42:30','2018-03-11 04:42:30'),(7456,'a new customer',500000005,'2018-03-11 04:42:30','2018-03-11 04:42:30'),(7457,'a new customer',500000005,'2018-03-11 04:42:30','2018-03-11 04:42:30'),(7458,'a new customer',500000002,'2018-03-11 04:42:30','2018-03-11 04:42:30'),(7459,'a new customer',500000004,'2018-03-11 04:42:30','2018-03-11 04:42:30'),(7460,'a new customer',500000007,'2018-03-11 04:42:30','2018-03-11 04:42:30'),(7461,'a new customer',500000007,'2018-03-11 04:42:30','2018-03-11 04:42:30'),(7462,'a new customer',500000006,'2018-03-11 04:42:30','2018-03-11 04:42:30'),(7463,'a new customer',500000002,'2018-03-11 04:42:30','2018-03-11 04:42:30'),(7464,'a new customer',500000001,'2018-03-11 04:42:30','2018-03-11 04:42:30'),(7465,'a new customer',500000002,'2018-03-11 04:42:30','2018-03-11 04:42:30'),(7466,'a new customer',500000002,'2018-03-11 04:42:30','2018-03-11 04:42:30'),(7467,'a new customer',500000002,'2018-03-11 04:42:30','2018-03-11 04:42:30'),(7468,'a new customer',500000002,'2018-03-11 04:42:30','2018-03-11 04:42:30'),(7469,'a new customer',500000003,'2018-03-11 04:42:30','2018-03-11 04:42:30'),(7470,'a new customer',500000001,'2018-03-11 04:42:30','2018-03-11 04:42:30'),(7471,'a new customer',500000006,'2018-03-11 04:42:30','2018-03-11 04:42:30'),(7472,'a new customer',500000007,'2018-03-11 04:42:30','2018-03-11 04:42:30'),(7473,'a new customer',500000003,'2018-03-11 04:42:30','2018-03-11 04:42:30'),(7474,'a new customer',500000001,'2018-03-11 04:42:30','2018-03-11 04:42:30'),(7475,'a new customer',500000004,'2018-03-11 04:42:30','2018-03-11 04:42:30'),(7476,'a new customer',500000008,'2018-03-11 04:42:30','2018-03-11 04:42:30'),(7477,'a new customer',500000005,'2018-03-11 04:42:30','2018-03-11 04:42:30'),(7478,'a new customer',500000006,'2018-03-11 04:42:30','2018-03-11 04:42:30'),(7479,'a new customer',500000002,'2018-03-11 04:42:30','2018-03-11 04:42:30'),(7480,'a new customer',500000002,'2018-03-11 04:42:30','2018-03-11 04:42:30'),(7481,'a new customer',500000006,'2018-03-11 04:42:30','2018-03-11 04:42:30'),(7482,'a new customer',500000004,'2018-03-11 04:42:30','2018-03-11 04:42:30'),(7483,'a new customer',500000004,'2018-03-11 04:42:30','2018-03-11 04:42:30'),(7484,'a new customer',500000007,'2018-03-11 04:42:30','2018-03-11 04:42:30'),(7485,'a new customer',500000006,'2018-03-11 04:42:30','2018-03-11 04:42:30'),(7486,'a new customer',500000007,'2018-03-11 04:42:30','2018-03-11 04:42:30'),(7487,'a new customer',500000003,'2018-03-11 04:42:30','2018-03-11 04:42:30'),(7488,'a new customer',500000004,'2018-03-11 04:42:30','2018-03-11 04:42:30'),(7489,'a new customer',500000001,'2018-03-11 04:42:30','2018-03-11 04:42:30'),(7490,'a new customer',500000008,'2018-03-11 04:42:30','2018-03-11 04:42:30'),(7491,'a new customer',500000005,'2018-03-11 04:42:30','2018-03-11 04:42:30'),(7492,'a new customer',500000006,'2018-03-11 04:42:30','2018-03-11 04:42:30'),(7493,'a new customer',500000002,'2018-03-11 04:42:30','2018-03-11 04:42:30'),(7494,'a new customer',500000001,'2018-03-11 04:42:30','2018-03-11 04:42:30'),(7495,'a new customer',500000005,'2018-03-11 04:42:30','2018-03-11 04:42:30'),(7496,'a new customer',500000003,'2018-03-11 04:42:30','2018-03-11 04:42:30'),(7497,'a new customer',500000004,'2018-03-11 04:42:30','2018-03-11 04:42:30'),(7498,'a new customer',500000007,'2018-03-11 04:42:30','2018-03-11 04:42:30'),(7499,'a new customer',500000005,'2018-03-11 04:42:30','2018-03-11 04:42:30'),(7500,'a new customer',500000005,'2018-03-11 04:42:30','2018-03-11 04:42:30'),(7501,'a new customer',500000004,'2018-03-11 04:42:30','2018-03-11 04:42:30'),(7502,'a new customer',500000001,'2018-03-11 04:42:30','2018-03-11 04:42:30'),(7503,'a new customer',500000004,'2018-03-11 04:42:30','2018-03-11 04:42:30'),(7504,'a new customer',500000005,'2018-03-11 04:42:30','2018-03-11 04:42:30'),(7505,'a new customer',500000002,'2018-03-11 04:42:30','2018-03-11 04:42:30'),(7506,'a new customer',500000003,'2018-03-11 04:42:30','2018-03-11 04:42:30'),(7507,'a new customer',500000003,'2018-03-11 04:42:30','2018-03-11 04:42:30'),(7508,'a new customer',500000007,'2018-03-11 04:42:30','2018-03-11 04:42:30'),(7509,'a new customer',500000001,'2018-03-11 04:42:30','2018-03-11 04:42:30'),(7510,'a new customer',500000004,'2018-03-11 04:42:30','2018-03-11 04:42:30'),(7511,'a new customer',500000005,'2018-03-11 04:42:30','2018-03-11 04:42:30'),(7512,'a new customer',500000008,'2018-03-11 04:42:30','2018-03-11 04:42:30'),(7513,'a new customer',500000006,'2018-03-11 04:42:30','2018-03-11 04:42:30'),(7514,'a new customer',500000003,'2018-03-11 04:42:30','2018-03-11 04:42:30'),(7515,'a new customer',500000004,'2018-03-11 04:42:30','2018-03-11 04:42:30'),(7516,'a new customer',500000005,'2018-03-11 04:42:30','2018-03-11 04:42:30'),(7517,'a new customer',500000008,'2018-03-11 04:42:30','2018-03-11 04:42:30'),(7518,'a new customer',500000008,'2018-03-11 04:42:30','2018-03-11 04:42:30'),(7519,'a new customer',500000003,'2018-03-11 04:42:30','2018-03-11 04:42:30'),(7520,'a new customer',500000003,'2018-03-11 04:42:30','2018-03-11 04:42:30'),(7521,'a new customer',500000007,'2018-03-11 04:42:30','2018-03-11 04:42:30'),(7522,'a new customer',500000007,'2018-03-11 04:42:30','2018-03-11 04:42:30'),(7523,'a new customer',500000002,'2018-03-11 04:42:30','2018-03-11 04:42:30'),(7524,'a new customer',500000006,'2018-03-11 04:42:30','2018-03-11 04:42:30'),(7525,'a new customer',500000007,'2018-03-11 04:42:30','2018-03-11 04:42:30'),(7526,'a new customer',500000003,'2018-03-11 04:42:30','2018-03-11 04:42:30'),(7527,'a new customer',500000001,'2018-03-11 04:42:30','2018-03-11 04:42:30'),(7528,'a new customer',500000004,'2018-03-11 04:42:30','2018-03-11 04:42:30'),(7529,'a new customer',500000008,'2018-03-11 04:42:30','2018-03-11 04:42:30'),(7530,'a new customer',500000005,'2018-03-11 04:42:30','2018-03-11 04:42:30'),(7531,'a new customer',500000006,'2018-03-11 04:42:30','2018-03-11 04:42:30'),(7532,'a new customer',500000002,'2018-03-11 04:42:30','2018-03-11 04:42:30'),(7533,'a new customer',500000003,'2018-03-11 04:42:30','2018-03-11 04:42:30'),(7534,'a new customer',500000007,'2018-03-11 04:42:30','2018-03-11 04:42:30'),(7535,'a new customer',500000004,'2018-03-11 04:42:30','2018-03-11 04:42:30'),(7536,'a new customer',500000001,'2018-03-11 04:42:30','2018-03-11 04:42:30'),(7537,'a new customer',500000008,'2018-03-11 04:42:30','2018-03-11 04:42:30'),(7538,'a new customer',500000008,'2018-03-11 04:42:30','2018-03-11 04:42:30'),(7539,'a new customer',500000005,'2018-03-11 04:42:30','2018-03-11 04:42:30'),(7540,'a new customer',500000003,'2018-03-11 04:42:30','2018-03-11 04:42:30'),(7541,'a new customer',500000003,'2018-03-11 04:42:30','2018-03-11 04:42:30'),(7542,'a new customer',500000004,'2018-03-11 04:42:30','2018-03-11 04:42:30'),(7543,'a new customer',500000001,'2018-03-11 04:42:30','2018-03-11 04:42:30'),(7544,'a new customer',500000006,'2018-03-11 04:42:30','2018-03-11 04:42:30'),(7545,'a new customer',500000002,'2018-03-11 04:42:30','2018-03-11 04:42:30'),(7546,'a new customer',500000002,'2018-03-11 04:42:30','2018-03-11 04:42:30'),(7547,'a new customer',500000002,'2018-03-11 04:42:30','2018-03-11 04:42:30'),(7548,'a new customer',500000002,'2018-03-11 04:42:30','2018-03-11 04:42:30'),(7549,'a new customer',500000002,'2018-03-11 04:42:30','2018-03-11 04:42:30'),(7550,'a new customer',500000002,'2018-03-11 04:42:30','2018-03-11 04:42:30'),(7551,'a new customer',500000005,'2018-03-11 04:42:30','2018-03-11 04:42:30'),(7552,'a new customer',500000002,'2018-03-11 04:42:30','2018-03-11 04:42:30'),(7553,'a new customer',500000008,'2018-03-11 04:42:30','2018-03-11 04:42:30'),(7554,'a new customer',500000007,'2018-03-11 04:42:30','2018-03-11 04:42:30'),(7555,'a new customer',500000002,'2018-03-11 04:42:30','2018-03-11 04:42:30'),(7556,'a new customer',500000003,'2018-03-11 04:42:30','2018-03-11 04:42:30'),(7557,'a new customer',500000003,'2018-03-11 04:42:30','2018-03-11 04:42:30'),(7558,'a new customer',500000003,'2018-03-11 04:42:30','2018-03-11 04:42:30'),(7559,'a new customer',500000003,'2018-03-11 04:42:30','2018-03-11 04:42:30'),(7560,'a new customer',500000006,'2018-03-11 04:42:30','2018-03-11 04:42:30'),(7561,'a new customer',500000002,'2018-03-11 04:42:30','2018-03-11 04:42:30'),(7562,'a new customer',500000004,'2018-03-11 04:42:30','2018-03-11 04:42:30'),(7563,'a new customer',500000004,'2018-03-11 04:42:30','2018-03-11 04:42:30'),(7564,'a new customer',500000005,'2018-03-11 04:42:30','2018-03-11 04:42:30'),(7565,'a new customer',500000005,'2018-03-11 04:42:30','2018-03-11 04:42:30'),(7566,'a new customer',500000005,'2018-03-11 04:42:30','2018-03-11 04:42:30'),(7567,'a new customer',500000004,'2018-03-11 04:42:30','2018-03-11 04:42:30'),(7568,'a new customer',500000003,'2018-03-11 04:42:30','2018-03-11 04:42:30'),(7569,'a new customer',500000004,'2018-03-11 04:42:30','2018-03-11 04:42:30'),(7570,'a new customer',500000002,'2018-03-11 04:42:30','2018-03-11 04:42:30'),(7571,'a new customer',500000007,'2018-03-11 04:42:30','2018-03-11 04:42:30'),(7572,'a new customer',500000002,'2018-03-11 04:42:30','2018-03-11 04:42:30'),(7573,'a new customer',500000007,'2018-03-11 04:42:30','2018-03-11 04:42:30'),(7574,'a new customer',500000008,'2018-03-11 04:42:30','2018-03-11 04:42:30'),(7575,'a new customer',500000002,'2018-03-11 04:42:30','2018-03-11 04:42:30'),(7576,'a new customer',500000006,'2018-03-11 04:42:30','2018-03-11 04:42:30'),(7577,'a new customer',500000002,'2018-03-11 04:42:30','2018-03-11 04:42:30'),(7578,'a new customer',500000003,'2018-03-11 04:42:30','2018-03-11 04:42:30'),(7579,'a new customer',500000007,'2018-03-11 04:42:30','2018-03-11 04:42:30'),(7580,'a new customer',500000001,'2018-03-11 04:42:30','2018-03-11 04:42:30'),(7581,'a new customer',500000004,'2018-03-11 04:42:30','2018-03-11 04:42:30'),(7582,'a new customer',500000005,'2018-03-11 04:42:30','2018-03-11 04:42:30'),(7583,'a new customer',500000008,'2018-03-11 04:42:30','2018-03-11 04:42:30'),(7584,'a new customer',500000006,'2018-03-11 04:42:30','2018-03-11 04:42:30'),(7585,'a new customer',500000002,'2018-03-11 04:42:30','2018-03-11 04:42:30'),(7586,'a new customer',500000001,'2018-03-11 04:42:30','2018-03-11 04:42:30'),(7587,'a new customer',500000001,'2018-03-11 04:42:30','2018-03-11 04:42:30'),(7588,'a new customer',500000006,'2018-03-11 04:42:30','2018-03-11 04:42:30'),(7589,'a new customer',500000004,'2018-03-11 04:42:30','2018-03-11 04:42:30'),(7590,'a new customer',500000004,'2018-03-11 04:42:30','2018-03-11 04:42:30'),(7591,'a new customer',500000001,'2018-03-11 04:42:30','2018-03-11 04:42:30'),(7592,'a new customer',500000006,'2018-03-11 04:42:30','2018-03-11 04:42:30'),(7593,'a new customer',500000001,'2018-03-11 04:42:30','2018-03-11 04:42:30'),(7594,'a new customer',500000006,'2018-03-11 04:42:30','2018-03-11 04:42:30'),(7595,'a new customer',500000005,'2018-03-11 04:42:30','2018-03-11 04:42:30'),(7596,'a new customer',500000002,'2018-03-11 04:42:30','2018-03-11 04:42:30'),(7597,'a new customer',500000008,'2018-03-11 04:42:30','2018-03-11 04:42:30'),(7598,'a new customer',500000008,'2018-03-11 04:42:30','2018-03-11 04:42:30'),(7599,'a new customer',500000005,'2018-03-11 04:42:30','2018-03-11 04:42:30'),(7600,'a new customer',500000004,'2018-03-11 04:42:30','2018-03-11 04:42:30'),(7601,'a new customer',500000001,'2018-03-11 04:42:30','2018-03-11 04:42:30'),(7602,'a new customer',500000007,'2018-03-11 04:42:30','2018-03-11 04:42:30'),(7603,'a new customer',500000003,'2018-03-11 04:42:30','2018-03-11 04:42:30'),(7604,'a new customer',500000003,'2018-03-11 04:42:30','2018-03-11 04:42:30'),(7605,'a new customer',500000003,'2018-03-11 04:42:30','2018-03-11 04:42:30'),(7606,'a new customer',500000007,'2018-03-11 04:42:30','2018-03-11 04:42:30'),(7607,'a new customer',500000001,'2018-03-11 04:42:30','2018-03-11 04:42:30'),(7608,'a new customer',500000004,'2018-03-11 04:42:30','2018-03-11 04:42:30'),(7609,'a new customer',500000002,'2018-03-11 04:42:30','2018-03-11 04:42:30'),(7610,'a new customer',500000006,'2018-03-11 04:42:30','2018-03-11 04:42:30'),(7611,'a new customer',500000008,'2018-03-11 04:42:30','2018-03-11 04:42:30'),(7612,'a new customer',500000005,'2018-03-11 04:42:30','2018-03-11 04:42:30'),(7613,'a new customer',500000005,'2018-03-11 04:42:30','2018-03-11 04:42:30'),(7614,'a new customer',500000003,'2018-03-11 04:42:30','2018-03-11 04:42:30'),(7615,'a new customer',500000007,'2018-03-11 04:42:30','2018-03-11 04:42:30'),(7616,'a new customer',500000001,'2018-03-11 04:42:30','2018-03-11 04:42:30'),(7617,'a new customer',500000004,'2018-03-11 04:42:30','2018-03-11 04:42:30'),(7618,'a new customer',500000005,'2018-03-11 04:42:30','2018-03-11 04:42:30'),(7619,'a new customer',500000008,'2018-03-11 04:42:30','2018-03-11 04:42:30'),(7620,'a new customer',500000006,'2018-03-11 04:42:30','2018-03-11 04:42:30'),(7621,'a new customer',500000002,'2018-03-11 04:42:30','2018-03-11 04:42:30'),(7622,'a new customer',500000006,'2018-03-11 04:42:30','2018-03-11 04:42:30'),(7623,'a new customer',500000004,'2018-03-11 04:42:30','2018-03-11 04:42:30'),(7624,'a new customer',500000002,'2018-03-11 04:42:30','2018-03-11 04:42:30'),(7625,'a new customer',500000003,'2018-03-11 04:42:30','2018-03-11 04:42:30'),(7626,'a new customer',500000005,'2018-03-11 04:42:30','2018-03-11 04:42:30'),(7627,'a new customer',500000006,'2018-03-11 04:42:30','2018-03-11 04:42:30'),(7628,'a new customer',500000002,'2018-03-11 04:42:30','2018-03-11 04:42:30'),(7629,'a new customer',500000003,'2018-03-11 04:42:30','2018-03-11 04:42:30'),(7630,'a new customer',500000004,'2018-03-11 04:42:30','2018-03-11 04:42:30'),(7631,'a new customer',500000006,'2018-03-11 04:42:30','2018-03-11 04:42:30'),(7632,'a new customer',500000008,'2018-03-11 04:42:30','2018-03-11 04:42:30'),(7633,'a new customer',500000002,'2018-03-11 04:42:30','2018-03-11 04:42:30'),(7634,'a new customer',500000003,'2018-03-11 04:42:30','2018-03-11 04:42:30'),(7635,'a new customer',500000007,'2018-03-11 04:42:30','2018-03-11 04:42:30'),(7636,'a new customer',500000003,'2018-03-11 04:42:30','2018-03-11 04:42:30'),(7637,'a new customer',500000004,'2018-03-11 04:42:30','2018-03-11 04:42:30'),(7638,'a new customer',500000001,'2018-03-11 04:42:30','2018-03-11 04:42:30'),(7639,'a new customer',500000008,'2018-03-11 04:42:30','2018-03-11 04:42:30'),(7640,'a new customer',500000005,'2018-03-11 04:42:30','2018-03-11 04:42:30'),(7641,'a new customer',500000006,'2018-03-11 04:42:30','2018-03-11 04:42:30'),(7642,'a new customer',500000002,'2018-03-11 04:42:30','2018-03-11 04:42:30'),(7643,'a new customer',500000004,'2018-03-11 04:42:30','2018-03-11 04:42:30'),(7644,'a new customer',500000003,'2018-03-11 04:42:30','2018-03-11 04:42:30'),(7645,'a new customer',500000002,'2018-03-11 04:42:30','2018-03-11 04:42:30'),(7646,'a new customer',500000002,'2018-03-11 04:42:30','2018-03-11 04:42:30'),(7647,'a new customer',500000005,'2018-03-11 04:42:30','2018-03-11 04:42:30'),(7648,'a new customer',500000002,'2018-03-11 04:42:30','2018-03-11 04:42:30'),(7649,'a new customer',500000002,'2018-03-11 04:42:30','2018-03-11 04:42:30'),(7650,'a new customer',500000008,'2018-03-11 04:42:30','2018-03-11 04:42:30'),(7651,'a new customer',500000007,'2018-03-11 04:42:30','2018-03-11 04:42:30'),(7652,'a new customer',500000002,'2018-03-11 04:42:30','2018-03-11 04:42:30'),(7653,'a new customer',500000003,'2018-03-11 04:42:30','2018-03-11 04:42:30'),(7654,'a new customer',500000002,'2018-03-11 04:42:30','2018-03-11 04:42:30'),(7655,'a new customer',500000008,'2018-03-11 04:42:30','2018-03-11 04:42:30'),(7656,'a new customer',500000003,'2018-03-11 04:42:30','2018-03-11 04:42:30'),(7657,'a new customer',500000004,'2018-03-11 04:42:30','2018-03-11 04:42:30'),(7658,'a new customer',500000007,'2018-03-11 04:42:30','2018-03-11 04:42:30'),(7659,'a new customer',500000001,'2018-03-11 04:42:30','2018-03-11 04:42:30'),(7660,'a new customer',500000006,'2018-03-11 04:42:30','2018-03-11 04:42:30'),(7661,'a new customer',500000002,'2018-03-11 04:42:30','2018-03-11 04:42:30'),(7662,'a new customer',500000004,'2018-03-11 04:42:30','2018-03-11 04:42:30'),(7663,'a new customer',500000007,'2018-03-11 04:42:30','2018-03-11 04:42:30'),(7664,'a new customer',500000008,'2018-03-11 04:42:30','2018-03-11 04:42:30'),(7665,'a new customer',500000007,'2018-03-11 04:42:30','2018-03-11 04:42:30'),(7666,'a new customer',500000001,'2018-03-11 04:42:30','2018-03-11 04:42:30'),(7667,'a new customer',500000003,'2018-03-11 04:42:30','2018-03-11 04:42:30'),(7668,'a new customer',500000004,'2018-03-11 04:42:30','2018-03-11 04:42:30'),(7669,'a new customer',500000005,'2018-03-11 04:42:30','2018-03-11 04:42:30'),(7670,'a new customer',500000002,'2018-03-11 04:42:30','2018-03-11 04:42:30'),(7671,'a new customer',500000004,'2018-03-11 04:42:30','2018-03-11 04:42:30'),(7672,'a new customer',500000004,'2018-03-11 04:42:30','2018-03-11 04:42:30'),(7673,'a new customer',500000004,'2018-03-11 04:42:30','2018-03-11 04:42:30'),(7674,'a new customer',500000004,'2018-03-11 04:42:30','2018-03-11 04:42:30'),(7675,'a new customer',500000004,'2018-03-11 04:42:30','2018-03-11 04:42:30'),(7676,'a new customer',500000004,'2018-03-11 04:42:30','2018-03-11 04:42:30'),(7677,'a new customer',500000004,'2018-03-11 04:42:30','2018-03-11 04:42:30'),(7678,'a new customer',500000005,'2018-03-11 04:42:30','2018-03-11 04:42:30'),(7679,'a new customer',500000002,'2018-03-11 04:42:30','2018-03-11 04:42:30'),(7680,'a new customer',500000006,'2018-03-11 04:42:30','2018-03-11 04:42:30'),(7681,'aashay',500000002,'2018-03-11 04:42:30','2018-03-11 04:42:30'),(7682,'a new customer',500000003,'2018-03-11 04:42:30','2018-03-11 04:42:30'),(7683,'a new customer',500000007,'2018-03-11 04:42:30','2018-03-11 04:42:30'),(7684,'a new customer',500000004,'2018-03-11 04:42:30','2018-03-11 04:42:30'),(7685,'a new customer',500000001,'2018-03-11 04:42:30','2018-03-11 04:42:30'),(7686,'a new customer',500000008,'2018-03-11 04:42:30','2018-03-11 04:42:30'),(7687,'a new customer',500000005,'2018-03-11 04:42:30','2018-03-11 04:42:30'),(7688,'a new customer',500000006,'2018-03-11 04:42:30','2018-03-11 04:42:30'),(7689,'a new customer',500000002,'2018-03-11 04:42:30','2018-03-11 04:42:30'),(7690,'a new customer',500000002,'2018-03-11 04:42:30','2018-03-11 04:42:30'),(7691,'a new customer',500000006,'2018-03-11 04:42:30','2018-03-11 04:42:30'),(7692,'a new customer',500000003,'2018-03-11 04:42:30','2018-03-11 04:42:30'),(7693,'a new customer',500000001,'2018-03-11 04:42:30','2018-03-11 04:42:30'),(7694,'a new customer',500000005,'2018-03-11 04:42:30','2018-03-11 04:42:30'),(7695,'a new customer',500000003,'2018-03-11 04:42:30','2018-03-11 04:42:30'),(7696,'a new customer',500000007,'2018-03-11 04:42:30','2018-03-11 04:42:30'),(7697,'a new customer',500000001,'2018-03-11 04:42:30','2018-03-11 04:42:30'),(7698,'a new customer',500000004,'2018-03-11 04:42:30','2018-03-11 04:42:30'),(7699,'a new customer',500000005,'2018-03-11 04:42:30','2018-03-11 04:42:30'),(7700,'a new customer',500000008,'2018-03-11 04:42:30','2018-03-11 04:42:30'),(7701,'a new customer',500000006,'2018-03-11 04:42:30','2018-03-11 04:42:30'),(7702,'a new customer',500000002,'2018-03-11 04:42:30','2018-03-11 04:42:30'),(7703,'a new customer',500000001,'2018-03-11 04:42:30','2018-03-11 04:42:30'),(7704,'a new customer',500000001,'2018-03-11 04:42:30','2018-03-11 04:42:30'),(7705,'a new customer',500000007,'2018-03-11 04:42:30','2018-03-11 04:42:30'),(7706,'a new customer',500000001,'2018-03-11 04:42:30','2018-03-11 04:42:30'),(7707,'a new customer',500000002,'2018-03-11 04:42:30','2018-03-11 04:42:30'),(7708,'a new customer',500000005,'2018-03-11 04:42:30','2018-03-11 04:42:30'),(7709,'a new customer',500000003,'2018-03-11 04:42:30','2018-03-11 04:42:30'),(7710,'a new customer',500000002,'2018-03-11 04:42:30','2018-03-11 04:42:30'),(7711,'a new customer',500000005,'2018-03-11 04:42:30','2018-03-11 04:42:30'),(7712,'a new customer',500000003,'2018-03-11 04:42:30','2018-03-11 04:42:30'),(7713,'a new customer',500000006,'2018-03-11 04:42:30','2018-03-11 04:42:30'),(7714,'a new customer',500000002,'2018-03-11 04:42:30','2018-03-11 04:42:30'),(7715,'a new customer',500000002,'2018-03-11 04:42:30','2018-03-11 04:42:30'),(7716,'a new customer',500000003,'2018-03-11 04:42:30','2018-03-11 04:42:30'),(7717,'a new customer',500000003,'2018-03-11 04:42:30','2018-03-11 04:42:30'),(7718,'a new customer',500000003,'2018-03-11 04:42:30','2018-03-11 04:42:30'),(7719,'a new customer',500000006,'2018-03-11 04:42:30','2018-03-11 04:42:30'),(7720,'a new customer',500000002,'2018-03-11 04:42:30','2018-03-11 04:42:30'),(7721,'a new customer',500000001,'2018-03-11 04:42:30','2018-03-11 04:42:30'),(7722,'a new customer',500000007,'2018-03-11 04:42:30','2018-03-11 04:42:30'),(7723,'a new customer',500000007,'2018-03-11 04:42:30','2018-03-11 04:42:30'),(7724,'a new customer',500000007,'2018-03-11 04:42:30','2018-03-11 04:42:30'),(7725,'a new customer',500000007,'2018-03-11 04:42:30','2018-03-11 04:42:30'),(7726,'a new customer',500000007,'2018-03-11 04:42:30','2018-03-11 04:42:30'),(7727,'a new customer',500000007,'2018-03-11 04:42:30','2018-03-11 04:42:30'),(7728,'a new customer',500000007,'2018-03-11 04:42:30','2018-03-11 04:42:30'),(7729,'a new customer',500000002,'2018-03-11 04:42:30','2018-03-11 04:42:30'),(7730,'a new customer',500000003,'2018-03-11 04:42:30','2018-03-11 04:42:30'),(7731,'a new customer',500000007,'2018-03-11 04:42:30','2018-03-11 04:42:30'),(7732,'a new customer',500000001,'2018-03-11 04:42:30','2018-03-11 04:42:30'),(7733,'a new customer',500000001,'2018-03-11 04:42:30','2018-03-11 04:42:30'),(7734,'a new customer',500000002,'2018-03-11 04:42:30','2018-03-11 04:42:30'),(7735,'a new customer',500000006,'2018-03-11 04:42:30','2018-03-11 04:42:30'),(7736,'a new customer',500000007,'2018-03-11 04:42:30','2018-03-11 04:42:30'),(7737,'a new customer',500000007,'2018-03-11 04:42:30','2018-03-11 04:42:30'),(7738,'a new customer',500000002,'2018-03-11 04:42:30','2018-03-11 04:42:30'),(7739,'a new customer',500000002,'2018-03-11 04:42:30','2018-03-11 04:42:30'),(7740,'a new customer',500000002,'2018-03-11 04:42:30','2018-03-11 04:42:30'),(7741,'a new customer',500000002,'2018-03-11 04:42:30','2018-03-11 04:42:30'),(7742,'a new customer',500000003,'2018-03-11 04:42:30','2018-03-11 04:42:30'),(7743,'a new customer',500000003,'2018-03-11 04:42:30','2018-03-11 04:42:30'),(7744,'a new customer',500000007,'2018-03-11 04:42:30','2018-03-11 04:42:30'),(7745,'a new customer',500000001,'2018-03-11 04:42:30','2018-03-11 04:42:30'),(7746,'a new customer',500000004,'2018-03-11 04:42:30','2018-03-11 04:42:30'),(7747,'a new customer',500000008,'2018-03-11 04:42:30','2018-03-11 04:42:30'),(7748,'a new customer',500000005,'2018-03-11 04:42:30','2018-03-11 04:42:30'),(7749,'a new customer',500000006,'2018-03-11 04:42:30','2018-03-11 04:42:30'),(7750,'a new customer',500000002,'2018-03-11 04:42:30','2018-03-11 04:42:30'),(7751,'a new customer',500000001,'2018-03-11 04:42:30','2018-03-11 04:42:30'),(7752,'a new customer',500000003,'2018-03-11 04:42:30','2018-03-11 04:42:30'),(7753,'a new customer',500000005,'2018-03-11 04:42:30','2018-03-11 04:42:30'),(7754,'a new customer',500000003,'2018-03-11 04:42:30','2018-03-11 04:42:30'),(7755,'a new customer',500000004,'2018-03-11 04:42:30','2018-03-11 04:42:30'),(7756,'a new customer',500000002,'2018-03-11 04:42:30','2018-03-11 04:42:30'),(7757,'a new customer',500000006,'2018-03-11 04:42:30','2018-03-11 04:42:30'),(7758,'a new customer',500000003,'2018-03-11 04:42:30','2018-03-11 04:42:30'),(7759,'a new customer',500000001,'2018-03-11 04:42:30','2018-03-11 04:42:30'),(7760,'a new customer',500000005,'2018-03-11 04:42:30','2018-03-11 04:42:30'),(7761,'a new customer',500000007,'2018-03-11 04:42:30','2018-03-11 04:42:30'),(7762,'a new customer',500000006,'2018-03-11 04:42:30','2018-03-11 04:42:30'),(7763,'a new customer',500000008,'2018-03-11 04:42:30','2018-03-11 04:42:30'),(7764,'a new customer',500000002,'2018-03-11 04:42:30','2018-03-11 04:42:30'),(7765,'a new customer',500000006,'2018-03-11 04:42:30','2018-03-11 04:42:30'),(7766,'a new customer',500000004,'2018-03-11 04:42:30','2018-03-11 04:42:30'),(7767,'a new customer',500000002,'2018-03-11 04:42:30','2018-03-11 04:42:30'),(7768,'a new customer',500000003,'2018-03-11 04:42:30','2018-03-11 04:42:30'),(7769,'a new customer',500000002,'2018-03-11 04:42:30','2018-03-11 04:42:30'),(7770,'a new customer',500000006,'2018-03-11 04:42:30','2018-03-11 04:42:30'),(7771,'a new customer',500000006,'2018-03-11 04:42:30','2018-03-11 04:42:30'),(7772,'a new customer',500000003,'2018-03-11 04:42:30','2018-03-11 04:42:30'),(7773,'a new customer',500000007,'2018-03-11 04:42:30','2018-03-11 04:42:30'),(7774,'a new customer',500000003,'2018-03-11 04:42:30','2018-03-11 04:42:30'),(7775,'a new customer',500000002,'2018-03-11 04:42:30','2018-03-11 04:42:30'),(7776,'a new customer',500000006,'2018-03-11 04:42:30','2018-03-11 04:42:30'),(7777,'a new customer',500000006,'2018-03-11 04:42:30','2018-03-11 04:42:30'),(7778,'a new customer',500000001,'2018-03-11 04:42:30','2018-03-11 04:42:30'),(7779,'a new customer',500000001,'2018-03-11 04:42:30','2018-03-11 04:42:30'),(7780,'a new customer',500000008,'2018-03-11 04:42:30','2018-03-11 04:42:30'),(7781,'a new customer',500000005,'2018-03-11 04:42:30','2018-03-11 04:42:30'),(7782,'a new customer',500000003,'2018-03-11 04:42:30','2018-03-11 04:42:30'),(7783,'a new customer',500000007,'2018-03-11 04:42:30','2018-03-11 04:42:30'),(7784,'a new customer',500000004,'2018-03-11 04:42:30','2018-03-11 04:42:30'),(7785,'a new customer',500000006,'2018-03-11 04:42:30','2018-03-11 04:42:30'),(7786,'a new customer',500000002,'2018-03-11 04:42:30','2018-03-11 04:42:30'),(7787,'a new customer',500000004,'2018-03-11 04:42:30','2018-03-11 04:42:30'),(7788,'a new customer',500000007,'2018-03-11 04:42:30','2018-03-11 04:42:30'),(7789,'a new customer',500000003,'2018-03-11 04:42:30','2018-03-11 04:42:30'),(7790,'a new customer',500000001,'2018-03-11 04:42:30','2018-03-11 04:42:30'),(7791,'a new customer',500000004,'2018-03-11 04:42:30','2018-03-11 04:42:30'),(7792,'a new customer',500000008,'2018-03-11 04:42:30','2018-03-11 04:42:30'),(7793,'a new customer',500000003,'2018-03-11 04:42:30','2018-03-11 04:42:30'),(7794,'a new customer',500000007,'2018-03-11 04:42:30','2018-03-11 04:42:30'),(7795,'a new customer',500000003,'2018-03-11 04:42:30','2018-03-11 04:42:30'),(7796,'a new customer',500000004,'2018-03-11 04:42:30','2018-03-11 04:42:30'),(7797,'a new customer',500000001,'2018-03-11 04:42:30','2018-03-11 04:42:30'),(7798,'a new customer',500000008,'2018-03-11 04:42:30','2018-03-11 04:42:30'),(7799,'a new customer',500000005,'2018-03-11 04:42:30','2018-03-11 04:42:30'),(7800,'a new customer',500000006,'2018-03-11 04:42:30','2018-03-11 04:42:30'),(7801,'a new customer',500000002,'2018-03-11 04:42:30','2018-03-11 04:42:30'),(7802,'a new customer',500000005,'2018-03-11 04:42:30','2018-03-11 04:42:30'),(7803,'a new customer',500000006,'2018-03-11 04:42:30','2018-03-11 04:42:30'),(7804,'a new customer',500000001,'2018-03-11 04:42:30','2018-03-11 04:42:30'),(7805,'a new customer',500000006,'2018-03-11 04:42:30','2018-03-11 04:42:30'),(7806,'a new customer',500000003,'2018-03-11 04:42:30','2018-03-11 04:42:30'),(7807,'a new customer',500000008,'2018-03-11 04:42:30','2018-03-11 04:42:30'),(7808,'a new customer',500000002,'2018-03-11 04:42:30','2018-03-11 04:42:30'),(7809,'a new customer',500000003,'2018-03-11 04:42:30','2018-03-11 04:42:30'),(7810,'a new customer',500000005,'2018-03-11 04:42:30','2018-03-11 04:42:30'),(7811,'a new customer',500000002,'2018-03-11 04:42:30','2018-03-11 04:42:30'),(7812,'a new customer',500000008,'2018-03-11 04:42:30','2018-03-11 04:42:30'),(7813,'a new customer',500000006,'2018-03-11 04:42:30','2018-03-11 04:42:30'),(7814,'a new customer',500000001,'2018-03-11 04:42:30','2018-03-11 04:42:30'),(7815,'a new customer',500000002,'2018-03-11 04:42:30','2018-03-11 04:42:30'),(7816,'a new customer',500000002,'2018-03-11 04:42:30','2018-03-11 04:42:30'),(7817,'a new customer',500000004,'2018-03-11 04:42:30','2018-03-11 04:42:30'),(7818,'a new customer',500000005,'2018-03-11 04:42:30','2018-03-11 04:42:30'),(7819,'a new customer',500000002,'2018-03-11 04:42:30','2018-03-11 04:42:30'),(7820,'a new customer',500000001,'2018-03-11 04:42:30','2018-03-11 04:42:30'),(7821,'a new customer',500000004,'2018-03-11 04:42:30','2018-03-11 04:42:30'),(7822,'a new customer',500000003,'2018-03-11 04:42:30','2018-03-11 04:42:30'),(7823,'a new customer',500000002,'2018-03-11 04:42:30','2018-03-11 04:42:30'),(7824,'a new customer',500000002,'2018-03-11 04:42:30','2018-03-11 04:42:30'),(7825,'a new customer',500000002,'2018-03-11 04:42:30','2018-03-11 04:42:30'),(7826,'a new customer',500000006,'2018-03-11 04:42:30','2018-03-11 04:42:30'),(7827,'a new customer',500000001,'2018-03-11 04:42:30','2018-03-11 04:42:30'),(7828,'a new customer',500000004,'2018-03-11 04:42:30','2018-03-11 04:42:30'),(7829,'a new customer',500000002,'2018-03-11 04:42:30','2018-03-11 04:42:30'),(7830,'a new customer',500000004,'2018-03-11 04:42:30','2018-03-11 04:42:30'),(7831,'a new customer',500000007,'2018-03-11 04:42:30','2018-03-11 04:42:30'),(7832,'a new customer',500000003,'2018-03-11 04:42:30','2018-03-11 04:42:30'),(7833,'a new customer',500000004,'2018-03-11 04:42:30','2018-03-11 04:42:30'),(7834,'a new customer',500000001,'2018-03-11 04:42:30','2018-03-11 04:42:30'),(7835,'a new customer',500000008,'2018-03-11 04:42:30','2018-03-11 04:42:30'),(7836,'a new customer',500000005,'2018-03-11 04:42:30','2018-03-11 04:42:30'),(7837,'a new customer',500000006,'2018-03-11 04:42:30','2018-03-11 04:42:30'),(7838,'a new customer',500000002,'2018-03-11 04:42:30','2018-03-11 04:42:30'),(7839,'a new customer',500000006,'2018-03-11 04:42:30','2018-03-11 04:42:30'),(7840,'a new customer',500000007,'2018-03-11 04:42:30','2018-03-11 04:42:30'),(7841,'a new customer',500000007,'2018-03-11 04:42:30','2018-03-11 04:42:30'),(7842,'a new customer',500000006,'2018-03-11 04:42:30','2018-03-11 04:42:30'),(7843,'a new customer',500000006,'2018-03-11 04:42:30','2018-03-11 04:42:30'),(7844,'a new customer',500000003,'2018-03-11 04:42:30','2018-03-11 04:42:30'),(7845,'a new customer',500000006,'2018-03-11 04:42:30','2018-03-11 04:42:30'),(7846,'a new customer',500000003,'2018-03-11 04:42:30','2018-03-11 04:42:30'),(7847,'a new customer',500000002,'2018-03-11 04:42:30','2018-03-11 04:42:30'),(7848,'a new customer',500000002,'2018-03-11 04:42:30','2018-03-11 04:42:30'),(7849,'a new customer',500000006,'2018-03-11 04:42:30','2018-03-11 04:42:30'),(7850,'a new customer',500000006,'2018-03-11 04:42:30','2018-03-11 04:42:30'),(7851,'a new customer',500000006,'2018-03-11 04:42:30','2018-03-11 04:42:30'),(7852,'a new customer',500000005,'2018-03-11 04:42:30','2018-03-11 04:42:30'),(7853,'a new customer',500000004,'2018-03-11 04:42:30','2018-03-11 04:42:30'),(7854,'a new customer',500000004,'2018-03-11 04:42:30','2018-03-11 04:42:30'),(7855,'a new customer',500000005,'2018-03-11 04:42:30','2018-03-11 04:42:30'),(7856,'a new customer',500000007,'2018-03-11 04:42:30','2018-03-11 04:42:30'),(7857,'a new customer',500000006,'2018-03-11 04:42:30','2018-03-11 04:42:30'),(7858,'a new customer',500000002,'2018-03-11 04:42:30','2018-03-11 04:42:30'),(7859,'a new customer',500000005,'2018-03-11 04:42:30','2018-03-11 04:42:30'),(7860,'a new customer',500000007,'2018-03-11 04:42:30','2018-03-11 04:42:30'),(7861,'a new customer',500000003,'2018-03-11 04:42:30','2018-03-11 04:42:30'),(7862,'a new customer',500000004,'2018-03-11 04:42:30','2018-03-11 04:42:30'),(7863,'a new customer',500000001,'2018-03-11 04:42:30','2018-03-11 04:42:30'),(7864,'a new customer',500000008,'2018-03-11 04:42:30','2018-03-11 04:42:30'),(7865,'a new customer',500000005,'2018-03-11 04:42:30','2018-03-11 04:42:30'),(7866,'a new customer',500000006,'2018-03-11 04:42:30','2018-03-11 04:42:30'),(7867,'a new customer',500000002,'2018-03-11 04:42:30','2018-03-11 04:42:30'),(7868,'a new customer',500000004,'2018-03-11 04:42:30','2018-03-11 04:42:30'),(7869,'a new customer',500000008,'2018-03-11 04:42:30','2018-03-11 04:42:30'),(7870,'a new customer',500000002,'2018-03-11 04:42:30','2018-03-11 04:42:30'),(7871,'a new customer',500000008,'2018-03-11 04:42:30','2018-03-11 04:42:30'),(7872,'a new customer',500000003,'2018-03-11 04:42:30','2018-03-11 04:42:30'),(7873,'a new customer',500000007,'2018-03-11 04:42:30','2018-03-11 04:42:30'),(7874,'a new customer',500000004,'2018-03-11 04:42:30','2018-03-11 04:42:30'),(7875,'a new customer',500000008,'2018-03-11 04:42:30','2018-03-11 04:42:30'),(7876,'a new customer',500000003,'2018-03-11 04:42:30','2018-03-11 04:42:30'),(7877,'a new customer',500000002,'2018-03-11 04:42:30','2018-03-11 04:42:30'),(7878,'a new customer',500000007,'2018-03-11 04:42:30','2018-03-11 04:42:30'),(7879,'a new customer',500000003,'2018-03-11 04:42:30','2018-03-11 04:42:30'),(7880,'a new customer',500000004,'2018-03-11 04:42:30','2018-03-11 04:42:30'),(7881,'a new customer',500000006,'2018-03-11 04:42:30','2018-03-11 04:42:30'),(7882,'a new customer',500000006,'2018-03-11 04:42:30','2018-03-11 04:42:30'),(7883,'a new customer',500000006,'2018-03-11 04:42:30','2018-03-11 04:42:30'),(7884,'a new customer',500000006,'2018-03-11 04:42:30','2018-03-11 04:42:30'),(7885,'a new customer',500000006,'2018-03-11 04:42:30','2018-03-11 04:42:30'),(7886,'a new customer',500000006,'2018-03-11 04:42:30','2018-03-11 04:42:30'),(7887,'a new customer',500000006,'2018-03-11 04:42:30','2018-03-11 04:42:30'),(7888,'a new customer',500000003,'2018-03-11 04:42:30','2018-03-11 04:42:30'),(7889,'a new customer',500000004,'2018-03-11 04:42:30','2018-03-11 04:42:30'),(7890,'a new customer',500000006,'2018-03-11 04:42:30','2018-03-11 04:42:30'),(7891,'a new customer',500000006,'2018-03-11 04:42:30','2018-03-11 04:42:30'),(7892,'a new customer',500000004,'2018-03-11 04:42:30','2018-03-11 04:42:30'),(7893,'a new customer',500000003,'2018-03-11 04:42:30','2018-03-11 04:42:30'),(7894,'a new customer',500000003,'2018-03-11 04:42:30','2018-03-11 04:42:30'),(7895,'a new customer',500000004,'2018-03-11 04:42:30','2018-03-11 04:42:30'),(7896,'a new customer',500000007,'2018-03-11 04:42:30','2018-03-11 04:42:30'),(7897,'a new customer',500000002,'2018-03-11 04:42:30','2018-03-11 04:42:30'),(7898,'a new customer',500000002,'2018-03-11 04:42:30','2018-03-11 04:42:30'),(7899,'a new customer',500000006,'2018-03-11 04:42:30','2018-03-11 04:42:30'),(7900,'a new customer',500000005,'2018-03-11 04:42:30','2018-03-11 04:42:30'),(7901,'a new customer',500000004,'2018-03-11 04:42:30','2018-03-11 04:42:30'),(7902,'a new customer',500000008,'2018-03-11 04:42:30','2018-03-11 04:42:30'),(7903,'a new customer',500000002,'2018-03-11 04:42:30','2018-03-11 04:42:30'),(7904,'a new customer',500000008,'2018-03-11 04:42:30','2018-03-11 04:42:30'),(7905,'a new customer',500000005,'2018-03-11 04:42:30','2018-03-11 04:42:30'),(7906,'a new customer',500000004,'2018-03-11 04:42:30','2018-03-11 04:42:30'),(7907,'a new customer',500000001,'2018-03-11 04:42:30','2018-03-11 04:42:30'),(7908,'a new customer',500000007,'2018-03-11 04:42:30','2018-03-11 04:42:30'),(7909,'a new customer',500000003,'2018-03-11 04:42:30','2018-03-11 04:42:30'),(7910,'a new customer',500000008,'2018-03-11 04:42:30','2018-03-11 04:42:30'),(7911,'a new customer',500000001,'2018-03-11 04:42:30','2018-03-11 04:42:30'),(7912,'a new customer',500000004,'2018-03-11 04:42:30','2018-03-11 04:42:30'),(7913,'a new customer',500000005,'2018-03-11 04:42:30','2018-03-11 04:42:30'),(7914,'a new customer',500000002,'2018-03-11 04:42:30','2018-03-11 04:42:30'),(7915,'a new customer',500000003,'2018-03-11 04:42:30','2018-03-11 04:42:30'),(7916,'a new customer',500000003,'2018-03-11 04:42:30','2018-03-11 04:42:30'),(7917,'a new customer',500000007,'2018-03-11 04:42:30','2018-03-11 04:42:30'),(7918,'a new customer',500000001,'2018-03-11 04:42:30','2018-03-11 04:42:30'),(7919,'a new customer',500000004,'2018-03-11 04:42:30','2018-03-11 04:42:30'),(7920,'a new customer',500000005,'2018-03-11 04:42:30','2018-03-11 04:42:30'),(7921,'a new customer',500000008,'2018-03-11 04:42:30','2018-03-11 04:42:30'),(7922,'a new customer',500000006,'2018-03-11 04:42:30','2018-03-11 04:42:30'),(7923,'a new customer',500000002,'2018-03-11 04:42:30','2018-03-11 04:42:30'),(7924,'a new customer',500000003,'2018-03-11 04:42:30','2018-03-11 04:42:30'),(7925,'a new customer',500000001,'2018-03-11 04:42:30','2018-03-11 04:42:30'),(7926,'a new customer',500000008,'2018-03-11 04:42:30','2018-03-11 04:42:30'),(7927,'a new customer',500000006,'2018-03-11 04:42:30','2018-03-11 04:42:30'),(7928,'a new customer',500000004,'2018-03-11 04:42:30','2018-03-11 04:42:30'),(7929,'a new customer',500000002,'2018-03-11 04:42:30','2018-03-11 04:42:30'),(7930,'a new customer',500000008,'2018-03-11 04:42:30','2018-03-11 04:42:30'),(7931,'a new customer',500000003,'2018-03-11 04:42:30','2018-03-11 04:42:30'),(7932,'a new customer',500000007,'2018-03-11 04:42:30','2018-03-11 04:42:30'),(7933,'a new customer',500000001,'2018-03-11 04:42:30','2018-03-11 04:42:30'),(7934,'a new customer',500000004,'2018-03-11 04:42:30','2018-03-11 04:42:30'),(7935,'a new customer',500000005,'2018-03-11 04:42:30','2018-03-11 04:42:30'),(7936,'a new customer',500000008,'2018-03-11 04:42:30','2018-03-11 04:42:30'),(7937,'a new customer',500000006,'2018-03-11 04:42:30','2018-03-11 04:42:30'),(7938,'a new customer',500000002,'2018-03-11 04:42:30','2018-03-11 04:42:30'),(7939,'a new customer',500000002,'2018-03-11 04:42:30','2018-03-11 04:42:30'),(7940,'a new customer',500000007,'2018-03-11 04:42:30','2018-03-11 04:42:30'),(7941,'a new customer',500000007,'2018-03-11 04:42:30','2018-03-11 04:42:30'),(7942,'a new customer',500000002,'2018-03-11 04:42:30','2018-03-11 04:42:30'),(7943,'a new customer',500000005,'2018-03-11 04:42:30','2018-03-11 04:42:30'),(7944,'a new customer',500000006,'2018-03-11 04:42:30','2018-03-11 04:42:30'),(7945,'a new customer',500000006,'2018-03-11 04:42:30','2018-03-11 04:42:30'),(7946,'a new customer',500000003,'2018-03-11 04:42:30','2018-03-11 04:42:30'),(7947,'a new customer',500000007,'2018-03-11 04:42:30','2018-03-11 04:42:30'),(7948,'a new customer',500000004,'2018-03-11 04:42:30','2018-03-11 04:42:30'),(7949,'a new customer',500000001,'2018-03-11 04:42:30','2018-03-11 04:42:30'),(7950,'a new customer',500000008,'2018-03-11 04:42:30','2018-03-11 04:42:30'),(7951,'a new customer',500000005,'2018-03-11 04:42:30','2018-03-11 04:42:30'),(7952,'a new customer',500000006,'2018-03-11 04:42:30','2018-03-11 04:42:30'),(7953,'a new customer',500000002,'2018-03-11 04:42:30','2018-03-11 04:42:30'),(7954,'a new customer',500000003,'2018-03-11 04:42:30','2018-03-11 04:42:30'),(7955,'a new customer',500000007,'2018-03-11 04:42:30','2018-03-11 04:42:30'),(7956,'a new customer',500000004,'2018-03-11 04:42:30','2018-03-11 04:42:30'),(7957,'a new customer',500000001,'2018-03-11 04:42:30','2018-03-11 04:42:30'),(7958,'a new customer',500000008,'2018-03-11 04:42:30','2018-03-11 04:42:30'),(7959,'a new customer',500000008,'2018-03-11 04:42:30','2018-03-11 04:42:30'),(7960,'a new customer',500000003,'2018-03-11 04:42:30','2018-03-11 04:42:30'),(7961,'a new customer',500000005,'2018-03-11 04:42:30','2018-03-11 04:42:30'),(7962,'a new customer',500000003,'2018-03-11 04:42:30','2018-03-11 04:42:30'),(7963,'a new customer',500000004,'2018-03-11 04:42:30','2018-03-11 04:42:30'),(7964,'a new customer',500000001,'2018-03-11 04:42:30','2018-03-11 04:42:30'),(7965,'a new customer',500000006,'2018-03-11 04:42:30','2018-03-11 04:42:30'),(7966,'a new customer',500000002,'2018-03-11 04:42:30','2018-03-11 04:42:30'),(7967,'a new customer',500000002,'2018-03-11 04:42:30','2018-03-11 04:42:30'),(7968,'a new customer',500000002,'2018-03-11 04:42:30','2018-03-11 04:42:30'),(7969,'a new customer',500000002,'2018-03-11 04:42:30','2018-03-11 04:42:30'),(7970,'a new customer',500000002,'2018-03-11 04:42:30','2018-03-11 04:42:30'),(7971,'a new customer',500000001,'2018-03-11 04:42:30','2018-03-11 04:42:30'),(7972,'a new customer',500000003,'2018-03-11 04:42:30','2018-03-11 04:42:30'),(7973,'a new customer',500000005,'2018-03-11 04:42:30','2018-03-11 04:42:30'),(7974,'a new customer',500000003,'2018-03-11 04:42:30','2018-03-11 04:42:30'),(7975,'a new customer',500000007,'2018-03-11 04:42:30','2018-03-11 04:42:30'),(7976,'a new customer',500000001,'2018-03-11 04:42:30','2018-03-11 04:42:30'),(7977,'a new customer',500000004,'2018-03-11 04:42:30','2018-03-11 04:42:30'),(7978,'a new customer',500000008,'2018-03-11 04:42:30','2018-03-11 04:42:30'),(7979,'a new customer',500000005,'2018-03-11 04:42:30','2018-03-11 04:42:30'),(7980,'a new customer',500000006,'2018-03-11 04:42:30','2018-03-11 04:42:30'),(7981,'a new customer',500000002,'2018-03-11 04:42:30','2018-03-11 04:42:30'),(7982,'a new customer',500000006,'2018-03-11 04:42:30','2018-03-11 04:42:30'),(7983,'a new customer',500000002,'2018-03-11 04:42:30','2018-03-11 04:42:30'),(7984,'a new customer',500000001,'2018-03-11 04:42:30','2018-03-11 04:42:30'),(7985,'a new customer',500000005,'2018-03-11 04:42:30','2018-03-11 04:42:30'),(7986,'a new customer',500000006,'2018-03-11 04:42:30','2018-03-11 04:42:30'),(7987,'a new customer',500000002,'2018-03-11 04:42:30','2018-03-11 04:42:30'),(7988,'a new customer',500000003,'2018-03-11 04:42:30','2018-03-11 04:42:30'),(7989,'a new customer',500000002,'2018-03-11 04:42:30','2018-03-11 04:42:30'),(7990,'a new customer',500000004,'2018-03-11 04:42:30','2018-03-11 04:42:30'),(7991,'a new customer',500000008,'2018-03-11 04:42:30','2018-03-11 04:42:30'),(7992,'a new customer',500000005,'2018-03-11 04:42:30','2018-03-11 04:42:30'),(7993,'a new customer',500000001,'2018-03-11 04:42:30','2018-03-11 04:42:30'),(7994,'a new customer',500000006,'2018-03-11 04:42:30','2018-03-11 04:42:30'),(7995,'a new customer',500000004,'2018-03-11 04:42:30','2018-03-11 04:42:30'),(7996,'a new customer',500000003,'2018-03-11 04:42:30','2018-03-11 04:42:30'),(7997,'a new customer',500000002,'2018-03-11 04:42:30','2018-03-11 04:42:30'),(7998,'a new customer',500000007,'2018-03-11 04:42:30','2018-03-11 04:42:30'),(7999,'a new customer',500000006,'2018-03-11 04:42:30','2018-03-11 04:42:30'),(8000,'a new customer',500000003,'2018-03-11 04:42:30','2018-03-11 04:42:30'),(8001,'a new customer',500000003,'2018-03-11 04:42:30','2018-03-11 04:42:30'),(8002,'a new customer',500000007,'2018-03-11 04:42:30','2018-03-11 04:42:30'),(8003,'a new customer',500000007,'2018-03-11 04:42:30','2018-03-11 04:42:30'),(8004,'a new customer',500000004,'2018-03-11 04:42:30','2018-03-11 04:42:30'),(8005,'a new customer',500000004,'2018-03-11 04:42:30','2018-03-11 04:42:30'),(8006,'a new customer',500000005,'2018-03-11 04:42:30','2018-03-11 04:42:30'),(8007,'a new customer',500000003,'2018-03-11 04:42:30','2018-03-11 04:42:30'),(8008,'a new customer',500000002,'2018-03-11 04:42:30','2018-03-11 04:42:30'),(8009,'a new customer',500000006,'2018-03-11 04:42:30','2018-03-11 04:42:30'),(8010,'a new customer',500000006,'2018-03-11 04:42:30','2018-03-11 04:42:30'),(8011,'a new customer',500000008,'2018-03-11 04:42:30','2018-03-11 04:42:30'),(8012,'a new customer',500000005,'2018-03-11 04:42:30','2018-03-11 04:42:30'),(8013,'a new customer',500000004,'2018-03-11 04:42:30','2018-03-11 04:42:30'),(8014,'a new customer',500000002,'2018-03-11 04:42:30','2018-03-11 04:42:30'),(8015,'a new customer',500000006,'2018-03-11 04:42:30','2018-03-11 04:42:30'),(8016,'a new customer',500000007,'2018-03-11 04:42:30','2018-03-11 04:42:30'),(8017,'a new customer',500000004,'2018-03-11 04:42:30','2018-03-11 04:42:30'),(8018,'a new customer',500000005,'2018-03-11 04:42:30','2018-03-11 04:42:30'),(8019,'a new customer',500000008,'2018-03-11 04:42:30','2018-03-11 04:42:30'),(8020,'a new customer',500000006,'2018-03-11 04:42:30','2018-03-11 04:42:30'),(8021,'a new customer',500000006,'2018-03-11 04:42:30','2018-03-11 04:42:30'),(8022,'a new customer',500000002,'2018-03-11 04:42:30','2018-03-11 04:42:30'),(8023,'a new customer',500000006,'2018-03-11 04:42:30','2018-03-11 04:42:30'),(8024,'a new customer',500000006,'2018-03-11 04:42:30','2018-03-11 04:42:30'),(8025,'a new customer',500000001,'2018-03-11 04:42:30','2018-03-11 04:42:30'),(8026,'a new customer',500000006,'2018-03-11 04:42:30','2018-03-11 04:42:30'),(8027,'a new customer',500000007,'2018-03-11 04:42:30','2018-03-11 04:42:30'),(8028,'a new customer',500000003,'2018-03-11 04:42:30','2018-03-11 04:42:30'),(8029,'a new customer',500000001,'2018-03-11 04:42:30','2018-03-11 04:42:30'),(8030,'a new customer',500000004,'2018-03-11 04:42:30','2018-03-11 04:42:30'),(8031,'a new customer',500000008,'2018-03-11 04:42:30','2018-03-11 04:42:30'),(8032,'a new customer',500000005,'2018-03-11 04:42:30','2018-03-11 04:42:30'),(8033,'a new customer',500000006,'2018-03-11 04:42:30','2018-03-11 04:42:30'),(8034,'a new customer',500000002,'2018-03-11 04:42:30','2018-03-11 04:42:30'),(8035,'a new customer',500000003,'2018-03-11 04:42:30','2018-03-11 04:42:30'),(8036,'a new customer',500000004,'2018-03-11 04:42:30','2018-03-11 04:42:30'),(8037,'a new customer',500000006,'2018-03-11 04:42:30','2018-03-11 04:42:30'),(8038,'a new customer',500000003,'2018-03-11 04:42:30','2018-03-11 04:42:30'),(8039,'a new customer',500000005,'2018-03-11 04:42:30','2018-03-11 04:42:30'),(8040,'a new customer',500000007,'2018-03-11 04:42:30','2018-03-11 04:42:30'),(8041,'a new customer',500000008,'2018-03-11 04:42:30','2018-03-11 04:42:30'),(8042,'a new customer',500000002,'2018-03-11 04:42:30','2018-03-11 04:42:30'),(8043,'a new customer',500000005,'2018-03-11 04:42:30','2018-03-11 04:42:30'),(8044,'a new customer',500000004,'2018-03-11 04:42:30','2018-03-11 04:42:30'),(8045,'a new customer',500000003,'2018-03-11 04:42:30','2018-03-11 04:42:30'),(8046,'a new customer',500000001,'2018-03-11 04:42:30','2018-03-11 04:42:30'),(8047,'a new customer',500000006,'2018-03-11 04:42:30','2018-03-11 04:42:30'),(8048,'a new customer',500000006,'2018-03-11 04:42:30','2018-03-11 04:42:30'),(8049,'a new customer',500000005,'2018-03-11 04:42:30','2018-03-11 04:42:30'),(8050,'a new customer',500000002,'2018-03-11 04:42:30','2018-03-11 04:42:30'),(8051,'a new customer',500000003,'2018-03-11 04:42:30','2018-03-11 04:42:30'),(8052,'a new customer',500000004,'2018-03-11 04:42:30','2018-03-11 04:42:30'),(8053,'a new customer',500000005,'2018-03-11 04:42:30','2018-03-11 04:42:30'),(8054,'a new customer',500000003,'2018-03-11 04:42:30','2018-03-11 04:42:30'),(8055,'a new customer',500000007,'2018-03-11 04:42:30','2018-03-11 04:42:30'),(8056,'a new customer',500000008,'2018-03-11 04:42:30','2018-03-11 04:42:30'),(8057,'a new customer',500000006,'2018-03-11 04:42:30','2018-03-11 04:42:30'),(8058,'a new customer',500000002,'2018-03-11 04:42:30','2018-03-11 04:42:30'),(8059,'a new customer',500000007,'2018-03-11 04:42:30','2018-03-11 04:42:30'),(8060,'a new customer',500000003,'2018-03-11 04:42:30','2018-03-11 04:42:30'),(8061,'a new customer',500000003,'2018-03-11 04:42:30','2018-03-11 04:42:30'),(8062,'a new customer',500000002,'2018-03-11 04:42:30','2018-03-11 04:42:30'),(8063,'a new customer',500000007,'2018-03-11 04:42:30','2018-03-11 04:42:30'),(8064,'a new customer',500000003,'2018-03-11 04:42:30','2018-03-11 04:42:30'),(8065,'a new customer',500000004,'2018-03-11 04:42:30','2018-03-11 04:42:30'),(8066,'a new customer',500000001,'2018-03-11 04:42:30','2018-03-11 04:42:30'),(8067,'a new customer',500000008,'2018-03-11 04:42:30','2018-03-11 04:42:30'),(8068,'a new customer',500000005,'2018-03-11 04:42:30','2018-03-11 04:42:30'),(8069,'a new customer',500000006,'2018-03-11 04:42:30','2018-03-11 04:42:30'),(8070,'a new customer',500000002,'2018-03-11 04:42:30','2018-03-11 04:42:30'),(8071,'a new customer',500000001,'2018-03-11 04:42:30','2018-03-11 04:42:30'),(8072,'a new customer',500000002,'2018-03-11 04:42:30','2018-03-11 04:42:30'),(8073,'a new customer',500000002,'2018-03-11 04:42:30','2018-03-11 04:42:30'),(8074,'a new customer',500000004,'2018-03-11 04:42:30','2018-03-11 04:42:30'),(8075,'a new customer',500000001,'2018-03-11 04:42:30','2018-03-11 04:42:30'),(8076,'a new customer',500000002,'2018-03-11 04:42:30','2018-03-11 04:42:30'),(8077,'a new customer',500000002,'2018-03-11 04:42:30','2018-03-11 04:42:30'),(8078,'a new customer',500000002,'2018-03-11 04:42:30','2018-03-11 04:42:30'),(8079,'a new customer',500000007,'2018-03-11 04:42:30','2018-03-11 04:42:30'),(8080,'a new customer',500000006,'2018-03-11 04:42:30','2018-03-11 04:42:30'),(8081,'a new customer',500000003,'2018-03-11 04:42:30','2018-03-11 04:42:30'),(8082,'a new customer',500000003,'2018-03-11 04:42:30','2018-03-11 04:42:30'),(8083,'a new customer',500000006,'2018-03-11 04:42:30','2018-03-11 04:42:30'),(8084,'a new customer',500000006,'2018-03-11 04:42:30','2018-03-11 04:42:30'),(8085,'a new customer',500000004,'2018-03-11 04:42:30','2018-03-11 04:42:30'),(8086,'a new customer',500000003,'2018-03-11 04:42:30','2018-03-11 04:42:30'),(8087,'a new customer',500000007,'2018-03-11 04:42:30','2018-03-11 04:42:30'),(8088,'a new customer',500000001,'2018-03-11 04:42:30','2018-03-11 04:42:30'),(8089,'a new customer',500000008,'2018-03-11 04:42:30','2018-03-11 04:42:30'),(8090,'a new customer',500000002,'2018-03-11 04:42:30','2018-03-11 04:42:30'),(8091,'a new customer',500000004,'2018-03-11 04:42:30','2018-03-11 04:42:30'),(8092,'a new customer',500000003,'2018-03-11 04:42:30','2018-03-11 04:42:30'),(8093,'a new customer',500000001,'2018-03-11 04:42:30','2018-03-11 04:42:30'),(8094,'a new customer',500000001,'2018-03-11 04:42:30','2018-03-11 04:42:30'),(8095,'a new customer',500000001,'2018-03-11 04:42:30','2018-03-11 04:42:30'),(8096,'a new customer',500000001,'2018-03-11 04:42:30','2018-03-11 04:42:30'),(8097,'a new customer',500000001,'2018-03-11 04:42:30','2018-03-11 04:42:30'),(8098,'a new customer',500000001,'2018-03-11 04:42:30','2018-03-11 04:42:30'),(8099,'a new customer',500000002,'2018-03-11 04:42:30','2018-03-11 04:42:30'),(8100,'a new customer',500000002,'2018-03-11 04:42:30','2018-03-11 04:42:30'),(8101,'a new customer',500000002,'2018-03-11 04:42:30','2018-03-11 04:42:30'),(8102,'a new customer',500000002,'2018-03-11 04:42:30','2018-03-11 04:42:30'),(8103,'a new customer',500000002,'2018-03-11 04:42:30','2018-03-11 04:42:30'),(8104,'a new customer',500000002,'2018-03-11 04:42:30','2018-03-11 04:42:30'),(8105,'a new customer',500000003,'2018-03-11 04:42:30','2018-03-11 04:42:30'),(8106,'a new customer',500000007,'2018-03-11 04:42:30','2018-03-11 04:42:30'),(8107,'a new customer',500000004,'2018-03-11 04:42:30','2018-03-11 04:42:30'),(8108,'a new customer',500000001,'2018-03-11 04:42:30','2018-03-11 04:42:30'),(8109,'a new customer',500000008,'2018-03-11 04:42:30','2018-03-11 04:42:30'),(8110,'a new customer',500000005,'2018-03-11 04:42:30','2018-03-11 04:42:30'),(8111,'a new customer',500000006,'2018-03-11 04:42:30','2018-03-11 04:42:30'),(8112,'a new customer',500000002,'2018-03-11 04:42:30','2018-03-11 04:42:30'),(8113,'a new customer',500000008,'2018-03-11 04:42:30','2018-03-11 04:42:30'),(8114,'a new customer',500000008,'2018-03-11 04:42:30','2018-03-11 04:42:30'),(8115,'a new customer',500000006,'2018-03-11 04:42:30','2018-03-11 04:42:30'),(8116,'a new customer',500000006,'2018-03-11 04:42:30','2018-03-11 04:42:30'),(8117,'a new customer',500000006,'2018-03-11 04:42:30','2018-03-11 04:42:30'),(8118,'a new customer',500000006,'2018-03-11 04:42:30','2018-03-11 04:42:30'),(8119,'a new customer',500000006,'2018-03-11 04:42:30','2018-03-11 04:42:30'),(8120,'a new customer',500000003,'2018-03-11 04:42:30','2018-03-11 04:42:30'),(8121,'a new customer',500000001,'2018-03-11 04:42:30','2018-03-11 04:42:30'),(8122,'a new customer',500000003,'2018-03-11 04:42:30','2018-03-11 04:42:30'),(8123,'a new customer',500000005,'2018-03-11 04:42:30','2018-03-11 04:42:30'),(8124,'a new customer',500000002,'2018-03-11 04:42:30','2018-03-11 04:42:30'),(8125,'a new customer',500000003,'2018-03-11 04:42:30','2018-03-11 04:42:30'),(8126,'a new customer',500000001,'2018-03-11 04:42:30','2018-03-11 04:42:30'),(8127,'a new customer',500000004,'2018-03-11 04:42:30','2018-03-11 04:42:30'),(8128,'a new customer',500000002,'2018-03-11 04:42:30','2018-03-11 04:42:30'),(8129,'a new customer',500000005,'2018-03-11 04:42:30','2018-03-11 04:42:30'),(8130,'a new customer',500000003,'2018-03-11 04:42:30','2018-03-11 04:42:30'),(8131,'a new customer',500000006,'2018-03-11 04:42:30','2018-03-11 04:42:30'),(8132,'a new customer',500000002,'2018-03-11 04:42:30','2018-03-11 04:42:30'),(8133,'a new customer',500000003,'2018-03-11 04:42:30','2018-03-11 04:42:30'),(8134,'a new customer',500000007,'2018-03-11 04:42:30','2018-03-11 04:42:30'),(8135,'a new customer',500000001,'2018-03-11 04:42:30','2018-03-11 04:42:30'),(8136,'a new customer',500000004,'2018-03-11 04:42:30','2018-03-11 04:42:30'),(8137,'a new customer',500000005,'2018-03-11 04:42:30','2018-03-11 04:42:30'),(8138,'a new customer',500000008,'2018-03-11 04:42:30','2018-03-11 04:42:30'),(8139,'a new customer',500000006,'2018-03-11 04:42:30','2018-03-11 04:42:30'),(8140,'a new customer',500000002,'2018-03-11 04:42:30','2018-03-11 04:42:30'),(8141,'a new customer',500000003,'2018-03-11 04:42:30','2018-03-11 04:42:30'),(8142,'a new customer',500000001,'2018-03-11 04:42:30','2018-03-11 04:42:30'),(8143,'a new customer',500000008,'2018-03-11 04:42:30','2018-03-11 04:42:30'),(8144,'a new customer',500000002,'2018-03-11 04:42:30','2018-03-11 04:42:30'),(8145,'a new customer',500000005,'2018-03-11 04:42:30','2018-03-11 04:42:30'),(8146,'a new customer',500000005,'2018-03-11 04:42:30','2018-03-11 04:42:30'),(8147,'a new customer',500000007,'2018-03-11 04:42:30','2018-03-11 04:42:30'),(8148,'a new customer',500000006,'2018-03-11 04:42:30','2018-03-11 04:42:30'),(8149,'a new customer',500000003,'2018-03-11 04:42:30','2018-03-11 04:42:30'),(8150,'a new customer',500000004,'2018-03-11 04:42:30','2018-03-11 04:42:30'),(8151,'a new customer',500000008,'2018-03-11 04:42:30','2018-03-11 04:42:30'),(8152,'a new customer',500000001,'2018-03-11 04:42:30','2018-03-11 04:42:30'),(8153,'a new customer',500000002,'2018-03-11 04:42:30','2018-03-11 04:42:30'),(8154,'a new customer',500000003,'2018-03-11 04:42:30','2018-03-11 04:42:30'),(8155,'a new customer',500000004,'2018-03-11 04:42:30','2018-03-11 04:42:30'),(8156,'a new customer',500000005,'2018-03-11 04:42:30','2018-03-11 04:42:30'),(8157,'a new customer',500000004,'2018-03-11 04:42:30','2018-03-11 04:42:30'),(8158,'a new customer',500000001,'2018-03-11 04:42:30','2018-03-11 04:42:30'),(8159,'a new customer',500000003,'2018-03-11 04:42:30','2018-03-11 04:42:30'),(8160,'a new customer',500000002,'2018-03-11 04:42:30','2018-03-11 04:42:30'),(8161,'a new customer',500000002,'2018-03-11 04:42:30','2018-03-11 04:42:30'),(8162,'a new customer',500000004,'2018-03-11 04:42:30','2018-03-11 04:42:30'),(8163,'a new customer',500000003,'2018-03-11 04:42:30','2018-03-11 04:42:30'),(8164,'a new customer',500000006,'2018-03-11 04:42:30','2018-03-11 04:42:30'),(8165,'a new customer',500000004,'2018-03-11 04:42:30','2018-03-11 04:42:30'),(8166,'a new customer',500000003,'2018-03-11 04:42:30','2018-03-11 04:42:30'),(8167,'a new customer',500000006,'2018-03-11 04:42:30','2018-03-11 04:42:30'),(8168,'a new customer',500000003,'2018-03-11 04:42:30','2018-03-11 04:42:30'),(8169,'a new customer',500000007,'2018-03-11 04:42:30','2018-03-11 04:42:30'),(8170,'a new customer',500000004,'2018-03-11 04:42:30','2018-03-11 04:42:30'),(8171,'a new customer',500000001,'2018-03-11 04:42:30','2018-03-11 04:42:30'),(8172,'a new customer',500000008,'2018-03-11 04:42:30','2018-03-11 04:42:30'),(8173,'a new customer',500000005,'2018-03-11 04:42:30','2018-03-11 04:42:30'),(8174,'a new customer',500000006,'2018-03-11 04:42:30','2018-03-11 04:42:30'),(8175,'a new customer',500000002,'2018-03-11 04:42:30','2018-03-11 04:42:30'),(8176,'a new customer',500000002,'2018-03-11 04:42:30','2018-03-11 04:42:30'),(8177,'a new customer',500000003,'2018-03-11 04:42:30','2018-03-11 04:42:30'),(8178,'a new customer',500000007,'2018-03-11 04:42:30','2018-03-11 04:42:30'),(8179,'a new customer',500000008,'2018-03-11 04:42:30','2018-03-11 04:42:30'),(8180,'a new customer',500000005,'2018-03-11 04:42:30','2018-03-11 04:42:30'),(8181,'a new customer',500000003,'2018-03-11 04:42:30','2018-03-11 04:42:30'),(8182,'a new customer',500000004,'2018-03-11 04:42:30','2018-03-11 04:42:30'),(8183,'a new customer',500000002,'2018-03-11 04:42:30','2018-03-11 04:42:30'),(8184,'a new customer',500000004,'2018-03-11 04:42:30','2018-03-11 04:42:30'),(8185,'a new customer',500000006,'2018-03-11 04:42:30','2018-03-11 04:42:30'),(8186,'a new customer',500000003,'2018-03-11 04:42:30','2018-03-11 04:42:30'),(8187,'a new customer',500000006,'2018-03-11 04:42:30','2018-03-11 04:42:30'),(8188,'a new customer',500000007,'2018-03-11 04:42:30','2018-03-11 04:42:30'),(8189,'a new customer',500000001,'2018-03-11 04:42:30','2018-03-11 04:42:30'),(8190,'a new customer',500000005,'2018-03-11 04:42:30','2018-03-11 04:42:30'),(8191,'a new customer',500000006,'2018-03-11 04:42:30','2018-03-11 04:42:30'),(8192,'a new customer',500000003,'2018-03-11 04:42:30','2018-03-11 04:42:30'),(8193,'a new customer',500000004,'2018-03-11 04:42:30','2018-03-11 04:42:30'),(8194,'a new customer',500000008,'2018-03-11 04:42:30','2018-03-11 04:42:30'),(8195,'a new customer',500000006,'2018-03-11 04:42:30','2018-03-11 04:42:30'),(8196,'a new customer',500000002,'2018-03-11 04:42:30','2018-03-11 04:42:30'),(8197,'a new customer',500000008,'2018-03-11 04:42:30','2018-03-11 04:42:30'),(8198,'a new customer',500000001,'2018-03-11 04:42:30','2018-03-11 04:42:30'),(8199,'a new customer',500000004,'2018-03-11 04:42:30','2018-03-11 04:42:30'),(8200,'a new customer',500000005,'2018-03-11 04:42:30','2018-03-11 04:42:30'),(8201,'a new customer',500000006,'2018-03-11 04:42:30','2018-03-11 04:42:30'),(8202,'a new customer',500000005,'2018-03-11 04:42:30','2018-03-11 04:42:30'),(8203,'a new customer',500000007,'2018-03-11 04:42:30','2018-03-11 04:42:30'),(8204,'a new customer',500000005,'2018-03-11 04:42:30','2018-03-11 04:42:30'),(8205,'a new customer',500000005,'2018-03-11 04:42:30','2018-03-11 04:42:30'),(8206,'a new customer',500000007,'2018-03-11 04:42:30','2018-03-11 04:42:30'),(8207,'a new customer',500000007,'2018-03-11 04:42:30','2018-03-11 04:42:30'),(8208,'a new customer',500000004,'2018-03-11 04:42:30','2018-03-11 04:42:30'),(8209,'a new customer',500000007,'2018-03-11 04:42:30','2018-03-11 04:42:30'),(8210,'a new customer',500000007,'2018-03-11 04:42:30','2018-03-11 04:42:30'),(8211,'a new customer',500000003,'2018-03-11 04:42:30','2018-03-11 04:42:30'),(8212,'a new customer',500000006,'2018-03-11 04:42:30','2018-03-11 04:42:30'),(8213,'a new customer',500000005,'2018-03-11 04:42:30','2018-03-11 04:42:30'),(8214,'a new customer',500000007,'2018-03-11 04:42:30','2018-03-11 04:42:30'),(8215,'a new customer',500000007,'2018-03-11 04:42:30','2018-03-11 04:42:30'),(8216,'a new customer',500000002,'2018-03-11 04:42:30','2018-03-11 04:42:30'),(8217,'a new customer',500000008,'2018-03-11 04:42:30','2018-03-11 04:42:30'),(8218,'a new customer',500000001,'2018-03-11 04:42:30','2018-03-11 04:42:30'),(8219,'a new customer',500000007,'2018-03-11 04:42:30','2018-03-11 04:42:30'),(8220,'a new customer',500000003,'2018-03-11 04:42:30','2018-03-11 04:42:30'),(8221,'a new customer',500000002,'2018-03-11 04:42:30','2018-03-11 04:42:30'),(8222,'a new customer',500000005,'2018-03-11 04:42:30','2018-03-11 04:42:30'),(8223,'a new customer',500000006,'2018-03-11 04:42:30','2018-03-11 04:42:30'),(8224,'a new customer',500000003,'2018-03-11 04:42:30','2018-03-11 04:42:30'),(8225,'a new customer',500000002,'2018-03-11 04:42:30','2018-03-11 04:42:30'),(8226,'a new customer',500000004,'2018-03-11 04:42:30','2018-03-11 04:42:30'),(8227,'a new customer',500000008,'2018-03-11 04:42:30','2018-03-11 04:42:30'),(8228,'a new customer',500000006,'2018-03-11 04:42:30','2018-03-11 04:42:30'),(8229,'a new customer',500000003,'2018-03-11 04:42:30','2018-03-11 04:42:30'),(8230,'a new customer',500000007,'2018-03-11 04:42:30','2018-03-11 04:42:30'),(8231,'a new customer',500000002,'2018-03-11 04:42:30','2018-03-11 04:42:30'),(8232,'a new customer',500000007,'2018-03-11 04:42:30','2018-03-11 04:42:30'),(8233,'a new customer',500000008,'2018-03-11 04:42:30','2018-03-11 04:42:30'),(8234,'a new customer',500000003,'2018-03-11 04:42:30','2018-03-11 04:42:30'),(8235,'a new customer',500000001,'2018-03-11 04:42:30','2018-03-11 04:42:30'),(8236,'a new customer',500000002,'2018-03-11 04:42:30','2018-03-11 04:42:30'),(8237,'a new customer',500000002,'2018-03-11 04:42:30','2018-03-11 04:42:30'),(8238,'a new customer',500000003,'2018-03-11 04:42:30','2018-03-11 04:42:30'),(8239,'a new customer',500000007,'2018-03-11 04:42:30','2018-03-11 04:42:30'),(8240,'a new customer',500000004,'2018-03-11 04:42:30','2018-03-11 04:42:30'),(8241,'a new customer',500000001,'2018-03-11 04:42:30','2018-03-11 04:42:30'),(8242,'a new customer',500000008,'2018-03-11 04:42:30','2018-03-11 04:42:30'),(8243,'a new customer',500000005,'2018-03-11 04:42:30','2018-03-11 04:42:30'),(8244,'a new customer',500000006,'2018-03-11 04:42:30','2018-03-11 04:42:30'),(8245,'a new customer',500000002,'2018-03-11 04:42:30','2018-03-11 04:42:30'),(8246,'a new customer',500000008,'2018-03-11 04:42:30','2018-03-11 04:42:30'),(8247,'a new customer',500000004,'2018-03-11 04:42:30','2018-03-11 04:42:30'),(8248,'a new customer',500000003,'2018-03-11 04:42:30','2018-03-11 04:42:30'),(8249,'a new customer',500000004,'2018-03-11 04:42:30','2018-03-11 04:42:30'),(8250,'a new customer',500000005,'2018-03-11 04:42:30','2018-03-11 04:42:30'),(8251,'a new customer',500000005,'2018-03-11 04:42:30','2018-03-11 04:42:30'),(8252,'a new customer',500000001,'2018-03-11 04:42:30','2018-03-11 04:42:30'),(8253,'a new customer',500000003,'2018-03-11 04:42:30','2018-03-11 04:42:30'),(8254,'a new customer',500000007,'2018-03-11 04:42:30','2018-03-11 04:42:30'),(8255,'a new customer',500000004,'2018-03-11 04:42:30','2018-03-11 04:42:30'),(8256,'a new customer',500000003,'2018-03-11 04:42:30','2018-03-11 04:42:30'),(8257,'a new customer',500000004,'2018-03-11 04:42:30','2018-03-11 04:42:30'),(8258,'a new customer',500000006,'2018-03-11 04:42:30','2018-03-11 04:42:30'),(8259,'a new customer',500000006,'2018-03-11 04:42:30','2018-03-11 04:42:30'),(8260,'a new customer',500000003,'2018-03-11 04:42:30','2018-03-11 04:42:30'),(8261,'a new customer',500000001,'2018-03-11 04:42:30','2018-03-11 04:42:30'),(8262,'a new customer',500000003,'2018-03-11 04:42:30','2018-03-11 04:42:30'),(8263,'a new customer',500000008,'2018-03-11 04:42:30','2018-03-11 04:42:30'),(8264,'a new customer',500000007,'2018-03-11 04:42:30','2018-03-11 04:42:30'),(8265,'a new customer',500000005,'2018-03-11 04:42:30','2018-03-11 04:42:30'),(8266,'a new customer',500000006,'2018-03-11 04:42:30','2018-03-11 04:42:30'),(8267,'a new customer',500000002,'2018-03-11 04:42:30','2018-03-11 04:42:30'),(8268,'a new customer',500000004,'2018-03-11 04:42:30','2018-03-11 04:42:30'),(8269,'a new customer',500000003,'2018-03-11 04:42:30','2018-03-11 04:42:30'),(8270,'a new customer',500000005,'2018-03-11 04:42:30','2018-03-11 04:42:30'),(8271,'a new customer',500000001,'2018-03-11 04:42:30','2018-03-11 04:42:30'),(8272,'a new customer',500000002,'2018-03-11 04:42:30','2018-03-11 04:42:30'),(8273,'a new customer',500000004,'2018-03-11 04:42:30','2018-03-11 04:42:30'),(8274,'a new customer',500000007,'2018-03-11 04:42:30','2018-03-11 04:42:30'),(8275,'a new customer',500000007,'2018-03-11 04:42:30','2018-03-11 04:42:30'),(8276,'a new customer',500000006,'2018-03-11 04:42:30','2018-03-11 04:42:30'),(8277,'a new customer',500000008,'2018-03-11 04:42:30','2018-03-11 04:42:30'),(8278,'a new customer',500000002,'2018-03-11 04:42:30','2018-03-11 04:42:30'),(8279,'a new customer',500000004,'2018-03-11 04:42:30','2018-03-11 04:42:30'),(8280,'a new customer',500000004,'2018-03-11 04:42:30','2018-03-11 04:42:30'),(8281,'a new customer',500000007,'2018-03-11 04:42:30','2018-03-11 04:42:30'),(8282,'a new customer',500000008,'2018-03-11 04:42:30','2018-03-11 04:42:30'),(8283,'a new customer',500000006,'2018-03-11 04:42:30','2018-03-11 04:42:30'),(8284,'a new customer',500000003,'2018-03-11 04:42:30','2018-03-11 04:42:30'),(8285,'a new customer',500000004,'2018-03-11 04:42:30','2018-03-11 04:42:30'),(8286,'a new customer',500000006,'2018-03-11 04:42:30','2018-03-11 04:42:30'),(8287,'a new customer',500000004,'2018-03-11 04:42:30','2018-03-11 04:42:30'),(8288,'a new customer',500000002,'2018-03-11 04:42:30','2018-03-11 04:42:30'),(8289,'a new customer',500000007,'2018-03-11 04:42:30','2018-03-11 04:42:30'),(8290,'a new customer',500000003,'2018-03-11 04:42:30','2018-03-11 04:42:30'),(8291,'a new customer',500000006,'2018-03-11 04:42:30','2018-03-11 04:42:30'),(8292,'a new customer',500000006,'2018-03-11 04:42:30','2018-03-11 04:42:30'),(8293,'a new customer',500000004,'2018-03-11 04:42:30','2018-03-11 04:42:30'),(8294,'a new customer',500000004,'2018-03-11 04:42:30','2018-03-11 04:42:30'),(8295,'a new customer',500000007,'2018-03-11 04:42:30','2018-03-11 04:42:30'),(8296,'a new customer',500000004,'2018-03-11 04:42:30','2018-03-11 04:42:30'),(8297,'a new customer',500000007,'2018-03-11 04:42:30','2018-03-11 04:42:30'),(8298,'a new customer',500000003,'2018-03-11 04:42:30','2018-03-11 04:42:30'),(8299,'a new customer',500000004,'2018-03-11 04:42:30','2018-03-11 04:42:30'),(8300,'a new customer',500000001,'2018-03-11 04:42:30','2018-03-11 04:42:30'),(8301,'a new customer',500000008,'2018-03-11 04:42:30','2018-03-11 04:42:30'),(8302,'a new customer',500000005,'2018-03-11 04:42:30','2018-03-11 04:42:30'),(8303,'a new customer',500000006,'2018-03-11 04:42:30','2018-03-11 04:42:30'),(8304,'a new customer',500000002,'2018-03-11 04:42:30','2018-03-11 04:42:30'),(8305,'a new customer',500000002,'2018-03-11 04:42:30','2018-03-11 04:42:30'),(8306,'a new customer',500000002,'2018-03-11 04:42:30','2018-03-11 04:42:30'),(8307,'a new customer',500000006,'2018-03-11 04:42:30','2018-03-11 04:42:30'),(8308,'a new customer',500000008,'2018-03-11 04:42:30','2018-03-11 04:42:30'),(8309,'a new customer',500000004,'2018-03-11 04:42:30','2018-03-11 04:42:30'),(8310,'a new customer',500000001,'2018-03-11 04:42:30','2018-03-11 04:42:30'),(8311,'a new customer',500000001,'2018-03-11 04:42:30','2018-03-11 04:42:30'),(8312,'a new customer',500000007,'2018-03-11 04:42:30','2018-03-11 04:42:30'),(8313,'a new customer',500000006,'2018-03-11 04:42:30','2018-03-11 04:42:30'),(8314,'a new customer',500000008,'2018-03-11 04:42:30','2018-03-11 04:42:30'),(8315,'a new customer',500000002,'2018-03-11 04:42:30','2018-03-11 04:42:30'),(8316,'a new customer',500000003,'2018-03-11 04:42:30','2018-03-11 04:42:30'),(8317,'a new customer',500000007,'2018-03-11 04:42:30','2018-03-11 04:42:30'),(8318,'a new customer',500000004,'2018-03-11 04:42:30','2018-03-11 04:42:30'),(8319,'a new customer',500000008,'2018-03-11 04:42:30','2018-03-11 04:42:30'),(8320,'a new customer',500000006,'2018-03-11 04:42:30','2018-03-11 04:42:30'),(8321,'a new customer',500000004,'2018-03-11 04:42:30','2018-03-11 04:42:30'),(8322,'a new customer',500000002,'2018-03-11 04:42:30','2018-03-11 04:42:30'),(8323,'a new customer',500000002,'2018-03-11 04:42:30','2018-03-11 04:42:30'),(8324,'a new customer',500000003,'2018-03-11 04:42:30','2018-03-11 04:42:30'),(8325,'a new customer',500000007,'2018-03-11 04:42:30','2018-03-11 04:42:30'),(8326,'a new customer',500000001,'2018-03-11 04:42:30','2018-03-11 04:42:30'),(8327,'a new customer',500000004,'2018-03-11 04:42:30','2018-03-11 04:42:30'),(8328,'a new customer',500000005,'2018-03-11 04:42:30','2018-03-11 04:42:30'),(8329,'a new customer',500000008,'2018-03-11 04:42:30','2018-03-11 04:42:30'),(8330,'a new customer',500000006,'2018-03-11 04:42:30','2018-03-11 04:42:30'),(8331,'a new customer',500000002,'2018-03-11 04:42:30','2018-03-11 04:42:30'),(8332,'a new customer',500000003,'2018-03-11 04:42:30','2018-03-11 04:42:30'),(8333,'a new customer',500000001,'2018-03-11 04:42:30','2018-03-11 04:42:30'),(8334,'a new customer',500000004,'2018-03-11 04:42:30','2018-03-11 04:42:30'),(8335,'a new customer',500000005,'2018-03-11 04:42:30','2018-03-11 04:42:30'),(8336,'a new customer',500000008,'2018-03-11 04:42:30','2018-03-11 04:42:30'),(8337,'a new customer',500000006,'2018-03-11 04:42:30','2018-03-11 04:42:30'),(8338,'a new customer',500000002,'2018-03-11 04:42:30','2018-03-11 04:42:30'),(8339,'a new customer',500000006,'2018-03-11 04:42:30','2018-03-11 04:42:30'),(8340,'a new customer',500000004,'2018-03-11 04:42:30','2018-03-11 04:42:30'),(8341,'a new customer',500000004,'2018-03-11 04:42:30','2018-03-11 04:42:30'),(8342,'a new customer',500000004,'2018-03-11 04:42:30','2018-03-11 04:42:30'),(8343,'a new customer',500000005,'2018-03-11 04:42:30','2018-03-11 04:42:30'),(8344,'a new customer',500000002,'2018-03-11 04:42:30','2018-03-11 04:42:30'),(8345,'a new customer',500000004,'2018-03-11 04:42:30','2018-03-11 04:42:30'),(8346,'a new customer',500000005,'2018-03-11 04:42:30','2018-03-11 04:42:30'),(8347,'a new customer',500000003,'2018-03-11 04:42:30','2018-03-11 04:42:30'),(8348,'a new customer',500000007,'2018-03-11 04:42:30','2018-03-11 04:42:30'),(8349,'a new customer',500000001,'2018-03-11 04:42:30','2018-03-11 04:42:30'),(8350,'a new customer',500000004,'2018-03-11 04:42:30','2018-03-11 04:42:30'),(8351,'a new customer',500000008,'2018-03-11 04:42:30','2018-03-11 04:42:30'),(8352,'a new customer',500000005,'2018-03-11 04:42:30','2018-03-11 04:42:30'),(8353,'a new customer',500000006,'2018-03-11 04:42:30','2018-03-11 04:42:30'),(8354,'a new customer',500000002,'2018-03-11 04:42:30','2018-03-11 04:42:30'),(8355,'a new customer',500000005,'2018-03-11 04:42:30','2018-03-11 04:42:30'),(8356,'a new customer',500000004,'2018-03-11 04:42:30','2018-03-11 04:42:30'),(8357,'a new customer',500000003,'2018-03-11 04:42:30','2018-03-11 04:42:30'),(8358,'a new customer',500000008,'2018-03-11 04:42:30','2018-03-11 04:42:30'),(8359,'a new customer',500000007,'2018-03-11 04:42:30','2018-03-11 04:42:30'),(8360,'a new customer',500000002,'2018-03-11 04:42:30','2018-03-11 04:42:30'),(8361,'a new customer',500000006,'2018-03-11 04:42:30','2018-03-11 04:42:30'),(8362,'a new customer',500000003,'2018-03-11 04:42:30','2018-03-11 04:42:30'),(8363,'a new customer',500000003,'2018-03-11 04:42:30','2018-03-11 04:42:30'),(8364,'a new customer',500000002,'2018-03-11 04:42:30','2018-03-11 04:42:30'),(8365,'a new customer',500000006,'2018-03-11 04:42:30','2018-03-11 04:42:30'),(8366,'a new customer',500000008,'2018-03-11 04:42:30','2018-03-11 04:42:30'),(8367,'a new customer',500000003,'2018-03-11 04:42:30','2018-03-11 04:42:30'),(8368,'a new customer',500000002,'2018-03-11 04:42:30','2018-03-11 04:42:30'),(8369,'a new customer',500000002,'2018-03-11 04:42:30','2018-03-11 04:42:30'),(8370,'a new customer',500000001,'2018-03-11 04:42:30','2018-03-11 04:42:30'),(8371,'a new customer',500000005,'2018-03-11 04:42:30','2018-03-11 04:42:30'),(8372,'a new customer',500000001,'2018-03-11 04:42:30','2018-03-11 04:42:30'),(8373,'a new customer',500000001,'2018-03-11 04:42:30','2018-03-11 04:42:30'),(8374,'a new customer',500000004,'2018-03-11 04:42:30','2018-03-11 04:42:30'),(8375,'a new customer',500000008,'2018-03-11 04:42:30','2018-03-11 04:42:30'),(8376,'a new customer',500000002,'2018-03-11 04:42:30','2018-03-11 04:42:30'),(8377,'a new customer',500000003,'2018-03-11 04:42:30','2018-03-11 04:42:30'),(8378,'a new customer',500000006,'2018-03-11 04:42:30','2018-03-11 04:42:30'),(8379,'a new customer',500000003,'2018-03-11 04:42:30','2018-03-11 04:42:30'),(8380,'a new customer',500000005,'2018-03-11 04:42:30','2018-03-11 04:42:30'),(8381,'a new customer',500000006,'2018-03-11 04:42:30','2018-03-11 04:42:30'),(8382,'a new customer',500000002,'2018-03-11 04:42:30','2018-03-11 04:42:30'),(8383,'a new customer',500000008,'2018-03-11 04:42:30','2018-03-11 04:42:30'),(8384,'a new customer',500000007,'2018-03-11 04:42:30','2018-03-11 04:42:30'),(8385,'a new customer',500000006,'2018-03-11 04:42:30','2018-03-11 04:42:30'),(8386,'a new customer',500000006,'2018-03-11 04:42:30','2018-03-11 04:42:30'),(8387,'a new customer',500000004,'2018-03-11 04:42:30','2018-03-11 04:42:30'),(8388,'a new customer',500000003,'2018-03-11 04:42:30','2018-03-11 04:42:30'),(8389,'a new customer',500000007,'2018-03-11 04:42:30','2018-03-11 04:42:30'),(8390,'a new customer',500000005,'2018-03-11 04:42:30','2018-03-11 04:42:30'),(8391,'a new customer',500000003,'2018-03-11 04:42:30','2018-03-11 04:42:30'),(8392,'a new customer',500000004,'2018-03-11 04:42:30','2018-03-11 04:42:30'),(8393,'a new customer',500000003,'2018-03-11 04:42:30','2018-03-11 04:42:30'),(8394,'a new customer',500000008,'2018-03-11 04:42:30','2018-03-11 04:42:30'),(8395,'a new customer',500000002,'2018-03-11 04:42:30','2018-03-11 04:42:30'),(8396,'a new customer',500000007,'2018-03-11 04:42:30','2018-03-11 04:42:30'),(8397,'a new customer',500000003,'2018-03-11 04:42:30','2018-03-11 04:42:30'),(8398,'a new customer',500000004,'2018-03-11 04:42:30','2018-03-11 04:42:30'),(8399,'a new customer',500000001,'2018-03-11 04:42:30','2018-03-11 04:42:30'),(8400,'a new customer',500000008,'2018-03-11 04:42:30','2018-03-11 04:42:30'),(8401,'a new customer',500000005,'2018-03-11 04:42:30','2018-03-11 04:42:30'),(8402,'a new customer',500000006,'2018-03-11 04:42:30','2018-03-11 04:42:30'),(8403,'a new customer',500000002,'2018-03-11 04:42:30','2018-03-11 04:42:30'),(8404,'a new customer',500000001,'2018-03-11 04:42:30','2018-03-11 04:42:30'),(8405,'a new customer',500000003,'2018-03-11 04:42:30','2018-03-11 04:42:30'),(8406,'a new customer',500000006,'2018-03-11 04:42:30','2018-03-11 04:42:30'),(8407,'a new customer',500000002,'2018-03-11 04:42:30','2018-03-11 04:42:30'),(8408,'a new customer',500000005,'2018-03-11 04:42:30','2018-03-11 04:42:30'),(8409,'a new customer',500000005,'2018-03-11 04:42:30','2018-03-11 04:42:30'),(8410,'a new customer',500000003,'2018-03-11 04:42:30','2018-03-11 04:42:30'),(8411,'a new customer',500000005,'2018-03-11 04:42:30','2018-03-11 04:42:30'),(8412,'a new customer',500000008,'2018-03-11 04:42:30','2018-03-11 04:42:30'),(8413,'a new customer',500000007,'2018-03-11 04:42:30','2018-03-11 04:42:30'),(8414,'a new customer',500000007,'2018-03-11 04:42:30','2018-03-11 04:42:30'),(8415,'a new customer',500000003,'2018-03-11 04:42:30','2018-03-11 04:42:30'),(8416,'a new customer',500000007,'2018-03-11 04:42:30','2018-03-11 04:42:30'),(8417,'a new customer',500000004,'2018-03-11 04:42:30','2018-03-11 04:42:30'),(8418,'a new customer',500000001,'2018-03-11 04:42:30','2018-03-11 04:42:30'),(8419,'a new customer',500000008,'2018-03-11 04:42:30','2018-03-11 04:42:30'),(8420,'a new customer',500000005,'2018-03-11 04:42:30','2018-03-11 04:42:30'),(8421,'a new customer',500000006,'2018-03-11 04:42:30','2018-03-11 04:42:30'),(8422,'a new customer',500000002,'2018-03-11 04:42:30','2018-03-11 04:42:30'),(8423,'a new customer',500000007,'2018-03-11 04:42:30','2018-03-11 04:42:30'),(8424,'a new customer',500000003,'2018-03-11 04:42:30','2018-03-11 04:42:30'),(8425,'a new customer',500000004,'2018-03-11 04:42:30','2018-03-11 04:42:30'),(8426,'a new customer',500000001,'2018-03-11 04:42:30','2018-03-11 04:42:30'),(8427,'a new customer',500000008,'2018-03-11 04:42:30','2018-03-11 04:42:30'),(8428,'a new customer',500000008,'2018-03-11 04:42:30','2018-03-11 04:42:30'),(8429,'a new customer',500000003,'2018-03-11 04:42:30','2018-03-11 04:42:30'),(8430,'a new customer',500000005,'2018-03-11 04:42:30','2018-03-11 04:42:30'),(8431,'a new customer',500000003,'2018-03-11 04:42:30','2018-03-11 04:42:30'),(8432,'a new customer',500000001,'2018-03-11 04:42:30','2018-03-11 04:42:30'),(8433,'a new customer',500000004,'2018-03-11 04:42:30','2018-03-11 04:42:30'),(8434,'a new customer',500000006,'2018-03-11 04:42:30','2018-03-11 04:42:30'),(8435,'a new customer',500000002,'2018-03-11 04:42:30','2018-03-11 04:42:30'),(8436,'a new customer',500000002,'2018-03-11 04:42:30','2018-03-11 04:42:30'),(8437,'a new customer',500000002,'2018-03-11 04:42:30','2018-03-11 04:42:30'),(8438,'a new customer',500000002,'2018-03-11 04:42:30','2018-03-11 04:42:30'),(8439,'a new customer',500000002,'2018-03-11 04:42:30','2018-03-11 04:42:30'),(8440,'a new customer',500000005,'2018-03-11 04:42:30','2018-03-11 04:42:30'),(8441,'a new customer',500000006,'2018-03-11 04:42:30','2018-03-11 04:42:30'),(8442,'a new customer',500000003,'2018-03-11 04:42:30','2018-03-11 04:42:30'),(8443,'a new customer',500000004,'2018-03-11 04:42:30','2018-03-11 04:42:30'),(8444,'a new customer',500000007,'2018-03-11 04:42:30','2018-03-11 04:42:30'),(8445,'a new customer',500000007,'2018-03-11 04:42:30','2018-03-11 04:42:30'),(8446,'a new customer',500000002,'2018-03-11 04:42:30','2018-03-11 04:42:30'),(8447,'a new customer',500000002,'2018-03-11 04:42:30','2018-03-11 04:42:30'),(8448,'a new customer',500000003,'2018-03-11 04:42:30','2018-03-11 04:42:30'),(8449,'a new customer',500000007,'2018-03-11 04:42:30','2018-03-11 04:42:30'),(8450,'a new customer',500000001,'2018-03-11 04:42:30','2018-03-11 04:42:30'),(8451,'a new customer',500000004,'2018-03-11 04:42:30','2018-03-11 04:42:30'),(8452,'a new customer',500000005,'2018-03-11 04:42:30','2018-03-11 04:42:30'),(8453,'a new customer',500000008,'2018-03-11 04:42:30','2018-03-11 04:42:30'),(8454,'a new customer',500000006,'2018-03-11 04:42:30','2018-03-11 04:42:30'),(8455,'a new customer',500000002,'2018-03-11 04:42:30','2018-03-11 04:42:30'),(8456,'a new customer',500000002,'2018-03-11 04:42:30','2018-03-11 04:42:30'),(8457,'a new customer',500000001,'2018-03-11 04:42:30','2018-03-11 04:42:30'),(8458,'a new customer',500000002,'2018-03-11 04:42:30','2018-03-11 04:42:30'),(8459,'a new customer',500000005,'2018-03-11 04:42:30','2018-03-11 04:42:30'),(8460,'a new customer',500000002,'2018-03-11 04:42:30','2018-03-11 04:42:30'),(8461,'a new customer',500000003,'2018-03-11 04:42:30','2018-03-11 04:42:30'),(8462,'a new customer',500000001,'2018-03-11 04:42:30','2018-03-11 04:42:30'),(8463,'a new customer',500000005,'2018-03-11 04:42:30','2018-03-11 04:42:30'),(8464,'a new customer',500000008,'2018-03-11 04:42:30','2018-03-11 04:42:30'),(8465,'a new customer',500000008,'2018-03-11 04:42:30','2018-03-11 04:42:30'),(8466,'a new customer',500000007,'2018-03-11 04:42:30','2018-03-11 04:42:30'),(8467,'a new customer',500000002,'2018-03-11 04:42:30','2018-03-11 04:42:30'),(8468,'a new customer',500000002,'2018-03-11 04:42:30','2018-03-11 04:42:30'),(8469,'a new customer',500000003,'2018-03-11 04:42:30','2018-03-11 04:42:30'),(8470,'a new customer',500000006,'2018-03-11 04:42:30','2018-03-11 04:42:30'),(8471,'a new customer',500000003,'2018-03-11 04:42:30','2018-03-11 04:42:30'),(8472,'a new customer',500000003,'2018-03-11 04:42:30','2018-03-11 04:42:30'),(8473,'a new customer',500000003,'2018-03-11 04:42:30','2018-03-11 04:42:30'),(8474,'a new customer',500000003,'2018-03-11 04:42:30','2018-03-11 04:42:30'),(8475,'a new customer',500000006,'2018-03-11 04:42:30','2018-03-11 04:42:30'),(8476,'a new customer',500000002,'2018-03-11 04:42:30','2018-03-11 04:42:30'),(8477,'a new customer',500000003,'2018-03-11 04:42:30','2018-03-11 04:42:30'),(8478,'a new customer',500000003,'2018-03-11 04:42:30','2018-03-11 04:42:30'),(8479,'a new customer',500000003,'2018-03-11 04:42:30','2018-03-11 04:42:30'),(8480,'a new customer',500000007,'2018-03-11 04:42:30','2018-03-11 04:42:30'),(8481,'a new customer',500000004,'2018-03-11 04:42:30','2018-03-11 04:42:30'),(8482,'a new customer',500000001,'2018-03-11 04:42:30','2018-03-11 04:42:30'),(8483,'a new customer',500000008,'2018-03-11 04:42:30','2018-03-11 04:42:30'),(8484,'a new customer',500000005,'2018-03-11 04:42:30','2018-03-11 04:42:30'),(8485,'a new customer',500000006,'2018-03-11 04:42:30','2018-03-11 04:42:30'),(8486,'a new customer',500000002,'2018-03-11 04:42:30','2018-03-11 04:42:30'),(8487,'a new customer',500000003,'2018-03-11 04:42:30','2018-03-11 04:42:30'),(8488,'a new customer',500000005,'2018-03-11 04:42:30','2018-03-11 04:42:30'),(8489,'a new customer',500000002,'2018-03-11 04:42:30','2018-03-11 04:42:30'),(8490,'a new customer',500000001,'2018-03-11 04:42:30','2018-03-11 04:42:30'),(8491,'a new customer',500000003,'2018-03-11 04:42:30','2018-03-11 04:42:30'),(8492,'a new customer',500000001,'2018-03-11 04:42:30','2018-03-11 04:42:30'),(8493,'a new customer',500000003,'2018-03-11 04:42:30','2018-03-11 04:42:30'),(8494,'a new customer',500000005,'2018-03-11 04:42:30','2018-03-11 04:42:30'),(8495,'a new customer',500000004,'2018-03-11 04:42:30','2018-03-11 04:42:30'),(8496,'a new customer',500000008,'2018-03-11 04:42:30','2018-03-11 04:42:30'),(8497,'a new customer',500000007,'2018-03-11 04:42:30','2018-03-11 04:42:30'),(8498,'a new customer',500000004,'2018-03-11 04:42:30','2018-03-11 04:42:30'),(8499,'a new customer',500000004,'2018-03-11 04:42:30','2018-03-11 04:42:30'),(8500,'a new customer',500000003,'2018-03-11 04:42:30','2018-03-11 04:42:30'),(8501,'a new customer',500000004,'2018-03-11 04:42:30','2018-03-11 04:42:30'),(8502,'a new customer',500000004,'2018-03-11 04:42:30','2018-03-11 04:42:30'),(8503,'a new customer',500000004,'2018-03-11 04:42:30','2018-03-11 04:42:30'),(8504,'a new customer',500000004,'2018-03-11 04:42:30','2018-03-11 04:42:30'),(8505,'a new customer',500000002,'2018-03-11 04:42:30','2018-03-11 04:42:30'),(8506,'a new customer',500000003,'2018-03-11 04:42:30','2018-03-11 04:42:30'),(8507,'a new customer',500000006,'2018-03-11 04:42:30','2018-03-11 04:42:30'),(8508,'a new customer',500000001,'2018-03-11 04:42:30','2018-03-11 04:42:30'),(8509,'a new customer',500000004,'2018-03-11 04:42:30','2018-03-11 04:42:30'),(8510,'a new customer',500000003,'2018-03-11 04:42:30','2018-03-11 04:42:30'),(8511,'a new customer',500000004,'2018-03-11 04:42:30','2018-03-11 04:42:30'),(8512,'a new customer',500000008,'2018-03-11 04:42:30','2018-03-11 04:42:30'),(8513,'a new customer',500000002,'2018-03-11 04:42:30','2018-03-11 04:42:30'),(8514,'a new customer',500000002,'2018-03-11 04:42:30','2018-03-11 04:42:30'),(8515,'a new customer',500000003,'2018-03-11 04:42:30','2018-03-11 04:42:30'),(8516,'a new customer',500000004,'2018-03-11 04:42:30','2018-03-11 04:42:30'),(8517,'a new customer',500000002,'2018-03-11 04:42:30','2018-03-11 04:42:30'),(8518,'a new customer',500000002,'2018-03-11 04:42:30','2018-03-11 04:42:30'),(8519,'a new customer',500000006,'2018-03-11 04:42:30','2018-03-11 04:42:30'),(8520,'a new customer',500000003,'2018-03-11 04:42:30','2018-03-11 04:42:30'),(8521,'a new customer',500000004,'2018-03-11 04:42:30','2018-03-11 04:42:30'),(8522,'a new customer',500000002,'2018-03-11 04:42:30','2018-03-11 04:42:30'),(8523,'a new customer',500000004,'2018-03-11 04:42:30','2018-03-11 04:42:30'),(8524,'a new customer',500000007,'2018-03-11 04:42:30','2018-03-11 04:42:30'),(8525,'a new customer',500000003,'2018-03-11 04:42:30','2018-03-11 04:42:30'),(8526,'a new customer',500000004,'2018-03-11 04:42:30','2018-03-11 04:42:30'),(8527,'a new customer',500000001,'2018-03-11 04:42:30','2018-03-11 04:42:30'),(8528,'a new customer',500000008,'2018-03-11 04:42:30','2018-03-11 04:42:30'),(8529,'a new customer',500000005,'2018-03-11 04:42:30','2018-03-11 04:42:30'),(8530,'a new customer',500000006,'2018-03-11 04:42:30','2018-03-11 04:42:30'),(8531,'a new customer',500000002,'2018-03-11 04:42:30','2018-03-11 04:42:30'),(8532,'a new customer',500000002,'2018-03-11 04:42:30','2018-03-11 04:42:30'),(8533,'a new customer',500000002,'2018-03-11 04:42:30','2018-03-11 04:42:30'),(8534,'a new customer',500000007,'2018-03-11 04:42:30','2018-03-11 04:42:30'),(8535,'a new customer',500000002,'2018-03-11 04:42:30','2018-03-11 04:42:30'),(8536,'a new customer',500000004,'2018-03-11 04:42:30','2018-03-11 04:42:30'),(8537,'a new customer',500000004,'2018-03-11 04:42:30','2018-03-11 04:42:30'),(8538,'a new customer',500000007,'2018-03-11 04:42:30','2018-03-11 04:42:30'),(8539,'a new customer',500000004,'2018-03-11 04:42:30','2018-03-11 04:42:30'),(8540,'a new customer',500000002,'2018-03-11 04:42:30','2018-03-11 04:42:30'),(8541,'a new customer',500000008,'2018-03-11 04:42:30','2018-03-11 04:42:30'),(8542,'a new customer',500000005,'2018-03-11 04:42:30','2018-03-11 04:42:30'),(8543,'a new customer',500000002,'2018-03-11 04:42:30','2018-03-11 04:42:30'),(8544,'a new customer',500000008,'2018-03-11 04:42:30','2018-03-11 04:42:30'),(8545,'a new customer',500000005,'2018-03-11 04:42:30','2018-03-11 04:42:30'),(8546,'a new customer',500000005,'2018-03-11 04:42:30','2018-03-11 04:42:30'),(8547,'a new customer',500000004,'2018-03-11 04:42:30','2018-03-11 04:42:30'),(8548,'a new customer',500000007,'2018-03-11 04:42:30','2018-03-11 04:42:30'),(8549,'a new customer',500000003,'2018-03-11 04:42:30','2018-03-11 04:42:30'),(8550,'a new customer',500000004,'2018-03-11 04:42:30','2018-03-11 04:42:30'),(8551,'a new customer',500000004,'2018-03-11 04:42:30','2018-03-11 04:42:30'),(8552,'a new customer',500000004,'2018-03-11 04:42:30','2018-03-11 04:42:30'),(8553,'a new customer',500000007,'2018-03-11 04:42:30','2018-03-11 04:42:30'),(8554,'a new customer',500000002,'2018-03-11 04:42:30','2018-03-11 04:42:30'),(8555,'a new customer',500000004,'2018-03-11 04:42:30','2018-03-11 04:42:30'),(8556,'a new customer',500000002,'2018-03-11 04:42:30','2018-03-11 04:42:30'),(8557,'a new customer',500000005,'2018-03-11 04:42:30','2018-03-11 04:42:30'),(8558,'a new customer',500000005,'2018-03-11 04:42:30','2018-03-11 04:42:30'),(8559,'a new customer',500000001,'2018-03-11 04:42:30','2018-03-11 04:42:30'),(8560,'a new customer',500000001,'2018-03-11 04:42:30','2018-03-11 04:42:30'),(8561,'a new customer',500000006,'2018-03-11 04:42:30','2018-03-11 04:42:30'),(8562,'a new customer',500000004,'2018-03-11 04:42:30','2018-03-11 04:42:30'),(8563,'a new customer',500000008,'2018-03-11 04:42:30','2018-03-11 04:42:30'),(8564,'a new customer',500000003,'2018-03-11 04:42:30','2018-03-11 04:42:30'),(8565,'a new customer',500000007,'2018-03-11 04:42:30','2018-03-11 04:42:30'),(8566,'a new customer',500000001,'2018-03-11 04:42:30','2018-03-11 04:42:30'),(8567,'a new customer',500000004,'2018-03-11 04:42:30','2018-03-11 04:42:30'),(8568,'a new customer',500000005,'2018-03-11 04:42:30','2018-03-11 04:42:30'),(8569,'a new customer',500000008,'2018-03-11 04:42:30','2018-03-11 04:42:30'),(8570,'a new customer',500000006,'2018-03-11 04:42:30','2018-03-11 04:42:30'),(8571,'a new customer',500000002,'2018-03-11 04:42:30','2018-03-11 04:42:30'),(8572,'a new customer',500000003,'2018-03-11 04:42:30','2018-03-11 04:42:30'),(8573,'a new customer',500000007,'2018-03-11 04:42:30','2018-03-11 04:42:30'),(8574,'a new customer',500000001,'2018-03-11 04:42:30','2018-03-11 04:42:30'),(8575,'a new customer',500000004,'2018-03-11 04:42:30','2018-03-11 04:42:30'),(8576,'a new customer',500000005,'2018-03-11 04:42:30','2018-03-11 04:42:30'),(8577,'a new customer',500000008,'2018-03-11 04:42:30','2018-03-11 04:42:30'),(8578,'a new customer',500000006,'2018-03-11 04:42:30','2018-03-11 04:42:30'),(8579,'a new customer',500000002,'2018-03-11 04:42:30','2018-03-11 04:42:30'),(8580,'a new customer',500000003,'2018-03-11 04:42:30','2018-03-11 04:42:30'),(8581,'a new customer',500000002,'2018-03-11 04:42:30','2018-03-11 04:42:30'),(8582,'a new customer',500000004,'2018-03-11 04:42:30','2018-03-11 04:42:30'),(8583,'a new customer',500000003,'2018-03-11 04:42:30','2018-03-11 04:42:30'),(8584,'a new customer',500000006,'2018-03-11 04:42:30','2018-03-11 04:42:30'),(8585,'a new customer',500000004,'2018-03-11 04:42:30','2018-03-11 04:42:30'),(8586,'a new customer',500000006,'2018-03-11 04:42:30','2018-03-11 04:42:30'),(8587,'a new customer',500000003,'2018-03-11 04:42:30','2018-03-11 04:42:30'),(8588,'a new customer',500000003,'2018-03-11 04:42:30','2018-03-11 04:42:30'),(8589,'a new customer',500000007,'2018-03-11 04:42:30','2018-03-11 04:42:30'),(8590,'a new customer',500000003,'2018-03-11 04:42:30','2018-03-11 04:42:30'),(8591,'a new customer',500000001,'2018-03-11 04:42:30','2018-03-11 04:42:30'),(8592,'a new customer',500000005,'2018-03-11 04:42:30','2018-03-11 04:42:30'),(8593,'a new customer',500000002,'2018-03-11 04:42:30','2018-03-11 04:42:30'),(8594,'a new customer',500000007,'2018-03-11 04:42:30','2018-03-11 04:42:30'),(8595,'a new customer',500000003,'2018-03-11 04:42:30','2018-03-11 04:42:30'),(8596,'a new customer',500000002,'2018-03-11 04:42:30','2018-03-11 04:42:30'),(8597,'a new customer',500000006,'2018-03-11 04:42:30','2018-03-11 04:42:30'),(8598,'a new customer',500000003,'2018-03-11 04:42:30','2018-03-11 04:42:30'),(8599,'a new customer',500000007,'2018-03-11 04:42:30','2018-03-11 04:42:30'),(8600,'a new customer',500000003,'2018-03-11 04:42:30','2018-03-11 04:42:30'),(8601,'a new customer',500000002,'2018-03-11 04:42:30','2018-03-11 04:42:30'),(8602,'a new customer',500000008,'2018-03-11 04:42:30','2018-03-11 04:42:30'),(8603,'a new customer',500000004,'2018-03-11 04:42:30','2018-03-11 04:42:30'),(8604,'a new customer',500000007,'2018-03-11 04:42:30','2018-03-11 04:42:30'),(8605,'a new customer',500000005,'2018-03-11 04:42:30','2018-03-11 04:42:30'),(8606,'a new customer',500000008,'2018-03-11 04:42:30','2018-03-11 04:42:30'),(8607,'a new customer',500000001,'2018-03-11 04:42:30','2018-03-11 04:42:30'),(8608,'a new customer',500000007,'2018-03-11 04:42:30','2018-03-11 04:42:30'),(8609,'a new customer',500000004,'2018-03-11 04:42:30','2018-03-11 04:42:30'),(8610,'a new customer',500000006,'2018-03-11 04:42:30','2018-03-11 04:42:30'),(8611,'a new customer',500000002,'2018-03-11 04:42:30','2018-03-11 04:42:30'),(8612,'a new customer',500000003,'2018-03-11 04:42:30','2018-03-11 04:42:30'),(8613,'a new customer',500000003,'2018-03-11 04:42:30','2018-03-11 04:42:30'),(8614,'a new customer',500000007,'2018-03-11 04:42:30','2018-03-11 04:42:30'),(8615,'a new customer',500000001,'2018-03-11 04:42:30','2018-03-11 04:42:30'),(8616,'a new customer',500000004,'2018-03-11 04:42:30','2018-03-11 04:42:30'),(8617,'a new customer',500000008,'2018-03-11 04:42:30','2018-03-11 04:42:30'),(8618,'a new customer',500000005,'2018-03-11 04:42:30','2018-03-11 04:42:30'),(8619,'a new customer',500000006,'2018-03-11 04:42:30','2018-03-11 04:42:30'),(8620,'a new customer',500000002,'2018-03-11 04:42:30','2018-03-11 04:42:30'),(8621,'a new customer',500000005,'2018-03-11 04:42:30','2018-03-11 04:42:30'),(8622,'a new customer',500000002,'2018-03-11 04:42:30','2018-03-11 04:42:30'),(8623,'a new customer',500000007,'2018-03-11 04:42:30','2018-03-11 04:42:30'),(8624,'a new customer',500000003,'2018-03-11 04:42:30','2018-03-11 04:42:30'),(8625,'a new customer',500000007,'2018-03-11 04:42:30','2018-03-11 04:42:30'),(8626,'a new customer',500000002,'2018-03-11 04:42:30','2018-03-11 04:42:30'),(8627,'a new customer',500000001,'2018-03-11 04:42:30','2018-03-11 04:42:30'),(8628,'a new customer',500000006,'2018-03-11 04:42:30','2018-03-11 04:42:30'),(8629,'a new customer',500000002,'2018-03-11 04:42:30','2018-03-11 04:42:30'),(8630,'a new customer',500000005,'2018-03-11 04:42:30','2018-03-11 04:42:30'),(8631,'a new customer',500000004,'2018-03-11 04:42:30','2018-03-11 04:42:30'),(8632,'a new customer',500000002,'2018-03-11 04:42:30','2018-03-11 04:42:30'),(8633,'a new customer',500000006,'2018-03-11 04:42:30','2018-03-11 04:42:30'),(8634,'a new customer',500000004,'2018-03-11 04:42:30','2018-03-11 04:42:30'),(8635,'a new customer',500000003,'2018-03-11 04:42:30','2018-03-11 04:42:30'),(8636,'a new customer',500000003,'2018-03-11 04:42:30','2018-03-11 04:42:30'),(8637,'a new customer',500000007,'2018-03-11 04:42:30','2018-03-11 04:42:30'),(8638,'a new customer',500000005,'2018-03-11 04:42:30','2018-03-11 04:42:30'),(8639,'a new customer',500000008,'2018-03-11 04:42:30','2018-03-11 04:42:30'),(8640,'a new customer',500000005,'2018-03-11 04:42:30','2018-03-11 04:42:30'),(8641,'a new customer',500000008,'2018-03-11 04:42:30','2018-03-11 04:42:30'),(8642,'a new customer',500000005,'2018-03-11 04:42:30','2018-03-11 04:42:30'),(8643,'a new customer',500000005,'2018-03-11 04:42:30','2018-03-11 04:42:30'),(8644,'a new customer',500000008,'2018-03-11 04:42:30','2018-03-11 04:42:30'),(8645,'a new customer',500000003,'2018-03-11 04:42:30','2018-03-11 04:42:30'),(8646,'a new customer',500000007,'2018-03-11 04:42:30','2018-03-11 04:42:30'),(8647,'a new customer',500000001,'2018-03-11 04:42:30','2018-03-11 04:42:30'),(8648,'a new customer',500000004,'2018-03-11 04:42:30','2018-03-11 04:42:30'),(8649,'a new customer',500000002,'2018-03-11 04:42:30','2018-03-11 04:42:30'),(8650,'a new customer',500000005,'2018-03-11 04:42:30','2018-03-11 04:42:30'),(8651,'a new customer',500000007,'2018-03-11 04:42:30','2018-03-11 04:42:30'),(8652,'a new customer',500000004,'2018-03-11 04:42:30','2018-03-11 04:42:30'),(8653,'a new customer',500000003,'2018-03-11 04:42:30','2018-03-11 04:42:30'),(8654,'a new customer',500000002,'2018-03-11 04:42:30','2018-03-11 04:42:30'),(8655,'a new customer',500000008,'2018-03-11 04:42:30','2018-03-11 04:42:30'),(8656,'a new customer',500000005,'2018-03-11 04:42:30','2018-03-11 04:42:30'),(8657,'a new customer',500000007,'2018-03-11 04:42:30','2018-03-11 04:42:30'),(8658,'a new customer',500000007,'2018-03-11 04:42:30','2018-03-11 04:42:30'),(8659,'a new customer',500000007,'2018-03-11 04:42:30','2018-03-11 04:42:30'),(8660,'a new customer',500000007,'2018-03-11 04:42:30','2018-03-11 04:42:30'),(8661,'a new customer',500000006,'2018-03-11 04:42:30','2018-03-11 04:42:30'),(8662,'a new customer',500000002,'2018-03-11 04:42:30','2018-03-11 04:42:30'),(8663,'a new customer',500000005,'2018-03-11 04:42:30','2018-03-11 04:42:30'),(8664,'a new customer',500000004,'2018-03-11 04:42:30','2018-03-11 04:42:30'),(8665,'a new customer',500000001,'2018-03-11 04:42:30','2018-03-11 04:42:30'),(8666,'a new customer',500000005,'2018-03-11 04:42:30','2018-03-11 04:42:30'),(8667,'a new customer',500000008,'2018-03-11 04:42:30','2018-03-11 04:42:30'),(8668,'a new customer',500000005,'2018-03-11 04:42:30','2018-03-11 04:42:30'),(8669,'a new customer',500000004,'2018-03-11 04:42:30','2018-03-11 04:42:30'),(8670,'a new customer',500000002,'2018-03-11 04:42:30','2018-03-11 04:42:30'),(8671,'a new customer',500000006,'2018-03-11 04:42:30','2018-03-11 04:42:30'),(8672,'a new customer',500000008,'2018-03-11 04:42:30','2018-03-11 04:42:30'),(8673,'a new customer',500000002,'2018-03-11 04:42:30','2018-03-11 04:42:30'),(8674,'a new customer',500000002,'2018-03-11 04:42:30','2018-03-11 04:42:30'),(8675,'a new customer',500000005,'2018-03-11 04:42:30','2018-03-11 04:42:30'),(8676,'a new customer',500000008,'2018-03-11 04:42:30','2018-03-11 04:42:30'),(8677,'a new customer',500000007,'2018-03-11 04:42:30','2018-03-11 04:42:30'),(8678,'a new customer',500000003,'2018-03-11 04:42:30','2018-03-11 04:42:30'),(8679,'a new customer',500000001,'2018-03-11 04:42:30','2018-03-11 04:42:30'),(8680,'a new customer',500000004,'2018-03-11 04:42:30','2018-03-11 04:42:30'),(8681,'a new customer',500000008,'2018-03-11 04:42:30','2018-03-11 04:42:30'),(8682,'a new customer',500000005,'2018-03-11 04:42:30','2018-03-11 04:42:30'),(8683,'a new customer',500000006,'2018-03-11 04:42:30','2018-03-11 04:42:30'),(8684,'a new customer',500000002,'2018-03-11 04:42:30','2018-03-11 04:42:30'),(8685,'a new customer',500000005,'2018-03-11 04:42:30','2018-03-11 04:42:30'),(8686,'a new customer',500000005,'2018-03-11 04:42:30','2018-03-11 04:42:30'),(8687,'a new customer',500000004,'2018-03-11 04:42:30','2018-03-11 04:42:30'),(8688,'a new customer',500000003,'2018-03-11 04:42:30','2018-03-11 04:42:30'),(8689,'a new customer',500000007,'2018-03-11 04:42:30','2018-03-11 04:42:30'),(8690,'a new customer',500000002,'2018-03-11 04:42:30','2018-03-11 04:42:30'),(8691,'a new customer',500000003,'2018-03-11 04:42:30','2018-03-11 04:42:30'),(8692,'a new customer',500000003,'2018-03-11 04:42:30','2018-03-11 04:42:30'),(8693,'a new customer',500000007,'2018-03-11 04:42:30','2018-03-11 04:42:30'),(8694,'a new customer',500000007,'2018-03-11 04:42:30','2018-03-11 04:42:30'),(8695,'a new customer',500000003,'2018-03-11 04:42:30','2018-03-11 04:42:30'),(8696,'a new customer',500000001,'2018-03-11 04:42:30','2018-03-11 04:42:30'),(8697,'a new customer',500000004,'2018-03-11 04:42:30','2018-03-11 04:42:30'),(8698,'a new customer',500000008,'2018-03-11 04:42:30','2018-03-11 04:42:30'),(8699,'a new customer',500000005,'2018-03-11 04:42:30','2018-03-11 04:42:30'),(8700,'a new customer',500000006,'2018-03-11 04:42:30','2018-03-11 04:42:30'),(8701,'a new customer',500000002,'2018-03-11 04:42:30','2018-03-11 04:42:30'),(8702,'a new customer',500000002,'2018-03-11 04:42:30','2018-03-11 04:42:30'),(8703,'a new customer',500000005,'2018-03-11 04:42:30','2018-03-11 04:42:30'),(8704,'a new customer',500000006,'2018-03-11 04:42:30','2018-03-11 04:42:30'),(8705,'a new customer',500000002,'2018-03-11 04:42:30','2018-03-11 04:42:30'),(8706,'a new customer',500000007,'2018-03-11 04:42:30','2018-03-11 04:42:30'),(8707,'a new customer',500000006,'2018-03-11 04:42:30','2018-03-11 04:42:30'),(8708,'a new customer',500000008,'2018-03-11 04:42:30','2018-03-11 04:42:30'),(8709,'a new customer',500000003,'2018-03-11 04:42:30','2018-03-11 04:42:30'),(8710,'a new customer',500000007,'2018-03-11 04:42:30','2018-03-11 04:42:30'),(8711,'a new customer',500000001,'2018-03-11 04:42:30','2018-03-11 04:42:30'),(8712,'a new customer',500000004,'2018-03-11 04:42:30','2018-03-11 04:42:30'),(8713,'a new customer',500000005,'2018-03-11 04:42:30','2018-03-11 04:42:30'),(8714,'a new customer',500000008,'2018-03-11 04:42:30','2018-03-11 04:42:30'),(8715,'a new customer',500000006,'2018-03-11 04:42:30','2018-03-11 04:42:30'),(8716,'a new customer',500000002,'2018-03-11 04:42:30','2018-03-11 04:42:30'),(8717,'a new customer',500000003,'2018-03-11 04:42:30','2018-03-11 04:42:30'),(8718,'a new customer',500000002,'2018-03-11 04:42:30','2018-03-11 04:42:30'),(8719,'a new customer',500000008,'2018-03-11 04:42:30','2018-03-11 04:42:30'),(8720,'a new customer',500000004,'2018-03-11 04:42:30','2018-03-11 04:42:30'),(8721,'a new customer',500000004,'2018-03-11 04:42:30','2018-03-11 04:42:30'),(8722,'a new customer',500000004,'2018-03-11 04:42:30','2018-03-11 04:42:30'),(8723,'a new customer',500000004,'2018-03-11 04:42:30','2018-03-11 04:42:30'),(8724,'a new customer',500000007,'2018-03-11 04:42:30','2018-03-11 04:42:30'),(8725,'a new customer',500000003,'2018-03-11 04:42:30','2018-03-11 04:42:30'),(8726,'a new customer',500000001,'2018-03-11 04:42:30','2018-03-11 04:42:30'),(8727,'a new customer',500000004,'2018-03-11 04:42:30','2018-03-11 04:42:30'),(8728,'a new customer',500000008,'2018-03-11 04:42:30','2018-03-11 04:42:30'),(8729,'a new customer',500000005,'2018-03-11 04:42:30','2018-03-11 04:42:30'),(8730,'a new customer',500000006,'2018-03-11 04:42:30','2018-03-11 04:42:30'),(8731,'a new customer',500000002,'2018-03-11 04:42:30','2018-03-11 04:42:30'),(8732,'a new customer',500000002,'2018-03-11 04:42:30','2018-03-11 04:42:30'),(8733,'a new customer',500000001,'2018-03-11 04:42:30','2018-03-11 04:42:30'),(8734,'a new customer',500000006,'2018-03-11 04:42:30','2018-03-11 04:42:30'),(8735,'a new customer',500000004,'2018-03-11 04:42:30','2018-03-11 04:42:30'),(8736,'a new customer',500000002,'2018-03-11 04:42:30','2018-03-11 04:42:30'),(8737,'a new customer',500000008,'2018-03-11 04:42:30','2018-03-11 04:42:30'),(8738,'a new customer',500000005,'2018-03-11 04:42:30','2018-03-11 04:42:30'),(8739,'a new customer',500000003,'2018-03-11 04:42:30','2018-03-11 04:42:30'),(8740,'a new customer',500000007,'2018-03-11 04:42:30','2018-03-11 04:42:30'),(8741,'a new customer',500000001,'2018-03-11 04:42:30','2018-03-11 04:42:30'),(8742,'a new customer',500000004,'2018-03-11 04:42:30','2018-03-11 04:42:30'),(8743,'a new customer',500000005,'2018-03-11 04:42:30','2018-03-11 04:42:30'),(8744,'a new customer',500000008,'2018-03-11 04:42:30','2018-03-11 04:42:30'),(8745,'a new customer',500000006,'2018-03-11 04:42:30','2018-03-11 04:42:30'),(8746,'a new customer',500000002,'2018-03-11 04:42:30','2018-03-11 04:42:30'),(8747,'a new customer',500000005,'2018-03-11 04:42:30','2018-03-11 04:42:30'),(8748,'a new customer',500000002,'2018-03-11 04:42:30','2018-03-11 04:42:30'),(8749,'a new customer',500000003,'2018-03-11 04:42:30','2018-03-11 04:42:30'),(8750,'a new customer',500000001,'2018-03-11 04:42:30','2018-03-11 04:42:30'),(8751,'a new customer',500000005,'2018-03-11 04:42:30','2018-03-11 04:42:30'),(8752,'a new customer',500000003,'2018-03-11 04:42:30','2018-03-11 04:42:30'),(8753,'a new customer',500000006,'2018-03-11 04:42:30','2018-03-11 04:42:30'),(8754,'a new customer',500000004,'2018-03-11 04:42:30','2018-03-11 04:42:30'),(8755,'a new customer',500000002,'2018-03-11 04:42:30','2018-03-11 04:42:30'),(8756,'a new customer',500000006,'2018-03-11 04:42:30','2018-03-11 04:42:30'),(8757,'a new customer',500000004,'2018-03-11 04:42:30','2018-03-11 04:42:30'),(8758,'a new customer',500000006,'2018-03-11 04:42:30','2018-03-11 04:42:30'),(8759,'a new customer',500000004,'2018-03-11 04:42:30','2018-03-11 04:42:30'),(8760,'a new customer',500000004,'2018-03-11 04:42:30','2018-03-11 04:42:30'),(8761,'a new customer',500000006,'2018-03-11 04:42:30','2018-03-11 04:42:30'),(8762,'a new customer',500000008,'2018-03-11 04:42:30','2018-03-11 04:42:30'),(8763,'a new customer',500000004,'2018-03-11 04:42:30','2018-03-11 04:42:30'),(8764,'a new customer',500000001,'2018-03-11 04:42:30','2018-03-11 04:42:30'),(8765,'a new customer',500000003,'2018-03-11 04:42:30','2018-03-11 04:42:30'),(8766,'a new customer',500000001,'2018-03-11 04:42:30','2018-03-11 04:42:30'),(8767,'a new customer',500000001,'2018-03-11 04:42:30','2018-03-11 04:42:30'),(8768,'a new customer',500000004,'2018-03-11 04:42:30','2018-03-11 04:42:30'),(8769,'a new customer',500000005,'2018-03-11 04:42:30','2018-03-11 04:42:30'),(8770,'a new customer',500000004,'2018-03-11 04:42:30','2018-03-11 04:42:30'),(8771,'a new customer',500000007,'2018-03-11 04:42:30','2018-03-11 04:42:30'),(8772,'a new customer',500000002,'2018-03-11 04:42:30','2018-03-11 04:42:30'),(8773,'a new customer',500000004,'2018-03-11 04:42:30','2018-03-11 04:42:30'),(8774,'a new customer',500000006,'2018-03-11 04:42:30','2018-03-11 04:42:30'),(8775,'a new customer',500000001,'2018-03-11 04:42:30','2018-03-11 04:42:30'),(8776,'a new customer',500000005,'2018-03-11 04:42:30','2018-03-11 04:42:30'),(8777,'a new customer',500000003,'2018-03-11 04:42:30','2018-03-11 04:42:30'),(8778,'a new customer',500000003,'2018-03-11 04:42:30','2018-03-11 04:42:30'),(8779,'a new customer',500000002,'2018-03-11 04:42:30','2018-03-11 04:42:30'),(8780,'a new customer',500000004,'2018-03-11 04:42:30','2018-03-11 04:42:30'),(8781,'a new customer',500000006,'2018-03-11 04:42:30','2018-03-11 04:42:30'),(8782,'a new customer',500000001,'2018-03-11 04:42:30','2018-03-11 04:42:30'),(8783,'a new customer',500000002,'2018-03-11 04:42:30','2018-03-11 04:42:30'),(8784,'a new customer',500000003,'2018-03-11 04:42:30','2018-03-11 04:42:30'),(8785,'a new customer',500000007,'2018-03-11 04:42:30','2018-03-11 04:42:30'),(8786,'a new customer',500000003,'2018-03-11 04:42:30','2018-03-11 04:42:30'),(8787,'a new customer',500000007,'2018-03-11 04:42:30','2018-03-11 04:42:30'),(8788,'a new customer',500000001,'2018-03-11 04:42:30','2018-03-11 04:42:30'),(8789,'a new customer',500000004,'2018-03-11 04:42:30','2018-03-11 04:42:30'),(8790,'a new customer',500000008,'2018-03-11 04:42:30','2018-03-11 04:42:30'),(8791,'a new customer',500000005,'2018-03-11 04:42:30','2018-03-11 04:42:30'),(8792,'a new customer',500000006,'2018-03-11 04:42:30','2018-03-11 04:42:30'),(8793,'a new customer',500000002,'2018-03-11 04:42:30','2018-03-11 04:42:30'),(8794,'a new customer',500000003,'2018-03-11 04:42:30','2018-03-11 04:42:30'),(8795,'a new customer',500000002,'2018-03-11 04:42:30','2018-03-11 04:42:30'),(8796,'a new customer',500000005,'2018-03-11 04:42:30','2018-03-11 04:42:30'),(8797,'a new customer',500000003,'2018-03-11 04:42:30','2018-03-11 04:42:30'),(8798,'a new customer',500000005,'2018-03-11 04:42:30','2018-03-11 04:42:30'),(8799,'a new customer',500000003,'2018-03-11 04:42:30','2018-03-11 04:42:30'),(8800,'a new customer',500000002,'2018-03-11 04:42:30','2018-03-11 04:42:30'),(8801,'a new customer',500000003,'2018-03-11 04:42:30','2018-03-11 04:42:30'),(8802,'a new customer',500000003,'2018-03-11 04:42:30','2018-03-11 04:42:30'),(8803,'a new customer',500000004,'2018-03-11 04:42:30','2018-03-11 04:42:30'),(8804,'a new customer',500000004,'2018-03-11 04:42:30','2018-03-11 04:42:30'),(8805,'a new customer',500000001,'2018-03-11 04:42:30','2018-03-11 04:42:30'),(8806,'a new customer',500000002,'2018-03-11 04:42:30','2018-03-11 04:42:30'),(8807,'a new customer',500000001,'2018-03-11 04:42:30','2018-03-11 04:42:30'),(8808,'a new customer',500000002,'2018-03-11 04:42:30','2018-03-11 04:42:30'),(8809,'a new customer',500000003,'2018-03-11 04:42:30','2018-03-11 04:42:30'),(8810,'a new customer',500000003,'2018-03-11 04:42:30','2018-03-11 04:42:30'),(8811,'a new customer',500000007,'2018-03-11 04:42:30','2018-03-11 04:42:30'),(8812,'a new customer',500000001,'2018-03-11 04:42:30','2018-03-11 04:42:30'),(8813,'a new customer',500000004,'2018-03-11 04:42:30','2018-03-11 04:42:30'),(8814,'a new customer',500000008,'2018-03-11 04:42:30','2018-03-11 04:42:30'),(8815,'a new customer',500000005,'2018-03-11 04:42:30','2018-03-11 04:42:30'),(8816,'a new customer',500000006,'2018-03-11 04:42:30','2018-03-11 04:42:30'),(8817,'a new customer',500000002,'2018-03-11 04:42:30','2018-03-11 04:42:30'),(8818,'a new customer',500000002,'2018-03-11 04:42:30','2018-03-11 04:42:30'),(8819,'a new customer',500000004,'2018-03-11 04:42:30','2018-03-11 04:42:30'),(8820,'a new customer',500000006,'2018-03-11 04:42:30','2018-03-11 04:42:30'),(8821,'a new customer',500000002,'2018-03-11 04:42:30','2018-03-11 04:42:30'),(8822,'a new customer',500000003,'2018-03-11 04:42:30','2018-03-11 04:42:30'),(8823,'a new customer',500000002,'2018-03-11 04:42:30','2018-03-11 04:42:30'),(8824,'a new customer',500000003,'2018-03-11 04:42:30','2018-03-11 04:42:30'),(8825,'a new customer',500000002,'2018-03-11 04:42:30','2018-03-11 04:42:30'),(8826,'a new customer',500000002,'2018-03-11 04:42:30','2018-03-11 04:42:30'),(8827,'a new customer',500000001,'2018-03-11 04:42:30','2018-03-11 04:42:30'),(8828,'a new customer',500000003,'2018-03-11 04:42:30','2018-03-11 04:42:30'),(8829,'aashay',500000006,'2018-03-23 03:08:14','2018-03-23 03:08:14'),(8830,'aashay',500000002,'2018-03-23 03:08:23','2018-03-23 03:08:23'),(8831,'a new customer',500000007,'2018-03-23 03:21:45','2018-03-23 03:21:45'),(8832,'a new customer',500000007,'2018-03-23 03:32:50','2018-03-23 03:32:50'),(8833,'a new customer',500000002,'2018-03-23 03:32:57','2018-03-23 03:32:57'),(8834,'a new customer',500000007,'2018-03-23 03:51:18','2018-03-23 03:51:18'),(8835,'a new customer',500000002,'2018-03-23 03:55:04','2018-03-23 03:55:04'),(8836,'a new customer',500000002,'2018-03-23 03:55:13','2018-03-23 03:55:13'),(8837,'a new customer',500000002,'2018-03-23 03:56:15','2018-03-23 03:56:15'),(8838,'a new customer',500000002,'2018-03-23 03:58:08','2018-03-23 03:58:08'),(8839,'a new customer',500000002,'2018-03-23 03:58:28','2018-03-23 03:58:28'),(8840,'a new customer',500000002,'2018-03-23 05:04:52','2018-03-23 05:04:52'),(8841,'a new customer',500000002,'2018-03-23 05:05:42','2018-03-23 05:05:42'),(8842,'a new customer',500000002,'2018-03-23 05:06:04','2018-03-23 05:06:04'),(8843,'a new customer',500000001,'2018-03-23 05:07:02','2018-03-23 05:07:02'),(8844,'a new customer',500000003,'2018-03-23 05:08:24','2018-03-23 05:08:24'),(8845,'a new customer',500000003,'2018-03-23 05:08:33','2018-03-23 05:08:33'),(8846,'a new customer',500000002,'2018-03-23 05:08:43','2018-03-23 05:08:43'),(8847,'a new customer',500000002,'2018-03-23 05:09:20','2018-03-23 05:09:20'),(8848,'a new customer',500000002,'2018-03-23 05:12:03','2018-03-23 05:12:03'),(8849,'a new customer',500000006,'2018-03-23 05:12:10','2018-03-23 05:12:10'),(8850,'a new customer',500000002,'2018-03-23 05:12:15','2018-03-23 05:12:15'),(8851,'a new customer',500000002,'2018-03-23 05:14:01','2018-03-23 05:14:01'),(8852,'a new customer',500000002,'2018-03-23 05:23:26','2018-03-23 05:23:26'),(8853,'a new customer',500000002,'2018-03-23 05:24:15','2018-03-23 05:24:15'),(8854,'a new customer',500000002,'2018-03-23 05:25:29','2018-03-23 05:25:29'),(8855,'a new customer',500000002,'2018-03-23 05:26:56','2018-03-23 05:26:56'),(8856,'a new customer',500000002,'2018-03-23 05:29:53','2018-03-23 05:29:53'),(8857,'a new customer',500000002,'2018-03-23 05:31:09','2018-03-23 05:31:09'),(8858,'a new customer',500000002,'2018-03-23 05:32:22','2018-03-23 05:32:22'),(8859,'a new customer',500000002,'2018-03-23 05:33:45','2018-03-23 05:33:45'),(8860,'a new customer',500000002,'2018-03-23 05:35:22','2018-03-23 05:35:22'),(8861,'a new customer',500000007,'2018-03-23 05:35:54','2018-03-23 05:35:54'),(8862,'a new customer',500000002,'2018-03-23 05:36:10','2018-03-23 05:36:10'),(8863,'a new customer',500000002,'2018-03-23 05:45:32','2018-03-23 05:45:32'),(8864,'a new customer',500000002,'2018-03-23 05:45:39','2018-03-23 05:45:39'),(8865,'a new customer',500000002,'2018-03-23 05:46:45','2018-03-23 05:46:45'),(8866,'a new customer',500000002,'2018-03-23 05:47:22','2018-03-23 05:47:22'),(8867,'a new customer',500000002,'2018-03-23 05:48:25','2018-03-23 05:48:25'),(8868,'a new customer',500000002,'2018-03-23 05:49:12','2018-03-23 05:49:12'),(8869,'a new customer',500000002,'2018-03-23 05:49:40','2018-03-23 05:49:40'),(8870,'a new customer',500000002,'2018-03-24 02:10:11','2018-03-24 02:10:11'),(8871,'a new customer',500000002,'2018-03-24 02:10:16','2018-03-24 02:10:16'),(8872,'a new customer',500000002,'2018-03-24 02:12:11','2018-03-24 02:12:11'),(8873,'a new customer',500000002,'2018-03-24 02:12:22','2018-03-24 02:12:22'),(8874,'a new customer',500000002,'2018-03-24 02:15:47','2018-03-24 02:15:47'),(8875,'a new customer',500000002,'2018-03-24 02:15:49','2018-03-24 02:15:49'),(8876,'a new customer',500000002,'2018-03-24 02:15:52','2018-03-24 02:15:52'),(8877,'a new customer',500000002,'2018-03-24 02:16:09','2018-03-24 02:16:09'),(8878,'a new customer',500000002,'2018-03-24 02:16:15','2018-03-24 02:16:15'),(8879,'a new customer',500000002,'2018-03-24 02:16:26','2018-03-24 02:16:26'),(8880,'a new customer',500000002,'2018-03-24 02:17:44','2018-03-24 02:17:44'),(8881,'a new customer',500000002,'2018-03-24 02:17:47','2018-03-24 02:17:47'),(8882,'a new customer',500000002,'2018-03-24 02:18:49','2018-03-24 02:18:49'),(8883,'a new customer',500000002,'2018-03-24 02:18:56','2018-03-24 02:18:56'),(8884,'a new customer',500000002,'2018-03-24 02:19:33','2018-03-24 02:19:33'),(8885,'a new customer',500000002,'2018-03-24 02:19:38','2018-03-24 02:19:38'),(8886,'a new customer',500000002,'2018-03-24 02:19:59','2018-03-24 02:19:59'),(8887,'a new customer',500000002,'2018-03-24 02:20:51','2018-03-24 02:20:51'),(8888,'a new customer',500000002,'2018-03-24 02:20:53','2018-03-24 02:20:53'),(8889,'a new customer',500000002,'2018-03-24 02:21:08','2018-03-24 02:21:08'),(8890,'a new customer',500000002,'2018-03-24 02:21:47','2018-03-24 02:21:47'),(8891,'a new customer',500000002,'2018-03-24 02:21:48','2018-03-24 02:21:48'),(8892,'a new customer',500000002,'2018-03-24 02:21:59','2018-03-24 02:21:59'),(8893,'a new customer',500000002,'2018-03-24 02:22:01','2018-03-24 02:22:01'),(8894,'a new customer',500000002,'2018-03-24 02:22:52','2018-03-24 02:22:52'),(8895,'a new customer',500000002,'2018-03-24 02:22:57','2018-03-24 02:22:57'),(8896,'a new customer',500000002,'2018-03-24 02:23:32','2018-03-24 02:23:32'),(8897,'a new customer',500000002,'2018-03-24 02:23:34','2018-03-24 02:23:34'),(8898,'a new customer',500000002,'2018-03-24 02:24:01','2018-03-24 02:24:01'),(8899,'a new customer',500000002,'2018-03-24 02:24:40','2018-03-24 02:24:40'),(8900,'a new customer',500000002,'2018-03-24 02:24:42','2018-03-24 02:24:42'),(8901,'a new customer',500000002,'2018-03-24 02:24:44','2018-03-24 02:24:44'),(8902,'a new customer',500000002,'2018-03-24 02:28:43','2018-03-24 02:28:43'),(8903,'a new customer',500000002,'2018-03-24 02:29:04','2018-03-24 02:29:04'),(8904,'a new customer',500000002,'2018-03-24 02:31:10','2018-03-24 02:31:10'),(8905,'a new customer',500000002,'2018-03-24 02:34:28','2018-03-24 02:34:28'),(8906,'a new customer',500000002,'2018-03-24 02:36:00','2018-03-24 02:36:00'),(8907,'a new customer',500000002,'2018-03-24 02:36:44','2018-03-24 02:36:44'),(8908,'a new customer',500000002,'2018-03-24 02:39:11','2018-03-24 02:39:11'),(8909,'a new customer',500000002,'2018-03-24 02:39:42','2018-03-24 02:39:42'),(8910,'a new customer',500000002,'2018-03-24 02:41:22','2018-03-24 02:41:22'),(8911,'a new customer',500000002,'2018-03-24 02:41:30','2018-03-24 02:41:30'),(8912,'a new customer',500000003,'2018-03-24 02:42:00','2018-03-24 02:42:00'),(8913,'a new customer',500000007,'2018-03-24 02:42:06','2018-03-24 02:42:06'),(8914,'a new customer',500000001,'2018-03-24 02:42:08','2018-03-24 02:42:08'),(8915,'a new customer',500000004,'2018-03-24 02:42:10','2018-03-24 02:42:10'),(8916,'a new customer',500000005,'2018-03-24 02:42:19','2018-03-24 02:42:19'),(8917,'a new customer',500000008,'2018-03-24 02:42:20','2018-03-24 02:42:20'),(8918,'a new customer',500000006,'2018-03-24 02:42:21','2018-03-24 02:42:21'),(8919,'a new customer',500000002,'2018-03-24 02:42:29','2018-03-24 02:42:29'),(8920,'a new customer',500000002,'2018-03-24 02:44:43','2018-03-24 02:44:43'),(8921,'a new customer',500000002,'2018-03-24 16:13:43','2018-03-24 16:13:43'),(8922,'a new customer',500000002,'2018-03-24 16:15:21','2018-03-24 16:15:21'),(8923,'a new customer',500000002,'2018-03-25 08:54:30','2018-03-25 08:54:30'),(8924,'a new customer',500000002,'2018-03-25 08:56:52','2018-03-25 08:56:52'),(8925,'a new customer',500000002,'2018-03-25 18:02:22','2018-03-25 18:02:22'),(8926,'a new customer',500000003,'2018-03-26 01:37:43','2018-03-26 01:37:43'),(8927,'a new customer',500000002,'2018-03-26 01:38:00','2018-03-26 01:38:00'),(8928,'a new customer',500000002,'2018-03-26 01:38:12','2018-03-26 01:38:12'),(8929,'a new customer',500000002,'2018-03-26 04:49:26','2018-03-26 04:49:26'),(8930,'a new customer',500000002,'2018-03-26 05:18:47','2018-03-26 05:18:47'),(8931,'a new customer',500000002,'2018-03-26 05:18:50','2018-03-26 05:18:50'),(8932,'a new customer',500000002,'2018-03-26 05:21:15','2018-03-26 05:21:15'),(8933,'a new customer',500000002,'2018-03-26 05:22:33','2018-03-26 05:22:33'),(8934,'a new customer',500000002,'2018-03-26 05:22:55','2018-03-26 05:22:55'),(8935,'a new customer',500000002,'2018-03-26 05:24:30','2018-03-26 05:24:30'),(8936,'a new customer',500000002,'2018-03-26 05:28:06','2018-03-26 05:28:06'),(8937,'a new customer',500000002,'2018-03-26 05:29:10','2018-03-26 05:29:10'),(8938,'a new customer',500000002,'2018-03-26 05:29:44','2018-03-26 05:29:44'),(8939,'a new customer',500000002,'2018-03-26 05:33:40','2018-03-26 05:33:40'),(8940,'a new customer',500000002,'2018-03-26 05:35:58','2018-03-26 05:35:58'),(8941,'a new customer',500000002,'2018-03-26 05:37:28','2018-03-26 05:37:28'),(8942,'a new customer',500000002,'2018-03-26 05:45:41','2018-03-26 05:45:41'),(8943,'a new customer',500000002,'2018-03-26 05:46:48','2018-03-26 05:46:48'),(8944,'a new customer',500000002,'2018-03-26 05:52:23','2018-03-26 05:52:23'),(8945,'a new customer',500000002,'2018-03-26 05:53:04','2018-03-26 05:53:04'),(8946,'a new customer',500000002,'2018-03-26 05:55:16','2018-03-26 05:55:16'),(8947,'a new customer',500000002,'2018-03-26 05:58:00','2018-03-26 05:58:00'),(8948,'a new customer',500000002,'2018-03-26 05:59:57','2018-03-26 05:59:57'),(8949,'a new customer',500000002,'2018-03-26 06:00:33','2018-03-26 06:00:33'),(8950,'a new customer',500000002,'2018-03-26 06:01:46','2018-03-26 06:01:46'),(8951,'a new customer',500000002,'2018-03-26 06:02:05','2018-03-26 06:02:05'),(8952,'a new customer',500000002,'2018-03-26 06:02:27','2018-03-26 06:02:27'),(8953,'a new customer',500000002,'2018-03-26 06:04:43','2018-03-26 06:04:43'),(8954,'a new customer',500000002,'2018-03-26 06:05:12','2018-03-26 06:05:12'),(8955,'a new customer',500000002,'2018-03-26 06:05:40','2018-03-26 06:05:40'),(8956,'a new customer',500000002,'2018-03-26 06:08:30','2018-03-26 06:08:30'),(8957,'a new customer',500000002,'2018-03-26 06:13:38','2018-03-26 06:13:38'),(8958,'a new customer',500000002,'2018-03-26 06:15:22','2018-03-26 06:15:22'),(8959,'a new customer',500000002,'2018-03-26 06:28:44','2018-03-26 06:28:44'),(8960,'a new customer',500000002,'2018-03-26 06:29:08','2018-03-26 06:29:08'),(8961,'a new customer',500000002,'2018-03-26 06:30:03','2018-03-26 06:30:03'),(8962,'a new customer',500000002,'2018-03-26 06:31:02','2018-03-26 06:31:02'),(8963,'a new customer',500000002,'2018-03-26 06:31:22','2018-03-26 06:31:22'),(8964,'a new customer',500000002,'2018-03-26 06:32:36','2018-03-26 06:32:36'),(8965,'a new customer',500000002,'2018-03-26 06:33:05','2018-03-26 06:33:05'),(8966,'a new customer',500000002,'2018-03-26 06:33:38','2018-03-26 06:33:38'),(8967,'a new customer',500000002,'2018-03-26 06:36:05','2018-03-26 06:36:05'),(8968,'a new customer',500000002,'2018-03-26 06:36:16','2018-03-26 06:36:16'),(8969,'a new customer',500000002,'2018-03-26 06:47:21','2018-03-26 06:47:21'),(8970,'a new customer',500000002,'2018-03-26 06:47:57','2018-03-26 06:47:57'),(8971,'a new customer',500000002,'2018-03-26 06:48:15','2018-03-26 06:48:15'),(8972,'a new customer',500000002,'2018-03-26 06:49:16','2018-03-26 06:49:16'),(8973,'a new customer',500000002,'2018-03-26 06:49:31','2018-03-26 06:49:31'),(8974,'a new customer',500000002,'2018-03-26 06:51:32','2018-03-26 06:51:32'),(8975,'a new customer',500000002,'2018-03-26 06:53:24','2018-03-26 06:53:24'),(8976,'a new customer',500000002,'2018-03-26 06:54:23','2018-03-26 06:54:23'),(8977,'a new customer',500000002,'2018-03-26 06:56:34','2018-03-26 06:56:34'),(8978,'a new customer',500000002,'2018-03-26 06:58:34','2018-03-26 06:58:34'),(8979,'a new customer',500000002,'2018-03-26 06:59:09','2018-03-26 06:59:09'),(8980,'a new customer',500000002,'2018-03-26 06:59:51','2018-03-26 06:59:51'),(8981,'a new customer',500000002,'2018-03-26 07:00:50','2018-03-26 07:00:50'),(8982,'a new customer',500000002,'2018-03-26 07:01:35','2018-03-26 07:01:35'),(8983,'a new customer',500000002,'2018-03-26 07:02:08','2018-03-26 07:02:08'),(8984,'a new customer',500000002,'2018-03-26 07:03:23','2018-03-26 07:03:23'),(8985,'a new customer',500000002,'2018-03-26 07:03:34','2018-03-26 07:03:34'),(8986,'a new customer',500000002,'2018-03-26 07:04:44','2018-03-26 07:04:44'),(8987,'a new customer',500000002,'2018-03-26 07:04:51','2018-03-26 07:04:51'),(8988,'a new customer',500000002,'2018-03-26 07:04:53','2018-03-26 07:04:53'),(8989,'a new customer',500000002,'2018-03-26 07:05:43','2018-03-26 07:05:43'),(8990,'a new customer',500000002,'2018-03-26 07:06:14','2018-03-26 07:06:14'),(8991,'a new customer',500000002,'2018-03-26 07:06:44','2018-03-26 07:06:44'),(8992,'a new customer',500000002,'2018-03-26 07:06:57','2018-03-26 07:06:57'),(8993,'a new customer',500000002,'2018-03-26 07:08:00','2018-03-26 07:08:00'),(8994,'a new customer',500000002,'2018-03-26 07:08:10','2018-03-26 07:08:10'),(8995,'a new customer',500000002,'2018-03-26 07:08:18','2018-03-26 07:08:18'),(8996,'a new customer',500000002,'2018-03-26 07:08:22','2018-03-26 07:08:22'),(8997,'a new customer',500000002,'2018-03-26 07:08:24','2018-03-26 07:08:24'),(8998,'a new customer',500000002,'2018-03-26 07:08:26','2018-03-26 07:08:26'),(8999,'a new customer',500000002,'2018-03-26 07:08:27','2018-03-26 07:08:27'),(9000,'a new customer',500000003,'2018-03-26 07:08:33','2018-03-26 07:08:33'),(9001,'a new customer',500000001,'2018-03-26 07:08:38','2018-03-26 07:08:38'),(9002,'a new customer',500000004,'2018-03-26 07:08:42','2018-03-26 07:08:42'),(9003,'a new customer',500000008,'2018-03-26 07:08:47','2018-03-26 07:08:47'),(9004,'a new customer',500000006,'2018-03-26 07:08:51','2018-03-26 07:08:51'),(9005,'a new customer',500000003,'2018-03-26 07:08:54','2018-03-26 07:08:54'),(9006,'a new customer',500000007,'2018-03-26 07:09:00','2018-03-26 07:09:00'),(9007,'a new customer',500000001,'2018-03-26 07:09:20','2018-03-26 07:09:20'),(9008,'a new customer',500000002,'2018-03-26 07:09:32','2018-03-26 07:09:32'),(9009,'a new customer',500000002,'2018-03-26 07:16:10','2018-03-26 07:16:10'),(9010,'a new customer',500000002,'2018-03-26 07:18:11','2018-03-26 07:18:11'),(9011,'a new customer',500000002,'2018-03-26 07:28:28','2018-03-26 07:28:28'),(9012,'a new customer',500000002,'2018-03-26 07:28:47','2018-03-26 07:28:47'),(9013,'a new customer',500000002,'2018-03-26 07:29:36','2018-03-26 07:29:36'),(9014,'a new customer',500000002,'2018-03-26 07:31:20','2018-03-26 07:31:20'),(9015,'a new customer',500000002,'2018-03-26 07:35:48','2018-03-26 07:35:48'),(9016,'a new customer',500000002,'2018-03-26 07:36:23','2018-03-26 07:36:23'),(9017,'a new customer',500000002,'2018-03-26 07:36:43','2018-03-26 07:36:43'),(9018,'a new customer',500000002,'2018-03-26 07:37:56','2018-03-26 07:37:56'),(9019,'a new customer',500000002,'2018-03-26 07:41:16','2018-03-26 07:41:16'),(9020,'a new customer',500000002,'2018-03-26 07:45:59','2018-03-26 07:45:59'),(9021,'a new customer',500000002,'2018-03-26 07:46:38','2018-03-26 07:46:38'),(9022,'a new customer',500000002,'2018-03-26 07:47:51','2018-03-26 07:47:51'),(9023,'a new customer',500000002,'2018-03-26 07:48:26','2018-03-26 07:48:26'),(9024,'a new customer',500000002,'2018-03-26 07:52:40','2018-03-26 07:52:40'),(9025,'a new customer',500000002,'2018-03-26 07:53:34','2018-03-26 07:53:34'),(9026,'a new customer',500000002,'2018-03-26 07:56:04','2018-03-26 07:56:04'),(9027,'a new customer',500000002,'2018-03-26 07:56:08','2018-03-26 07:56:08'),(9028,'a new customer',500000002,'2018-03-26 08:06:11','2018-03-26 08:06:11'),(9029,'a new customer',500000002,'2018-03-27 14:27:08','2018-03-27 14:27:08'),(9030,'a new customer',500000002,'2018-03-27 14:27:18','2018-03-27 14:27:18'),(9031,'a new customer',500000002,'2018-03-30 03:58:13','2018-03-30 03:58:13'),(9032,'a new customer',500000002,'2018-03-30 03:58:33','2018-03-30 03:58:33'),(9033,'a new customer',500000002,'2018-03-30 04:35:20','2018-03-30 04:35:20'),(9034,'a new customer',500000002,'2018-03-30 04:39:33','2018-03-30 04:39:33'),(9035,'a new customer',500000002,'2018-03-30 04:41:19','2018-03-30 04:41:19'),(9036,'a new customer',500000002,'2018-03-30 04:41:51','2018-03-30 04:41:51'),(9037,'a new customer',500000002,'2018-03-30 04:52:14','2018-03-30 04:52:14'),(9038,'a new customer',500000002,'2018-03-30 04:52:41','2018-03-30 04:52:41'),(9039,'a new customer',500000002,'2018-03-30 05:10:47','2018-03-30 05:10:47'),(9040,'a new customer',500000002,'2018-03-30 05:13:03','2018-03-30 05:13:03'),(9041,'a new customer',500000002,'2018-03-30 05:14:18','2018-03-30 05:14:18'),(9042,'a new customer',500000002,'2018-03-30 05:14:39','2018-03-30 05:14:39'),(9043,'a new customer',500000002,'2018-03-30 05:14:52','2018-03-30 05:14:52'),(9044,'a new customer',500000002,'2018-03-30 05:15:18','2018-03-30 05:15:18'),(9045,'a new customer',500000002,'2018-03-30 05:15:49','2018-03-30 05:15:49'),(9046,'a new customer',500000002,'2018-03-30 05:18:10','2018-03-30 05:18:10'),(9047,'a new customer',500000002,'2018-03-30 05:25:53','2018-03-30 05:25:53'),(9048,'a new customer',500000002,'2018-03-30 05:27:01','2018-03-30 05:27:01'),(9049,'a new customer',500000002,'2018-03-30 05:27:15','2018-03-30 05:27:15'),(9050,'a new customer',500000002,'2018-03-30 05:32:06','2018-03-30 05:32:06'),(9051,'a new customer',500000002,'2018-03-30 05:32:42','2018-03-30 05:32:42'),(9052,'a new customer',500000002,'2018-03-30 05:33:11','2018-03-30 05:33:11'),(9053,'a new customer',500000002,'2018-03-30 05:33:13','2018-03-30 05:33:13'),(9054,'a new customer',500000002,'2018-03-30 05:33:26','2018-03-30 05:33:26'),(9055,'a new customer',500000002,'2018-03-30 05:33:54','2018-03-30 05:33:54'),(9056,'a new customer',500000002,'2018-03-30 05:35:07','2018-03-30 05:35:07'),(9057,'a new customer',500000002,'2018-03-30 06:54:55','2018-03-30 06:54:55'),(9058,'a new customer',500000002,'2018-03-30 06:54:59','2018-03-30 06:54:59'),(9059,'a new customer',500000002,'2018-03-30 07:05:02','2018-03-30 07:05:02'),(9060,'a new customer',500000002,'2018-03-30 07:05:17','2018-03-30 07:05:17'),(9061,'a new customer',500000002,'2018-03-30 07:07:13','2018-03-30 07:07:13'),(9062,'a new customer',500000002,'2018-03-30 07:07:43','2018-03-30 07:07:43'),(9063,'a new customer',500000002,'2018-03-30 07:11:09','2018-03-30 07:11:09'),(9064,'a new customer',500000002,'2018-03-30 07:11:52','2018-03-30 07:11:52'),(9065,'a new customer',500000002,'2018-03-30 07:49:37','2018-03-30 07:49:37'),(9066,'a new customer',500000002,'2018-03-30 07:51:59','2018-03-30 07:51:59'),(9067,'a new customer',500000002,'2018-03-30 07:53:23','2018-03-30 07:53:23'),(9068,'a new customer',500000002,'2018-03-31 06:45:44','2018-03-31 06:45:44'),(9069,'a new customer',500000002,'2018-03-31 06:53:56','2018-03-31 06:53:56'),(9070,'a new customer',500000002,'2018-03-31 06:55:59','2018-03-31 06:55:59'),(9071,'a new customer',500000002,'2018-03-31 06:57:18','2018-03-31 06:57:18'),(9072,'a new customer',500000002,'2018-03-31 06:57:31','2018-03-31 06:57:31'),(9073,'a new customer',500000002,'2018-03-31 06:57:42','2018-03-31 06:57:42'),(9074,'a new customer',500000002,'2018-03-31 06:58:50','2018-03-31 06:58:50'),(9075,'a new customer',500000002,'2018-03-31 07:03:35','2018-03-31 07:03:35'),(9076,'a new customer',500000002,'2018-03-31 07:03:41','2018-03-31 07:03:41'),(9077,'a new customer',500000002,'2018-03-31 07:05:01','2018-03-31 07:05:01'),(9078,'a new customer',500000002,'2018-03-31 07:07:11','2018-03-31 07:07:11'),(9079,'a new customer',500000002,'2018-03-31 07:08:47','2018-03-31 07:08:47'),(9080,'a new customer',500000002,'2018-03-31 07:09:44','2018-03-31 07:09:44'),(9081,'a new customer',500000002,'2018-03-31 07:10:29','2018-03-31 07:10:29'),(9082,'a new customer',500000002,'2018-03-31 07:10:51','2018-03-31 07:10:51'),(9083,'a new customer',500000002,'2018-03-31 07:11:13','2018-03-31 07:11:13'),(9084,'a new customer',500000002,'2018-03-31 07:12:19','2018-03-31 07:12:19'),(9085,'a new customer',500000002,'2018-03-31 07:13:11','2018-03-31 07:13:11'),(9086,'a new customer',500000002,'2018-03-31 07:14:48','2018-03-31 07:14:48'),(9087,'a new customer',500000002,'2018-03-31 07:17:42','2018-03-31 07:17:42'),(9088,'a new customer',500000002,'2018-03-31 07:18:18','2018-03-31 07:18:18'),(9089,'a new customer',500000002,'2018-03-31 07:18:36','2018-03-31 07:18:36'),(9090,'a new customer',500000002,'2018-03-31 07:21:43','2018-03-31 07:21:43'),(9091,'a new customer',500000002,'2018-03-31 07:24:24','2018-03-31 07:24:24'),(9092,'a new customer',500000002,'2018-03-31 07:25:12','2018-03-31 07:25:12'),(9093,'a new customer',500000002,'2018-03-31 07:47:18','2018-03-31 07:47:18'),(9094,'a new customer',500000002,'2018-03-31 07:47:25','2018-03-31 07:47:25'),(9095,'a new customer',500000002,'2018-03-31 07:48:25','2018-03-31 07:48:25'),(9096,'a new customer',500000002,'2018-03-31 07:48:57','2018-03-31 07:48:57'),(9097,'a new customer',500000002,'2018-03-31 07:49:13','2018-03-31 07:49:13'),(9098,'a new customer',500000002,'2018-03-31 07:58:31','2018-03-31 07:58:31'),(9099,'a new customer',500000002,'2018-03-31 07:59:06','2018-03-31 07:59:06'),(9100,'a new customer',500000002,'2018-03-31 07:59:25','2018-03-31 07:59:25'),(9101,'a new customer',500000002,'2018-03-31 08:00:33','2018-03-31 08:00:33'),(9102,'a new customer',500000002,'2018-03-31 08:14:07','2018-03-31 08:14:07'),(9103,'a new customer',500000002,'2018-03-31 08:15:33','2018-03-31 08:15:33'),(9104,'a new customer',500000002,'2018-03-31 08:16:21','2018-03-31 08:16:21'),(9105,'a new customer',500000002,'2018-03-31 08:17:36','2018-03-31 08:17:36'),(9106,'a new customer',500000002,'2018-03-31 08:21:45','2018-03-31 08:21:45'),(9107,'a new customer',500000002,'2018-03-31 08:22:11','2018-03-31 08:22:11'),(9108,'a new customer',500000002,'2018-03-31 08:22:21','2018-03-31 08:22:21'),(9109,'a new customer',500000002,'2018-03-31 08:23:08','2018-03-31 08:23:08'),(9110,'a new customer',500000002,'2018-03-31 08:25:47','2018-03-31 08:25:47'),(9111,'a new customer',500000002,'2018-03-31 08:26:27','2018-03-31 08:26:27'),(9112,'a new customer',500000002,'2018-03-31 08:28:31','2018-03-31 08:28:31'),(9113,'a new customer',500000002,'2018-03-31 08:30:22','2018-03-31 08:30:22'),(9114,'a new customer',500000002,'2018-03-31 10:16:34','2018-03-31 10:16:34'),(9115,'a new customer',500000002,'2018-03-31 10:16:51','2018-03-31 10:16:51'),(9116,'a new customer',500000002,'2018-03-31 10:16:56','2018-03-31 10:16:56'),(9117,'a new customer',500000002,'2018-03-31 10:17:08','2018-03-31 10:17:08'),(9118,'a new customer',500000007,'2018-03-31 10:17:19','2018-03-31 10:17:19'),(9119,'a new customer',500000005,'2018-03-31 10:17:26','2018-03-31 10:17:26'),(9120,'a new customer',500000002,'2018-03-31 10:26:57','2018-03-31 10:26:57'),(9121,'a new customer',500000002,'2018-03-31 10:33:21','2018-03-31 10:33:21'),(9122,'a new customer',500000002,'2018-03-31 16:39:55','2018-03-31 16:39:55'),(9123,'a new customer',500000002,'2018-04-01 08:37:26','2018-04-01 08:37:26'),(9124,'a new customer',500000002,'2018-04-01 08:38:09','2018-04-01 08:38:09'),(9125,'a new customer',500000002,'2018-04-01 08:45:16','2018-04-01 08:45:16'),(9126,'a new customer',500000002,'2018-04-01 08:46:18','2018-04-01 08:46:18'),(9127,'a new customer',500000002,'2018-04-01 08:48:20','2018-04-01 08:48:20'),(9128,'a new customer',500000002,'2018-04-01 08:48:43','2018-04-01 08:48:43'),(9129,'a new customer',500000002,'2018-04-01 08:50:04','2018-04-01 08:50:04'),(9130,'a new customer',500000002,'2018-04-01 08:52:58','2018-04-01 08:52:58'),(9131,'a new customer',500000002,'2018-04-01 08:53:19','2018-04-01 08:53:19'),(9132,'a new customer',500000002,'2018-04-01 09:17:45','2018-04-01 09:17:45'),(9133,'a new customer',500000002,'2018-04-01 09:17:52','2018-04-01 09:17:52'),(9134,'a new customer',500000002,'2018-04-01 09:25:41','2018-04-01 09:25:41'),(9135,'a new customer',500000002,'2018-04-01 23:41:05','2018-04-01 23:41:05'),(9136,'a new customer',500000002,'2018-04-04 07:45:01','2018-04-04 07:45:01'),(9137,'a new customer',500000002,'2018-04-04 07:46:51','2018-04-04 07:46:51'),(9138,'a new customer',500000002,'2018-04-04 07:47:32','2018-04-04 07:47:32'),(9139,'a new customer',500000002,'2018-04-04 07:49:37','2018-04-04 07:49:37'),(9140,'a new customer',500000002,'2018-04-04 08:41:44','2018-04-04 08:41:44'),(9141,'a new customer',500000002,'2018-04-04 08:42:43','2018-04-04 08:42:43'),(9142,'a new customer',500000002,'2018-04-04 08:43:08','2018-04-04 08:43:08'),(9143,'a new customer',500000002,'2018-04-07 20:39:28','2018-04-07 20:39:28'),(9144,'a new customer',500000002,'2018-04-07 21:24:12','2018-04-07 21:24:12'),(9145,'a new customer',500000002,'2018-04-07 21:27:52','2018-04-07 21:27:52'),(9146,'a new customer',500000002,'2018-04-07 21:29:05','2018-04-07 21:29:05'),(9147,'a new customer',500000002,'2018-04-07 21:31:35','2018-04-07 21:31:35'),(9148,'a new customer',500000002,'2018-04-07 21:32:40','2018-04-07 21:32:40'),(9149,'a new customer',500000002,'2018-04-07 21:33:29','2018-04-07 21:33:29'),(9150,'a new customer',500000002,'2018-04-07 22:20:25','2018-04-07 22:20:25'),(9151,'a new customer',500000002,'2018-04-09 05:08:04','2018-04-09 05:08:04'),(9152,'a new customer',500000002,'2018-04-22 07:21:57','2018-04-22 07:21:57'),(9153,'a new customer',500000002,'2018-04-22 08:36:52','2018-04-22 08:36:52'),(9154,'a new customer',500000003,'2018-04-22 08:41:49','2018-04-22 08:41:49'),(9155,'a new customer',500000001,'2018-04-22 08:41:54','2018-04-22 08:41:54'),(9156,'a new customer',500000002,'2018-04-22 08:43:34','2018-04-22 08:43:34'),(9157,'a new customer',500000002,'2018-04-22 08:44:48','2018-04-22 08:44:48'),(9158,'a new customer',500000002,'2018-04-22 08:45:02','2018-04-22 08:45:02'),(9159,'a new customer',500000002,'2018-04-22 08:53:36','2018-04-22 08:53:36'),(9160,'a new customer',500000002,'2018-04-22 08:57:37','2018-04-22 08:57:37'),(9161,'a new customer',500000002,'2018-04-22 08:58:52','2018-04-22 08:58:52'),(9162,'a new customer',500000002,'2018-04-22 08:59:50','2018-04-22 08:59:50'),(9163,'a new customer',500000002,'2018-04-22 09:00:08','2018-04-22 09:00:08'),(9164,'a new customer',500000002,'2018-04-22 09:01:02','2018-04-22 09:01:02'),(9165,'a new customer',500000002,'2018-04-22 09:01:12','2018-04-22 09:01:12'),(9166,'a new customer',500000002,'2018-04-22 09:02:15','2018-04-22 09:02:15');
/*!40000 ALTER TABLE `recent_activity` ENABLE KEYS */;
UNLOCK TABLES;

--
-- Table structure for table `reviews`
--

DROP TABLE IF EXISTS `reviews`;
/*!40101 SET @saved_cs_client     = @@character_set_client */;
/*!40101 SET character_set_client = utf8 */;
CREATE TABLE `reviews` (
  `reviewunkid` int(11) NOT NULL,
  `cusunkid` int(11) NOT NULL,
  `vendorunkid` int(11) NOT NULL,
  `rate` int(11) NOT NULL,
  `review` longtext NOT NULL,
  `active` int(11) NOT NULL DEFAULT '0',
  `review_date` timestamp NOT NULL DEFAULT CURRENT_TIMESTAMP ON UPDATE CURRENT_TIMESTAMP,
  `createdAt` timestamp NULL DEFAULT CURRENT_TIMESTAMP,
  `updatedAt` timestamp NULL DEFAULT CURRENT_TIMESTAMP,
  PRIMARY KEY (`reviewunkid`),
  KEY `review_vendor_idx` (`vendorunkid`),
  KEY `review_cus_idx` (`cusunkid`),
  CONSTRAINT `review_cus` FOREIGN KEY (`cusunkid`) REFERENCES `cus` (`cusunkid`) ON DELETE NO ACTION ON UPDATE NO ACTION,
  CONSTRAINT `review_vendor` FOREIGN KEY (`vendorunkid`) REFERENCES `vendor` (`vendorunkid`) ON DELETE NO ACTION ON UPDATE NO ACTION
) ENGINE=InnoDB DEFAULT CHARSET=latin1;
/*!40101 SET character_set_client = @saved_cs_client */;

--
-- Dumping data for table `reviews`
--

LOCK TABLES `reviews` WRITE;
/*!40000 ALTER TABLE `reviews` DISABLE KEYS */;
INSERT INTO `reviews` VALUES (500000002,500000014,500000002,4,'Food was really amazing.',0,'2015-12-22 07:57:23','2018-03-11 04:42:30','2018-03-11 04:42:30'),(500000003,500000014,500000002,5,'Sahyog food was on time and it was superb',0,'2015-12-22 07:58:08','2018-03-11 04:42:30','2018-03-11 04:42:30');
/*!40000 ALTER TABLE `reviews` ENABLE KEYS */;
UNLOCK TABLES;

--
-- Table structure for table `search`
--

DROP TABLE IF EXISTS `search`;
/*!40101 SET @saved_cs_client     = @@character_set_client */;
/*!40101 SET character_set_client = utf8 */;
CREATE TABLE `search` (
  `res` varchar(50) DEFAULT NULL,
  `home_experience` longtext,
  `createdAt` timestamp NULL DEFAULT CURRENT_TIMESTAMP,
  `updatedAt` timestamp NULL DEFAULT CURRENT_TIMESTAMP
) ENGINE=InnoDB DEFAULT CHARSET=latin1;
/*!40101 SET character_set_client = @saved_cs_client */;

--
-- Dumping data for table `search`
--

LOCK TABLES `search` WRITE;
/*!40000 ALTER TABLE `search` DISABLE KEYS */;
INSERT INTO `search` VALUES ('sahyog','<center>\n			<ul class=\"list-inline\">\n				<li class=\"recipe-round\"><div class=\"recipe-inner-round\"><img class=\"recipe-inner-round recipe-round1\" src=\"images/food/punjabi.jpg\"></div></li>\n				<li class=\"recipe-round\"><div class=\"recipe-inner-round\"><img class=\"recipe-inner-round recipe-round2\" src=\"images/food/happy-birthday-cake.jpg\"></div></li>\n				<li class=\"recipe-round\"><div class=\"recipe-inner-round\"><img class=\"recipe-inner-round recipe-round3\" src=\"images/food/shutterstock_84904912.jpg\"></div></li>\n				<li class=\"recipe-round recipe-round-active\"><div class=\"recipe-inner-round\"><img class=\"recipe-inner-round recipe-round4\" src=\"images/food/appetizers_03.jpg\"></div></li>\n				<li class=\"recipe-round\"><div class=\"recipe-inner-round\"><img class=\"recipe-inner-round recipe-round6\" src=\"images/food/Hakka-Noodles-Recipe.jpg\"></div></li>\n				<li class=\"recipe-round\"><div class=\"recipe-inner-round\"><img class=\"recipe-inner-round recipe-round5\" src=\"images/food/south_indian.jpg\"></div></li>\n				<li class=\"recipe-round\"><div class=\"recipe-inner-round\"><img class=\"recipe-inner-round recipe-round7\" src=\"images/food/mexican.jpg\"></div></li>\n			</ul>\n		</center>','2018-03-11 04:42:30','2018-03-11 04:42:31'),('dawat',NULL,'2018-03-11 04:42:30','2018-03-11 04:42:31'),('avkul',NULL,'2018-03-11 04:42:30','2018-03-11 04:42:31'),('decent',NULL,'2018-03-11 04:42:30','2018-03-11 04:42:31'),('avadh',NULL,'2018-03-11 04:42:30','2018-03-11 04:42:31'),('kalarav',NULL,'2018-03-11 04:42:30','2018-03-11 04:42:31'),('honest',NULL,'2018-03-11 04:42:30','2018-03-11 04:42:31'),('alpha',NULL,'2018-03-11 04:42:30','2018-03-11 04:42:31'),('dominos',NULL,'2018-03-11 04:42:30','2018-03-11 04:42:31'),('subway',NULL,'2018-03-11 04:42:30','2018-03-11 04:42:31'),('red apple',NULL,'2018-03-11 04:42:30','2018-03-11 04:42:31'),('utsav',NULL,'2018-03-11 04:42:30','2018-03-11 04:42:31'),('bombay vadapau',NULL,'2018-03-11 04:42:30','2018-03-11 04:42:31'),('shreeji vadapau',NULL,'2018-03-11 04:42:30','2018-03-11 04:42:31'),('bombay paubhaji',NULL,'2018-03-11 04:42:30','2018-03-11 04:42:31'),('cheese and chips',NULL,'2018-03-11 04:42:30','2018-03-11 04:42:31'),('satyanarayan icecream',NULL,'2018-03-11 04:42:30','2018-03-11 04:42:31'),('havmor icecream',NULL,'2018-03-11 04:42:30','2018-03-11 04:42:31'),('amul icecream',NULL,'2018-03-11 04:42:30','2018-03-11 04:42:31'),('chatkaaz',NULL,'2018-03-11 04:42:30','2018-03-11 04:42:31'),('sankalp',NULL,'2018-03-11 04:42:30','2018-03-11 04:42:31'),('ankit burger',NULL,'2018-03-11 04:42:30','2018-03-11 04:42:31'),('real foodzone',NULL,'2018-03-11 04:42:30','2018-03-11 04:42:31'),('saffron',NULL,'2018-03-11 04:42:30','2018-03-11 04:42:31'),('radhika',NULL,'2018-03-11 04:42:30','2018-03-11 04:42:31'),('relish world','','2018-03-11 04:42:30','2018-03-11 04:42:31');
/*!40000 ALTER TABLE `search` ENABLE KEYS */;
UNLOCK TABLES;

--
-- Table structure for table `sessions`
--

DROP TABLE IF EXISTS `sessions`;
/*!40101 SET @saved_cs_client     = @@character_set_client */;
/*!40101 SET character_set_client = utf8 */;
CREATE TABLE `sessions` (
  `session_id` varchar(128) CHARACTER SET utf8mb4 COLLATE utf8mb4_bin NOT NULL,
  `expires` int(11) unsigned NOT NULL,
  `data` text CHARACTER SET utf8mb4 COLLATE utf8mb4_bin,
  `createdAt` timestamp NULL DEFAULT CURRENT_TIMESTAMP ON UPDATE CURRENT_TIMESTAMP,
  `updatedAt` timestamp NULL DEFAULT CURRENT_TIMESTAMP,
  PRIMARY KEY (`session_id`)
) ENGINE=InnoDB DEFAULT CHARSET=latin1;
/*!40101 SET character_set_client = @saved_cs_client */;

--
-- Dumping data for table `sessions`
--

LOCK TABLES `sessions` WRITE;
/*!40000 ALTER TABLE `sessions` DISABLE KEYS */;
INSERT INTO `sessions` VALUES ('644C9CRSoAefKKVxu2JsITXk0nFVrHj6',1524474255,'{\"cookie\":{\"originalMaxAge\":null,\"expires\":null,\"httpOnly\":true,\"path\":\"/\"},\"cart\":[{\"itemid\":\"8\",\"qty\":\"4\",\"food_diet\":\"Vegetarian\",\"food_taste\":\"Medium\",\"extra\":[]}]}','2018-04-22 09:04:14','2018-04-09 05:09:21');
/*!40000 ALTER TABLE `sessions` ENABLE KEYS */;
UNLOCK TABLES;

--
-- Table structure for table `subitems`
--

DROP TABLE IF EXISTS `subitems`;
/*!40101 SET @saved_cs_client     = @@character_set_client */;
/*!40101 SET character_set_client = utf8 */;
CREATE TABLE `subitems` (
  `subitemid` int(11) NOT NULL,
  `itemid` int(11) NOT NULL,
  `item_name` varchar(255) NOT NULL,
  `item_price` int(11) DEFAULT NULL,
  `category` varchar(45) DEFAULT NULL,
  `subitem_type` varchar(45) NOT NULL,
  `min` int(11) DEFAULT NULL,
  `max` int(11) DEFAULT NULL,
  `createdAt` timestamp NULL DEFAULT CURRENT_TIMESTAMP,
  `updatedAt` timestamp NULL DEFAULT CURRENT_TIMESTAMP,
  PRIMARY KEY (`subitemid`),
  KEY `hasitemid_idx` (`itemid`),
  CONSTRAINT `hasitemid` FOREIGN KEY (`itemid`) REFERENCES `items` (`id`) ON DELETE NO ACTION ON UPDATE NO ACTION
) ENGINE=InnoDB DEFAULT CHARSET=latin1;
/*!40101 SET character_set_client = @saved_cs_client */;

--
-- Dumping data for table `subitems`
--

LOCK TABLES `subitems` WRITE;
/*!40000 ALTER TABLE `subitems` DISABLE KEYS */;
INSERT INTO `subitems` VALUES (500000001,1,'Multigrain',NULL,'Bread','radio',NULL,NULL,'2018-03-11 04:43:17','2018-03-11 04:43:17'),(500000002,1,'Lettuce',NULL,'Toppings','checkbox',NULL,NULL,'2018-03-11 04:43:17','2018-03-11 04:43:17'),(500000003,1,'Tomato',NULL,'Toppings','checkbox',NULL,NULL,'2018-03-11 04:43:17','2018-03-11 04:43:17'),(500000004,1,'Cucumber',NULL,'Toppings','checkbox',NULL,NULL,'2018-03-11 04:43:17','2018-03-11 04:43:17'),(500000005,1,'Onion',NULL,'Toppings','checkbox',NULL,NULL,'2018-03-11 04:43:17','2018-03-11 04:43:17'),(500000006,1,'Olives',NULL,'Toppings','checkbox',NULL,NULL,'2018-03-11 04:43:17','2018-03-11 04:43:17'),(500000007,1,'Chilly',NULL,'Sauces','checkbox',NULL,NULL,'2018-03-11 04:43:17','2018-03-11 04:43:17'),(500000008,1,'Lite Mayonnaise',NULL,'Sauces','checkbox',NULL,NULL,'2018-03-11 04:43:17','2018-03-11 04:43:17'),(500000009,1,'American Mustard',NULL,'Sauces','checkbox',NULL,NULL,'2018-03-11 04:43:17','2018-03-11 04:43:17'),(500000010,1,'Chipotle Southwest',NULL,'Sauces','checkbox',NULL,NULL,'2018-03-11 04:43:17','2018-03-11 04:43:17'),(500000011,1,'Sweet Onion',NULL,'Sauces','checkbox',NULL,NULL,'2018-03-11 04:43:17','2018-03-11 04:43:17'),(500000012,1,'Barbeque',NULL,'Sauces','checkbox',NULL,NULL,'2018-03-11 04:43:17','2018-03-11 04:43:17'),(500000013,1,'Mint Mayonaise',NULL,'Sauces','checkbox',NULL,NULL,'2018-03-11 04:43:17','2018-03-11 04:43:17'),(500000014,1,'Extra Cheese - Foot Long',30,'Extras','checkbox',NULL,NULL,'2018-03-11 04:43:17','2018-03-11 04:43:17'),(500000015,1,'Extra Veggie - Foot Long',70,'Extras','checkbox',NULL,NULL,'2018-03-11 04:43:17','2018-03-11 04:43:17'),(500000016,1,'Extra Patty',35,'Extras','checkbox',NULL,NULL,'2018-03-11 04:43:17','2018-03-11 04:43:17'),(500000017,1,'White Italian',NULL,'bread','radio',NULL,NULL,'2018-03-11 04:43:17','2018-03-11 04:43:17');
/*!40000 ALTER TABLE `subitems` ENABLE KEYS */;
UNLOCK TABLES;

--
-- Table structure for table `vendor`
--

DROP TABLE IF EXISTS `vendor`;
/*!40101 SET @saved_cs_client     = @@character_set_client */;
/*!40101 SET character_set_client = utf8 */;
CREATE TABLE `vendor` (
  `vendorunkid` int(11) NOT NULL,
  `vendor_url` varchar(70) DEFAULT NULL,
  `vendor_fullurl` mediumtext NOT NULL,
  `vendor_name` varchar(45) NOT NULL,
  `address` varchar(500) DEFAULT NULL,
  `imgsrc` mediumtext,
  `dp` mediumtext,
  `area` varchar(45) NOT NULL DEFAULT 'Mota-Bazar',
  `city` varchar(40) NOT NULL DEFAULT 'Anand',
  `zipcode` varchar(15) NOT NULL DEFAULT '388120',
  `isactive` tinyint(1) NOT NULL DEFAULT '0',
  `birthdate` date DEFAULT NULL,
  `anniversarydate` date DEFAULT NULL,
  `note` longtext,
  `price` int(11) NOT NULL DEFAULT '0',
  `speciality` varchar(1000) DEFAULT NULL,
  `veg` int(1) NOT NULL DEFAULT '1',
  `jain` int(1) NOT NULL DEFAULT '0',
  `swaminarayan` int(1) NOT NULL DEFAULT '0',
  `non_veg` int(1) NOT NULL DEFAULT '0',
  `del_time` varchar(255) NOT NULL DEFAULT '30 Minutes',
  `tax` float DEFAULT NULL,
  `createdAt` timestamp NULL DEFAULT CURRENT_TIMESTAMP,
  `updatedAt` timestamp NULL DEFAULT CURRENT_TIMESTAMP,
  PRIMARY KEY (`vendorunkid`),
  UNIQUE KEY `seller` (`vendor_url`,`city`),
  KEY `name` (`vendor_name`),
  KEY `city` (`city`)
) ENGINE=InnoDB DEFAULT CHARSET=latin1;
/*!40101 SET character_set_client = @saved_cs_client */;

--
-- Dumping data for table `vendor`
--

LOCK TABLES `vendor` WRITE;
/*!40000 ALTER TABLE `vendor` DISABLE KEYS */;
INSERT INTO `vendor` VALUES (500000001,'decent','http://www.foodfire.in/vendor/anand/decent','decent','Sanket tower, town hall, anand','/images/assets/res3.png','background: url(images/assets/res3.png) no-repeat center center','town-hall','Anand','',1,NULL,NULL,'one of the best punjabi hotel in anand',1,'Punjabi',0,0,0,0,'30',NULL,'2018-03-11 04:43:17','2018-03-11 04:43:17'),(500000002,'sahyog-motabazar','http://www.foodfire.in/vendor/anand/sahyog-motabazar','sahyog - motabazar','Motabazar, vidyanagar','/images/assets/Dynamite_Lounge_New.jpg','background: url(images/assets/U_S_Pizza.png) no-repeat 6px 21px','mota bazar','Anand','',1,NULL,NULL,'Situated in nearest place and very nice',2,'',1,0,0,1,'20',2.5,'2018-03-11 04:43:17','2018-03-11 04:43:17'),(500000003,'avkul','http://www.foodfire.in/vendor/anand/avkul','avkul','Janta chowkdi, vidyanagar','/images/assets/res3.png','background: url(images/assets/res3.png) no-repeat center center','janta','Anand','',1,NULL,NULL,'Best price for you',5,'Punjabi, Pizza, Sandwich, Burger',1,1,1,0,'25',NULL,'2018-03-11 04:43:17','2018-03-11 04:43:17'),(500000004,'kalrav','http://www.foodfire.in/vendor/anand/kalrav','kalrav','Opposite amul dairy, anand','/images/assets/Dynamite_Lounge_New.jpg','background: url(images/assets/U_S_Pizza.png) no-repeat 6px 21px','Amul dairy road','Anand','',1,NULL,NULL,'Get best quality',3,'Punjabi, Chinese, Italian, Mexican',1,1,0,0,'40',5.6,'2018-03-11 04:43:17','2018-03-11 04:43:17'),(500000005,'noon-2-night','http://www.foodfire.in/vendor/anand/noon-2-night','noon 2 night','opposite Town hall, anand','/images/assets/res3.png','background: url(images/assets/res3.png) no-repeat center center','town hall','Anand','',1,NULL,NULL,'spend your time with your loved ones',3,'Dabeli, Vadapav, Sandwich, Punjabi, Chinese',1,0,1,0,'20',NULL,'2018-03-11 04:43:17','2018-03-11 04:43:17'),(500000006,'real peprika','http://www.foodfire.in/vendor/anand/real%20peprika','real peprika','near bhaikaka, mota bazar, vidyanagar','/images/assets/U_S_Pizza.png','background: url(images/assets/U_S_Pizza.png) no-repeat 6px 21px','mota bazar','Anand','',1,NULL,NULL,'Exceelent pizza in city',4,'Punjabi, Chinese, Kathiyawadi, Continental',1,1,1,1,'15',NULL,'2018-03-11 04:43:17','2018-03-11 04:43:17'),(500000007,'Dawat','http://www.foodfire.in/vendor/anand/dawat','Dawat','near bhaikaka, mota bazar, vidyanagar','/images/assets/res3.png','background: url(images/assets/res3.png) no-repeat center center','Bhaikaka Chowkadi','Anand','',1,NULL,NULL,'Very nice',4,'Punjabi, South Indian, Chinese, Italian, Fast Food, Chaat',1,0,1,1,'30',NULL,'2018-03-11 04:43:17','2018-03-11 04:43:17'),(500000008,'Radhika','http://www.foodfire.in/vendor/anand/radhika','Radhika','Opp. mazda, Anand vidyanagar road','/images/assets/res3.png',NULL,'Anand Vidyanagar Road','Anand','388001',1,NULL,NULL,'',2,'Punjabi, Chinese',1,1,0,0,'30',NULL,'2018-03-11 04:43:17','2018-03-11 04:43:17');
/*!40000 ALTER TABLE `vendor` ENABLE KEYS */;
UNLOCK TABLES;

--
-- Table structure for table `vendor_time`
--

DROP TABLE IF EXISTS `vendor_time`;
/*!40101 SET @saved_cs_client     = @@character_set_client */;
/*!40101 SET character_set_client = utf8 */;
CREATE TABLE `vendor_time` (
  `vendorunkid` int(11) NOT NULL,
  `day` varchar(45) NOT NULL,
  `open` time NOT NULL,
  `close` time NOT NULL,
  `createdAt` timestamp NULL DEFAULT CURRENT_TIMESTAMP,
  `updatedAt` timestamp NULL DEFAULT CURRENT_TIMESTAMP,
  KEY `vendortime_idx` (`vendorunkid`),
  CONSTRAINT `vendortime` FOREIGN KEY (`vendorunkid`) REFERENCES `vendor` (`vendorunkid`) ON DELETE NO ACTION ON UPDATE NO ACTION
) ENGINE=InnoDB DEFAULT CHARSET=latin1;
/*!40101 SET character_set_client = @saved_cs_client */;

--
-- Dumping data for table `vendor_time`
--

LOCK TABLES `vendor_time` WRITE;
/*!40000 ALTER TABLE `vendor_time` DISABLE KEYS */;
INSERT INTO `vendor_time` VALUES (500000002,'Monday','11:00:00','14:30:00','2018-03-11 04:43:17','2018-03-11 04:43:17'),(500000002,'Monday','19:00:00','23:00:00','2018-03-11 04:43:17','2018-03-11 04:43:17');
/*!40000 ALTER TABLE `vendor_time` ENABLE KEYS */;
UNLOCK TABLES;

--
-- Dumping events for database 'foodfire2'
--

--
-- Dumping routines for database 'foodfire2'
--
/*!50003 DROP FUNCTION IF EXISTS `get_nextid` */;
/*!50003 SET @saved_cs_client      = @@character_set_client */ ;
/*!50003 SET @saved_cs_results     = @@character_set_results */ ;
/*!50003 SET @saved_col_connection = @@collation_connection */ ;
/*!50003 SET character_set_client  = utf8 */ ;
/*!50003 SET character_set_results = utf8 */ ;
/*!50003 SET collation_connection  = utf8_general_ci */ ;
/*!50003 SET @saved_sql_mode       = @@sql_mode */ ;
/*!50003 SET sql_mode              = 'ONLY_FULL_GROUP_BY,STRICT_TRANS_TABLES,NO_ZERO_IN_DATE,NO_ZERO_DATE,ERROR_FOR_DIVISION_BY_ZERO,NO_AUTO_CREATE_USER,NO_ENGINE_SUBSTITUTION' */ ;
DELIMITER ;;
CREATE DEFINER=`root`@`localhost` FUNCTION `get_nextid`(tblname VARCHAR(255)) RETURNS int(11)
BEGIN
	DECLARE lunkid BIGINT;
	DECLARE pre VARCHAR(20);
	DECLARE id VARCHAR(20);
	
	SELECT lastunkid INTO lunkid FROM identity WHERE tbl_name=tblname;
	SET lunkid = lunkid + 1;
	
	UPDATE identity SET lastunkid=lunkid WHERE tbl_name=tblname;
	SELECT CONCAT(5 , LPAD(lunkid,8,'0') ) INTO id ;
	
	SET lunkid = id;
	
	RETURN lunkid;
END ;;
DELIMITER ;
/*!50003 SET sql_mode              = @saved_sql_mode */ ;
/*!50003 SET character_set_client  = @saved_cs_client */ ;
/*!50003 SET character_set_results = @saved_cs_results */ ;
/*!50003 SET collation_connection  = @saved_col_connection */ ;
/*!40103 SET TIME_ZONE=@OLD_TIME_ZONE */;

/*!40101 SET SQL_MODE=@OLD_SQL_MODE */;
/*!40014 SET FOREIGN_KEY_CHECKS=@OLD_FOREIGN_KEY_CHECKS */;
/*!40014 SET UNIQUE_CHECKS=@OLD_UNIQUE_CHECKS */;
/*!40101 SET CHARACTER_SET_CLIENT=@OLD_CHARACTER_SET_CLIENT */;
/*!40101 SET CHARACTER_SET_RESULTS=@OLD_CHARACTER_SET_RESULTS */;
/*!40101 SET COLLATION_CONNECTION=@OLD_COLLATION_CONNECTION */;
/*!40111 SET SQL_NOTES=@OLD_SQL_NOTES */;

-- Dump completed on 2018-04-22  2:18:53
